key,match_id,season,block,date,cutoff,block_cutoff,staleness_days,home_key,away_key,y,rps_fresh,rps_block,delta
2023-02-18|20260611|9f2e086d39ae4b855ba21604367109e8e9ce00f96010c5ec65c380d317986abc,000a90aad8d3b6d1,2022/23,2022/23|2023W07,2023-02-18,2023-02-18,2023-02-13,5,newcastle,liverpool,2,0.1532390110089617,0.15536139972097965,-0.0021223887120179474
2021-09-19|20260611|9f2e086d39ae4b855ba21604367109e8e9ce00f96010c5ec65c380d317986abc,003d37efc3c7e69f,2021/22,2021/22|2021W37,2021-09-19,2021-09-19,2021-09-13,6,brighton,leicester,0,0.3546113898499076,0.35600954536300805,-0.001398155513100463
2023-05-07|20260611|9f2e086d39ae4b855ba21604367109e8e9ce00f96010c5ec65c380d317986abc,007c218284896d4d,2022/23,2022/23|2023W18,2023-05-07,2023-05-07,2023-05-01,6,newcastle,arsenal,2,0.23225534341899962,0.23751463740492862,-0.005259293985929003
2020-07-01|20260611|9f2e086d39ae4b855ba21604367109e8e9ce00f96010c5ec65c380d317986abc,008341cf425b53cf,2019/20,2019/20|2020W27,2020-07-01,2020-07-01,2020-06-29,2,everton,leicester,0,0.27799092441411927,0.2764714615505237,0.0015194628635955554
2023-12-02|20260611|9f2e086d39ae4b855ba21604367109e8e9ce00f96010c5ec65c380d317986abc,00b6fc8e180544e3,2023/24,2023/24|2023W48,2023-12-02,2023-12-02,2023-11-27,5,burnley,sheffield_united,0,0.16232538679503172,0.16204280695703227,0.00028257983799945263
2023-04-26|20260611|9f2e086d39ae4b855ba21604367109e8e9ce00f96010c5ec65c380d317986abc,00bca79c2657b2d8,2022/23,2022/23|2023W17,2023-04-26,2023-04-26,2023-04-25,1,man_city,arsenal,0,0.06949618169358501,0.07020433940384452,-0.0007081577102595049
2021-05-09|20260611|9f2e086d39ae4b855ba21604367109e8e9ce00f96010c5ec65c380d317986abc,00e0f616b83c9ca8,2020/21,2020/21|2021W18,2021-05-09,2021-05-09,2021-05-03,6,arsenal,west_brom,0,0.050283024984787844,0.04841787305413144,0.0018651519306564016
2022-10-08|20260611|9f2e086d39ae4b855ba21604367109e8e9ce00f96010c5ec65c380d317986abc,01560cde8c17dbbc,2022/23,2022/23|2022W40,2022-10-08,2022-10-08,2022-10-03,5,bournemouth,leicester,0,0.42551703222067455,0.4143386546111353,0.01117837760953927
2020-02-01|20260611|9f2e086d39ae4b855ba21604367109e8e9ce00f96010c5ec65c380d317986abc,01643ba84313afb4,2019/20,2019/20|2020W05,2020-02-01,2020-02-01,2020-01-29,3,newcastle,norwich,1,0.18029754761332842,0.1802623700148561,3.51775984723246e-05
2022-08-31|20260611|9f2e086d39ae4b855ba21604367109e8e9ce00f96010c5ec65c380d317986abc,016d0c7470ea6555,2022/23,2022/23|2022W35,2022-08-31,2022-08-31,2022-08-30,1,liverpool,newcastle,0,0.024600741758802502,0.024985150786242645,-0.00038440902744014266
2021-09-18|20260611|9f2e086d39ae4b855ba21604367109e8e9ce00f96010c5ec65c380d317986abc,01ae5b0f97e9d3c2,2021/22,2021/22|2021W37,2021-09-18,2021-09-18,2021-09-13,5,liverpool,crystal_palace,0,0.026886367549499305,0.026995108026110895,-0.00010874047661159
2022-05-15|20260611|9f2e086d39ae4b855ba21604367109e8e9ce00f96010c5ec65c380d317986abc,01c1e057e8e807c0,2021/22,2021/22|2022W19,2022-05-15,2022-05-15,2022-05-10,5,everton,brentford,2,0.291713672578765,0.29417902202305524,-0.0024653494442902213
2022-10-09|20260611|9f2e086d39ae4b855ba21604367109e8e9ce00f96010c5ec65c380d317986abc,01ece3c9d00fb1b0,2022/23,2022/23|2022W40,2022-10-09,2022-10-09,2022-10-03,6,everton,man_united,2,0.17564445938769532,0.17315298104796495,0.002491478339730374
2023-05-28|20260611|9f2e086d39ae4b855ba21604367109e8e9ce00f96010c5ec65c380d317986abc,0218e7baf7581e88,2022/23,2022/23|2023W21,2023-05-28,2023-05-28,2023-05-22,6,arsenal,wolves,0,0.05858214896638103,0.059122167156673004,-0.0005400181902919729
2020-07-26|20260611|9f2e086d39ae4b855ba21604367109e8e9ce00f96010c5ec65c380d317986abc,022583df08fdee31,2019/20,2019/20|2020W30,2020-07-26,2020-07-26,2020-07-20,6,everton,bournemouth,2,0.5115141087265562,0.5006800536146163,0.010834055111939911
2025-03-16|20260611|9f2e086d39ae4b855ba21604367109e8e9ce00f96010c5ec65c380d317986abc,022d204c7d8f30a9,2024/25,2024/25|2025W11,2025-03-16,2025-03-16,2025-03-10,6,leicester,man_united,2,0.13334267984255124,0.134545922849165,-0.0012032430066137578
2022-05-07|20260611|9f2e086d39ae4b855ba21604367109e8e9ce00f96010c5ec65c380d317986abc,022f80412d8f500c,2021/22,2021/22|2022W18,2022-05-07,2022-05-07,2022-05-02,5,liverpool,tottenham,1,0.21367935246145925,0.21315083820638284,0.0005285142550764121
2025-04-12|20260611|9f2e086d39ae4b855ba21604367109e8e9ce00f96010c5ec65c380d317986abc,029395f679f2008b,2024/25,2024/25|2025W15,2025-04-12,2025-04-12,2025-04-07,5,southampton,aston_villa,2,0.05531060212261692,0.05560660309246865,-0.0002960009698517313
2022-08-21|20260611|9f2e086d39ae4b855ba21604367109e8e9ce00f96010c5ec65c380d317986abc,02f1d8a5ea7f0533,2022/23,2022/23|2022W33,2022-08-21,2022-08-21,2022-08-15,6,leeds,chelsea,0,0.5455905216365668,0.5442376572622593,0.001352864374307594
2023-02-25|20260611|9f2e086d39ae4b855ba21604367109e8e9ce00f96010c5ec65c380d317986abc,030f11d24ebe261b,2022/23,2022/23|2023W08,2023-02-25,2023-02-25,2023-02-24,1,bournemouth,man_city,2,0.01192521043122165,0.011953325078463401,-2.8114647241750737e-05
2022-04-10|20260611|9f2e086d39ae4b855ba21604367109e8e9ce00f96010c5ec65c380d317986abc,032376a0d6fb5cc2,2021/22,2021/22|2022W14,2022-04-10,2022-04-10,2022-04-04,6,norwich,burnley,0,0.4427127713159329,0.42925993713546645,0.013452834180466444
2022-10-09|20260611|9f2e086d39ae4b855ba21604367109e8e9ce00f96010c5ec65c380d317986abc,0359d33f02774307,2022/23,2022/23|2022W40,2022-10-09,2022-10-09,2022-10-03,6,crystal_palace,leeds,0,0.17022414857064688,0.17377970122824726,-0.0035555526576003804
2023-01-03|20260611|9f2e086d39ae4b855ba21604367109e8e9ce00f96010c5ec65c380d317986abc,0367e7f1b260be64,2022/23,2022/23|2023W01,2023-01-03,2023-01-03,2023-01-02,1,leicester,fulham,2,0.4256173736230334,0.4240478379998695,0.0015695356231639201
2021-12-11|20260611|9f2e086d39ae4b855ba21604367109e8e9ce00f96010c5ec65c380d317986abc,03a19cf1e3ac41b9,2021/22,2021/22|2021W49,2021-12-11,2021-12-11,2021-12-06,5,norwich,man_united,2,0.029230392671232248,0.029009473128144794,0.00022091954308745346
2023-02-26|20260611|9f2e086d39ae4b855ba21604367109e8e9ce00f96010c5ec65c380d317986abc,03c554289dc0cf4c,2022/23,2022/23|2023W08,2023-02-26,2023-02-26,2023-02-24,2,tottenham,chelsea,0,0.19179533490883538,0.19285182517754884,-0.0010564902687134614
2025-02-16|20260611|9f2e086d39ae4b855ba21604367109e8e9ce00f96010c5ec65c380d317986abc,03c6c5716ec1299a,2024/25,2024/25|2025W07,2025-02-16,2025-02-16,2025-02-12,4,tottenham,man_united,0,0.17098367807861187,0.17201085764481305,-0.0010271795662011862
2025-04-03|20260611|9f2e086d39ae4b855ba21604367109e8e9ce00f96010c5ec65c380d317986abc,044641da898c2225,2024/25,2024/25|2025W14,2025-04-03,2025-04-03,2025-04-01,2,chelsea,tottenham,0,0.185521338535311,0.18430316211619469,0.0012181764191163125
2025-04-02|20260611|9f2e086d39ae4b855ba21604367109e8e9ce00f96010c5ec65c380d317986abc,0456d8eaf2ba6983,2024/25,2024/25|2025W14,2025-04-02,2025-04-02,2025-04-01,1,brighton,aston_villa,2,0.3099512761516302,0.3093779935194065,0.0005732826322237261
2020-07-12|20260611|9f2e086d39ae4b855ba21604367109e8e9ce00f96010c5ec65c380d317986abc,045b4c64da32ee65,2019/20,2019/20|2020W28,2020-07-12,2020-07-12,2020-07-06,6,tottenham,arsenal,0,0.1756763335463553,0.17513105864902928,0.0005452748973260313
2024-02-24|20260611|9f2e086d39ae4b855ba21604367109e8e9ce00f96010c5ec65c380d317986abc,047f2b32ec3e5434,2023/24,2023/24|2024W08,2024-02-24,2024-02-24,2024-02-19,5,brighton,everton,1,0.17790428509998163,0.1774580021523545,0.0004462829476271357
2024-04-25|20260611|9f2e086d39ae4b855ba21604367109e8e9ce00f96010c5ec65c380d317986abc,04983781381cfde5,2023/24,2023/24|2024W17,2024-04-25,2024-04-25,2024-04-23,2,brighton,man_city,2,0.07495572368123364,0.07382791856665526,0.001127805114578384
2023-04-09|20260611|9f2e086d39ae4b855ba21604367109e8e9ce00f96010c5ec65c380d317986abc,04a60e031a06e529,2022/23,2022/23|2023W14,2023-04-09,2023-04-09,2023-04-03,6,leeds,crystal_palace,2,0.30926823666304987,0.30771752371708044,0.0015507129459694236
2022-04-30|20260611|9f2e086d39ae4b855ba21604367109e8e9ce00f96010c5ec65c380d317986abc,04acc079302eb83a,2021/22,2021/22|2022W17,2022-04-30,2022-04-30,2022-04-25,5,southampton,crystal_palace,2,0.2638581721476004,0.26053983251251717,0.0033183396350832117
2023-02-25|20260611|9f2e086d39ae4b855ba21604367109e8e9ce00f96010c5ec65c380d317986abc,04c3fcef823ebae4,2022/23,2022/23|2023W08,2023-02-25,2023-02-25,2023-02-24,1,leicester,arsenal,2,0.1599128306074874,0.1601229755101946,-0.00021014490270720998
2021-10-31|20260611|9f2e086d39ae4b855ba21604367109e8e9ce00f96010c5ec65c380d317986abc,04e0279c96bdb2b2,2021/22,2021/22|2021W43,2021-10-31,2021-10-31,2021-10-30,1,aston_villa,west_ham,2,0.2256562301454661,0.23109620807825285,-0.005439977932786749
2023-12-30|20260611|9f2e086d39ae4b855ba21604367109e8e9ce00f96010c5ec65c380d317986abc,050e2463b59e4d19,2023/24,2023/24|2023W52,2023-12-30,2023-12-30,2023-12-26,4,luton,chelsea,2,0.14794038765040363,0.14142136829326024,0.006519019357143385
2021-10-02|20260611|9f2e086d39ae4b855ba21604367109e8e9ce00f96010c5ec65c380d317986abc,0523880c7b9c7ebd,2021/22,2021/22|2021W39,2021-10-02,2021-10-02,2021-09-27,5,chelsea,southampton,0,0.04870194787642923,0.048790056409065,-8.810853263577223e-05
2023-12-09|20260611|9f2e086d39ae4b855ba21604367109e8e9ce00f96010c5ec65c380d317986abc,052bae12472977aa,2023/24,2023/24|2023W49,2023-12-09,2023-12-09,2023-12-05,4,wolves,nottm_forest,1,0.15248057837731527,0.14352822904221813,0.008952349335097143
2024-04-27|20260611|9f2e086d39ae4b855ba21604367109e8e9ce00f96010c5ec65c380d317986abc,052e73f96441f77d,2023/24,2023/24|2024W17,2024-04-27,2024-04-27,2024-04-23,4,wolves,luton,0,0.14407269392896244,0.13783619191099644,0.006236502017965995
2024-11-24|20260611|9f2e086d39ae4b855ba21604367109e8e9ce00f96010c5ec65c380d317986abc,0530d1f7ce34cf9c,2024/25,2024/25|2024W47,2024-11-24,2024-11-24,2024-11-23,1,southampton,liverpool,2,0.025502020726074253,0.02644410660635006,-0.0009420858802758059
2022-12-27|20260611|9f2e086d39ae4b855ba21604367109e8e9ce00f96010c5ec65c380d317986abc,054736c985e76186,2022/23,2022/23|2022W52,2022-12-27,2022-12-27,2022-12-26,1,man_united,nottm_forest,0,0.0337838429823445,0.03211111502731327,0.0016727279550312266
2022-09-04|20260611|9f2e086d39ae4b855ba21604367109e8e9ce00f96010c5ec65c380d317986abc,0547c57e7c9b8008,2022/23,2022/23|2022W35,2022-09-04,2022-09-04,2022-08-30,5,brighton,leicester,0,0.24792206587544763,0.24730708796329773,0.0006149779121498999
2025-02-22|20260611|9f2e086d39ae4b855ba21604367109e8e9ce00f96010c5ec65c380d317986abc,055a1149dc1754d6,2024/25,2024/25|2025W08,2025-02-22,2025-02-22,2025-02-19,3,southampton,brighton,2,0.0891882914789969,0.08969470080108259,-0.0005064093220856908
2022-10-19|20260611|9f2e086d39ae4b855ba21604367109e8e9ce00f96010c5ec65c380d317986abc,0581b2fbfdb92a04,2022/23,2022/23|2022W42,2022-10-19,2022-10-19,2022-10-18,1,brentford,chelsea,1,0.17024677353918308,0.1704229268863545,-0.00017615334717141495
2020-02-22|20260611|9f2e086d39ae4b855ba21604367109e8e9ce00f96010c5ec65c380d317986abc,0629ba26c45b0f31,2019/20,2019/20|2020W08,2020-02-22,2020-02-22,2020-02-17,5,chelsea,tottenham,0,0.2424759619360919,0.23085704516525304,0.011618916770838844
2022-10-16|20260611|9f2e086d39ae4b855ba21604367109e8e9ce00f96010c5ec65c380d317986abc,068d813ec58b108e,2022/23,2022/23|2022W41,2022-10-16,2022-10-16,2022-10-10,6,aston_villa,chelsea,2,0.14355232090151174,0.14550690631162205,-0.0019545854101103155
2020-02-19|20260611|9f2e086d39ae4b855ba21604367109e8e9ce00f96010c5ec65c380d317986abc,06b993009fdabdf4,2019/20,2019/20|2020W08,2020-02-19,2020-02-19,2020-02-17,2,man_city,west_ham,0,0.01030540787876605,0.010251946382272203,5.346149649384721e-05
2022-08-06|20260611|9f2e086d39ae4b855ba21604367109e8e9ce00f96010c5ec65c380d317986abc,06c6a97db05c3b8b,2022/23,2022/23|2022W31,2022-08-06,2022-08-06,2022-08-05,1,leeds,wolves,0,0.28086686883442574,0.2803238725868282,0.0005429962475975159
2023-04-30|20260611|9f2e086d39ae4b855ba21604367109e8e9ce00f96010c5ec65c380d317986abc,06d7ad1afee6e921,2022/23,2022/23|2023W17,2023-04-30,2023-04-30,2023-04-25,5,fulham,man_city,2,0.038019838176360995,0.03918289327527999,-0.0011630550989189942
2022-10-15|20260611|9f2e086d39ae4b855ba21604367109e8e9ce00f96010c5ec65c380d317986abc,0752f7d629029514,2022/23,2022/23|2022W41,2022-10-15,2022-10-15,2022-10-10,5,wolves,nottm_forest,0,0.08406295154823847,0.07865182368816677,0.005411127860071696
2022-10-14|20260611|9f2e086d39ae4b855ba21604367109e8e9ce00f96010c5ec65c380d317986abc,0787355d3d348495,2022/23,2022/23|2022W41,2022-10-14,2022-10-14,2022-10-10,4,brentford,brighton,0,0.2761539894597735,0.2761976187519932,-4.362929221973788e-05
2019-12-15|20260611|9f2e086d39ae4b855ba21604367109e8e9ce00f96010c5ec65c380d317986abc,07c55a8371339df8,2019/20,2019/20|2019W50,2019-12-15,2019-12-15,2019-12-09,6,arsenal,man_city,2,0.09033294461588544,0.08838209614419927,0.0019508484716861674
2023-05-20|20260611|9f2e086d39ae4b855ba21604367109e8e9ce00f96010c5ec65c380d317986abc,07d7a6217ff1aaf7,2022/23,2022/23|2023W20,2023-05-20,2023-05-20,2023-05-15,5,tottenham,brentford,2,0.40496556324159616,0.4048108569834432,0.00015470625815294792
2021-11-06|20260611|9f2e086d39ae4b855ba21604367109e8e9ce00f96010c5ec65c380d317986abc,07d9e8ab5e51bcd8,2021/22,2021/22|2021W44,2021-11-06,2021-11-06,2021-11-01,5,brentford,norwich,2,0.6151322588301974,0.6150573187457666,7.49400844307635e-05
2019-09-21|20260611|9f2e086d39ae4b855ba21604367109e8e9ce00f96010c5ec65c380d317986abc,07de58b0198b4c60,2019/20,2019/20|2019W38,2019-09-21,2019-09-21,2019-09-16,5,man_city,watford,0,0.005205741259475247,0.005196517084467655,9.224175007591269e-06
2023-02-04|20260611|9f2e086d39ae4b855ba21604367109e8e9ce00f96010c5ec65c380d317986abc,07fd58aa8d9bd7a3,2022/23,2022/23|2023W05,2023-02-04,2023-02-04,2023-02-03,1,brighton,bournemouth,0,0.060688957479594664,0.06069462457727439,-5.667097679726285e-06
2020-10-03|20260611|9f2e086d39ae4b855ba21604367109e8e9ce00f96010c5ec65c380d317986abc,0844117b5b9aba00,2020/21,2020/21|2020W40,2020-10-03,2020-10-03,2020-09-28,5,everton,brighton,0,0.12611570667436423,0.12561213040654207,0.0005035762678221589
2020-07-07|20260611|9f2e086d39ae4b855ba21604367109e8e9ce00f96010c5ec65c380d317986abc,0851d3dc156a94af,2019/20,2019/20|2020W28,2020-07-07,2020-07-07,2020-07-06,1,crystal_palace,chelsea,2,0.1718161639521165,0.17200089868994567,-0.0001847347378291786
2024-12-22|20260611|9f2e086d39ae4b855ba21604367109e8e9ce00f96010c5ec65c380d317986abc,08678eb222d5a26c,2024/25,2024/25|2024W51,2024-12-22,2024-12-22,2024-12-16,6,fulham,southampton,1,0.23546501730831382,0.2368967797300685,-0.0014317624217546898
2024-05-14|20260611|9f2e086d39ae4b855ba21604367109e8e9ce00f96010c5ec65c380d317986abc,08d345eebb67c69d,2023/24,2023/24|2024W20,2024-05-14,2024-05-14,2024-05-13,1,tottenham,man_city,2,0.07680931411181531,0.07662436979581841,0.00018494431599690164
2021-08-29|20260611|9f2e086d39ae4b855ba21604367109e8e9ce00f96010c5ec65c380d317986abc,08ff822b50cee988,2021/22,2021/22|2021W34,2021-08-29,2021-08-29,2021-08-23,6,tottenham,watford,0,0.04307536318451541,0.04332094812636906,-0.0002455849418536507
2019-09-21|20260611|9f2e086d39ae4b855ba21604367109e8e9ce00f96010c5ec65c380d317986abc,090e2cb20eafc40c,2019/20,2019/20|2019W38,2019-09-21,2019-09-21,2019-09-16,5,burnley,norwich,0,0.19691526543105653,0.19651999636194256,0.0003952690691139682
2020-07-12|20260611|9f2e086d39ae4b855ba21604367109e8e9ce00f96010c5ec65c380d317986abc,0920a27b236c35ea,2019/20,2019/20|2020W28,2020-07-12,2020-07-12,2020-07-06,6,bournemouth,leicester,0,0.46942872621317916,0.4676824735245844,0.0017462526885947405
2024-08-17|20260611|9f2e086d39ae4b855ba21604367109e8e9ce00f96010c5ec65c380d317986abc,092c64f069626b66,2024/25,2024/25|2024W33,2024-08-17,2024-08-17,2024-08-16,1,west_ham,aston_villa,2,0.2239491873483124,0.2237980009741549,0.00015118637415750813
2021-10-24|20260611|9f2e086d39ae4b855ba21604367109e8e9ce00f96010c5ec65c380d317986abc,093ee3ab227ba67a,2021/22,2021/22|2021W42,2021-10-24,2021-10-24,2021-10-18,6,west_ham,tottenham,0,0.2875848028760588,0.285205477165429,0.0023793257106298205
2023-08-13|20260611|9f2e086d39ae4b855ba21604367109e8e9ce00f96010c5ec65c380d317986abc,09477cebf801ea31,2023/24,2023/24|2023W32,2023-08-13,2023-08-13,2023-08-11,2,chelsea,liverpool,1,0.15276449024789224,0.1571292648548429,-0.004364774606950672
2025-04-16|20260611|9f2e086d39ae4b855ba21604367109e8e9ce00f96010c5ec65c380d317986abc,09491482860a1e0d,2024/25,2024/25|2025W16,2025-04-16,2025-04-16,2025-04-14,2,newcastle,crystal_palace,0,0.13410296173318126,0.1345705455612857,-0.00046758382810443977
2023-04-29|20260611|9f2e086d39ae4b855ba21604367109e8e9ce00f96010c5ec65c380d317986abc,094b4458ee601168,2022/23,2022/23|2023W17,2023-04-29,2023-04-29,2023-04-25,4,crystal_palace,west_ham,0,0.256954239043153,0.24967636050701783,0.007277878536135179
2019-10-06|20260611|9f2e086d39ae4b855ba21604367109e8e9ce00f96010c5ec65c380d317986abc,09af8bd0c472caa8,2019/20,2019/20|2019W40,2019-10-06,2019-10-06,2019-09-30,6,arsenal,bournemouth,0,0.05384860842043369,0.05395599095326525,-0.00010738253283155974
2021-03-06|20260611|9f2e086d39ae4b855ba21604367109e8e9ce00f96010c5ec65c380d317986abc,09b045716149260c,2020/21,2020/21|2021W09,2021-03-06,2021-03-06,2021-03-01,5,burnley,arsenal,1,0.14608487573693002,0.14640014306692967,-0.0003152673299996467
2019-09-15|20260611|9f2e086d39ae4b855ba21604367109e8e9ce00f96010c5ec65c380d317986abc,09b366f43b617eb9,2019/20,2019/20|2019W37,2019-09-15,2019-09-15,2019-09-14,1,bournemouth,everton,0,0.30477199776966896,0.3048834126171258,-0.00011141484745685881
2022-08-14|20260611|9f2e086d39ae4b855ba21604367109e8e9ce00f96010c5ec65c380d317986abc,0a381b51cf4254e6,2022/23,2022/23|2022W32,2022-08-14,2022-08-14,2022-08-13,1,nottm_forest,west_ham,0,0.4702795924479752,0.4724148866406471,-0.0021352941926719438
2025-05-18|20260611|9f2e086d39ae4b855ba21604367109e8e9ce00f96010c5ec65c380d317986abc,0a4b6bf2483be53e,2024/25,2024/25|2025W20,2025-05-18,2025-05-18,2025-05-16,2,everton,southampton,0,0.07238028140566571,0.07268935544780827,-0.00030907404214255974
2021-09-26|20260611|9f2e086d39ae4b855ba21604367109e8e9ce00f96010c5ec65c380d317986abc,0a648575c49a4531,2021/22,2021/22|2021W38,2021-09-26,2021-09-26,2021-09-25,1,southampton,wolves,2,0.28524584664212893,0.2864805798902336,-0.0012347332481046913
2019-12-07|20260611|9f2e086d39ae4b855ba21604367109e8e9ce00f96010c5ec65c380d317986abc,0a9320ebc35d107f,2019/20,2019/20|2019W49,2019-12-07,2019-12-07,2019-12-03,4,tottenham,burnley,0,0.05756178643493363,0.05798992800235387,-0.0004281415674202427
2023-05-14|20260611|9f2e086d39ae4b855ba21604367109e8e9ce00f96010c5ec65c380d317986abc,0abd71360227a513,2022/23,2022/23|2023W19,2023-05-14,2023-05-14,2023-05-08,6,arsenal,brighton,2,0.5183411291649506,0.48858091734407627,0.029760211820874294
2023-11-12|20260611|9f2e086d39ae4b855ba21604367109e8e9ce00f96010c5ec65c380d317986abc,0ad5f8caf5e946d4,2023/24,2023/24|2023W45,2023-11-12,2023-11-12,2023-11-06,6,west_ham,nottm_forest,0,0.1351927331082682,0.13465003529123523,0.0005426978170329777
2020-11-28|20260611|9f2e086d39ae4b855ba21604367109e8e9ce00f96010c5ec65c380d317986abc,0adc28fd4c86dd99,2020/21,2020/21|2020W48,2020-11-28,2020-11-28,2020-11-23,5,man_city,burnley,0,0.0172125770775029,0.015966863289008107,0.0012457137884947928
2021-12-05|20260611|9f2e086d39ae4b855ba21604367109e8e9ce00f96010c5ec65c380d317986abc,0aedcdaec7703aad,2021/22,2021/22|2021W48,2021-12-05,2021-12-05,2021-11-30,5,man_united,crystal_palace,0,0.06524138851656248,0.06898371710314852,-0.003742328586586033
2021-05-16|20260611|9f2e086d39ae4b855ba21604367109e8e9ce00f96010c5ec65c380d317986abc,0b1a1dbae2ae7faf,2020/21,2020/21|2021W19,2021-05-16,2021-05-16,2021-05-10,6,everton,sheffield_united,2,0.557809413159047,0.5628652441059862,-0.005055830946939177
2025-01-16|20260611|9f2e086d39ae4b855ba21604367109e8e9ce00f96010c5ec65c380d317986abc,0b205d2ea4b169e2,2024/25,2024/25|2025W03,2025-01-16,2025-01-16,2025-01-14,2,ipswich,brighton,2,0.16626612377802014,0.16587190377178423,0.00039422000623590137
2024-12-14|20260611|9f2e086d39ae4b855ba21604367109e8e9ce00f96010c5ec65c380d317986abc,0b53e75d664fe2a9,2024/25,2024/25|2024W50,2024-12-14,2024-12-14,2024-12-09,5,nottm_forest,aston_villa,0,0.31718059062314335,0.31725888341431696,-7.829279117360644e-05
2023-03-11|20260611|9f2e086d39ae4b855ba21604367109e8e9ce00f96010c5ec65c380d317986abc,0b57d7cfd8008d7b,2022/23,2022/23|2023W10,2023-03-11,2023-03-11,2023-03-06,5,crystal_palace,man_city,2,0.03933861117512845,0.03928884269529425,4.97684798341988e-05
2020-12-20|20260611|9f2e086d39ae4b855ba21604367109e8e9ce00f96010c5ec65c380d317986abc,0b5b8cee02ea13a1,2020/21,2020/21|2020W51,2020-12-20,2020-12-20,2020-12-15,5,west_brom,aston_villa,2,0.19409087637744502,0.1740732072282689,0.020017669149176104
2023-11-05|20260611|9f2e086d39ae4b855ba21604367109e8e9ce00f96010c5ec65c380d317986abc,0bb28222676b9001,2023/24,2023/24|2023W44,2023-11-05,2023-11-05,2023-11-04,1,luton,liverpool,1,0.3453198339561243,0.3450408476190192,0.0002789863371051027
2025-01-26|20260611|9f2e086d39ae4b855ba21604367109e8e9ce00f96010c5ec65c380d317986abc,0bb6dfa5ae840b53,2024/25,2024/25|2025W04,2025-01-26,2025-01-26,2025-01-20,6,crystal_palace,brentford,2,0.308613691813129,0.30701912871493975,0.0015945630981892278
2025-02-15|20260611|9f2e086d39ae4b855ba21604367109e8e9ce00f96010c5ec65c380d317986abc,0bbda8d18219c285,2024/25,2024/25|2025W07,2025-02-15,2025-02-15,2025-02-12,3,man_city,newcastle,0,0.09159972772150854,0.09249025678482331,-0.0008905290633147711
2023-05-13|20260611|9f2e086d39ae4b855ba21604367109e8e9ce00f96010c5ec65c380d317986abc,0be30cc2833565c9,2022/23,2022/23|2023W19,2023-05-13,2023-05-13,2023-05-08,5,aston_villa,tottenham,0,0.28412531214123243,0.2828044157744363,0.0013208963667961093
2022-09-03|20260611|9f2e086d39ae4b855ba21604367109e8e9ce00f96010c5ec65c380d317986abc,0be46ac70ff6a186,2022/23,2022/23|2022W35,2022-09-03,2022-09-03,2022-08-30,4,everton,liverpool,1,0.27544563816454487,0.2777674076690888,-0.0023217695045439357
2025-01-04|20260611|9f2e086d39ae4b855ba21604367109e8e9ce00f96010c5ec65c380d317986abc,0be9807a0b024235,2024/25,2024/25|2025W01,2025-01-04,2025-01-04,2024-12-30,5,man_city,west_ham,0,0.025548107144741816,0.02557039017523931,-2.2283030497494832e-05
2024-05-04|20260611|9f2e086d39ae4b855ba21604367109e8e9ce00f96010c5ec65c380d317986abc,0bea9cd6e61127f0,2023/24,2023/24|2024W18,2024-05-04,2024-05-04,2024-05-02,2,arsenal,bournemouth,0,0.023642760326810387,0.023893180133361853,-0.00025041980655146623
2020-07-26|20260611|9f2e086d39ae4b855ba21604367109e8e9ce00f96010c5ec65c380d317986abc,0c1290017b500cf5,2019/20,2019/20|2020W30,2020-07-26,2020-07-26,2020-07-20,6,crystal_palace,tottenham,1,0.16010176251371105,0.1574266450988093,0.0026751174149017565
2023-10-08|20260611|9f2e086d39ae4b855ba21604367109e8e9ce00f96010c5ec65c380d317986abc,0c34081111618e0e,2023/24,2023/24|2023W40,2023-10-08,2023-10-08,2023-10-02,6,arsenal,man_city,0,0.4084253949201764,0.4078911479796068,0.0005342469405695827
2023-02-05|20260611|9f2e086d39ae4b855ba21604367109e8e9ce00f96010c5ec65c380d317986abc,0c5e53dfd131f476,2022/23,2022/23|2023W05,2023-02-05,2023-02-05,2023-02-03,2,nottm_forest,leeds,0,0.29777398779065894,0.3004189109526973,-0.0026449231620383484
2019-12-15|20260611|9f2e086d39ae4b855ba21604367109e8e9ce00f96010c5ec65c380d317986abc,0c7c46381a1194d5,2019/20,2019/20|2019W50,2019-12-15,2019-12-15,2019-12-09,6,wolves,tottenham,2,0.2157138909515405,0.2182713641633473,-0.002557473211806799
2023-01-03|20260611|9f2e086d39ae4b855ba21604367109e8e9ce00f96010c5ec65c380d317986abc,0c9b82eb573d9cfe,2022/23,2022/23|2023W01,2023-01-03,2023-01-03,2023-01-02,1,man_united,bournemouth,0,0.04064340869884126,0.041261303174710266,-0.0006178944758690047
2021-12-04|20260611|9f2e086d39ae4b855ba21604367109e8e9ce00f96010c5ec65c380d317986abc,0d858fcb6615980d,2021/22,2021/22|2021W48,2021-12-04,2021-12-04,2021-11-30,4,newcastle,burnley,0,0.2529413938149978,0.24705600983470985,0.005885383980287956
2019-10-06|20260611|9f2e086d39ae4b855ba21604367109e8e9ce00f96010c5ec65c380d317986abc,0d93ec85ab151b96,2019/20,2019/20|2019W40,2019-10-06,2019-10-06,2019-09-30,6,southampton,chelsea,2,0.1322106321736925,0.1322380667044429,-2.7434530750408692e-05
2022-09-17|20260611|9f2e086d39ae4b855ba21604367109e8e9ce00f96010c5ec65c380d317986abc,0d9b46adf24742cf,2022/23,2022/23|2022W37,2022-09-17,2022-09-17,2022-09-16,1,tottenham,leicester,0,0.08189486356752852,0.08189157299011249,3.290577416034668e-06
2019-12-08|20260611|9f2e086d39ae4b855ba21604367109e8e9ce00f96010c5ec65c380d317986abc,0dfac1b1746c8134,2019/20,2019/20|2019W49,2019-12-08,2019-12-08,2019-12-03,5,aston_villa,leicester,2,0.16880539539011602,0.17122014264007024,-0.002414747249954219
2020-07-16|20260611|9f2e086d39ae4b855ba21604367109e8e9ce00f96010c5ec65c380d317986abc,0dfe1ef2ef23951f,2019/20,2019/20|2020W29,2020-07-16,2020-07-16,2020-07-13,3,leicester,sheffield_united,0,0.20111406488784359,0.1990054712264223,0.0021085936614212986
2020-10-04|20260611|9f2e086d39ae4b855ba21604367109e8e9ce00f96010c5ec65c380d317986abc,0e4955c10170d7b9,2020/21,2020/21|2020W40,2020-10-04,2020-10-04,2020-09-28,6,man_united,tottenham,2,0.35459290223956924,0.35239565309311016,0.0021972491464590793
2021-02-20|20260611|9f2e086d39ae4b855ba21604367109e8e9ce00f96010c5ec65c380d317986abc,0e4af63b296960da,2020/21,2020/21|2021W07,2021-02-20,2021-02-20,2021-02-15,5,liverpool,everton,2,0.6250524154566952,0.6181183995015657,0.006934015955129547
2023-02-19|20260611|9f2e086d39ae4b855ba21604367109e8e9ce00f96010c5ec65c380d317986abc,0e538fd92363c0c1,2022/23,2022/23|2023W07,2023-02-19,2023-02-19,2023-02-13,6,tottenham,west_ham,0,0.09431073116159186,0.09373356163436332,0.000577169527228541
2023-08-20|20260611|9f2e086d39ae4b855ba21604367109e8e9ce00f96010c5ec65c380d317986abc,0f4fc9c3ff400d96,2023/24,2023/24|2023W33,2023-08-20,2023-08-20,2023-08-14,6,aston_villa,everton,0,0.10952654497788167,0.10904460976334168,0.0004819352145399858
2021-02-21|20260611|9f2e086d39ae4b855ba21604367109e8e9ce00f96010c5ec65c380d317986abc,0f71a638b0b71947,2020/21,2020/21|2021W07,2021-02-21,2021-02-21,2021-02-15,6,aston_villa,leicester,2,0.18974770932064627,0.1904701368683622,-0.0007224275477159259
2024-02-17|20260611|9f2e086d39ae4b855ba21604367109e8e9ce00f96010c5ec65c380d317986abc,0fb0da5e85cbd583,2023/24,2023/24|2024W07,2024-02-17,2024-02-17,2024-02-12,5,nottm_forest,west_ham,0,0.3209887368366902,0.32004134793708994,0.0009473888996002766
2022-04-09|20260611|9f2e086d39ae4b855ba21604367109e8e9ce00f96010c5ec65c380d317986abc,0fbf92bb0ca99044,2021/22,2021/22|2022W14,2022-04-09,2022-04-09,2022-04-04,5,southampton,chelsea,2,0.08354906979337884,0.08288349021641346,0.0006655795769653777
2023-05-28|20260611|9f2e086d39ae4b855ba21604367109e8e9ce00f96010c5ec65c380d317986abc,0fc287628e47daab,2022/23,2022/23|2023W21,2023-05-28,2023-05-28,2023-05-22,6,leicester,west_ham,0,0.21844443555241977,0.22183564826561222,-0.003391212713192454
2023-09-03|20260611|9f2e086d39ae4b855ba21604367109e8e9ce00f96010c5ec65c380d317986abc,1011153536704e54,2023/24,2023/24|2023W35,2023-09-03,2023-09-03,2023-09-01,2,crystal_palace,wolves,0,0.1733392718162458,0.17256411865652063,0.0007751531597251782
2021-03-13|20260611|9f2e086d39ae4b855ba21604367109e8e9ce00f96010c5ec65c380d317986abc,10470f8ffaa9fb36,2020/21,2020/21|2021W10,2021-03-13,2021-03-13,2021-03-08,5,leeds,chelsea,1,0.17825241090649008,0.17186364314324648,0.006388767763243597
2025-04-12|20260611|9f2e086d39ae4b855ba21604367109e8e9ce00f96010c5ec65c380d317986abc,1094b24b5456f244,2024/25,2024/25|2025W15,2025-04-12,2025-04-12,2025-04-07,5,man_city,crystal_palace,0,0.06609935248201852,0.06592953703224443,0.00016981544977409668
2019-12-21|20260611|9f2e086d39ae4b855ba21604367109e8e9ce00f96010c5ec65c380d317986abc,1096904829b3eccf,2019/20,2019/20|2019W51,2019-12-21,2019-12-21,2019-12-16,5,newcastle,crystal_palace,0,0.24198692973057725,0.24458644200308632,-0.002599512272509069
2024-03-10|20260611|9f2e086d39ae4b855ba21604367109e8e9ce00f96010c5ec65c380d317986abc,10ae6a1612cac060,2023/24,2023/24|2024W10,2024-03-10,2024-03-10,2024-03-04,6,brighton,nottm_forest,0,0.09315138353060898,0.09206364041164444,0.0010877431189645348
2021-05-14|20260611|9f2e086d39ae4b855ba21604367109e8e9ce00f96010c5ec65c380d317986abc,10b6d150383c1097,2020/21,2020/21|2021W19,2021-05-14,2021-05-14,2021-05-10,4,newcastle,man_city,2,0.02658407815794965,0.02725487310416725,-0.0006707949462175997
2022-08-21|20260611|9f2e086d39ae4b855ba21604367109e8e9ce00f96010c5ec65c380d317986abc,10c3c238f2198ec5,2022/23,2022/23|2022W33,2022-08-21,2022-08-21,2022-08-15,6,west_ham,brighton,2,0.3495914127037226,0.35071579080037707,-0.0011243780966544437
2022-11-06|20260611|9f2e086d39ae4b855ba21604367109e8e9ce00f96010c5ec65c380d317986abc,10eb48d45bbbfc94,2022/23,2022/23|2022W44,2022-11-06,2022-11-06,2022-11-05,1,chelsea,arsenal,2,0.33084978353837863,0.33310687983201326,-0.0022570962936346306
2023-12-17|20260611|9f2e086d39ae4b855ba21604367109e8e9ce00f96010c5ec65c380d317986abc,10f02cab1020bcc2,2023/24,2023/24|2023W50,2023-12-17,2023-12-17,2023-12-15,2,brentford,aston_villa,2,0.25950623042463544,0.2605841353685607,-0.0010779049439252342
2023-08-26|20260611|9f2e086d39ae4b855ba21604367109e8e9ce00f96010c5ec65c380d317986abc,10f47d45aa8f153b,2023/24,2023/24|2023W34,2023-08-26,2023-08-26,2023-08-21,5,brentford,crystal_palace,1,0.16862726089595861,0.1679169842761177,0.0007102766198409105
2019-12-21|20260611|9f2e086d39ae4b855ba21604367109e8e9ce00f96010c5ec65c380d317986abc,10f4dc3c8e51ce73,2019/20,2019/20|2019W51,2019-12-21,2019-12-21,2019-12-16,5,aston_villa,southampton,2,0.3535306728322849,0.35400731862507206,-0.000476645792787167
2020-12-16|20260611|9f2e086d39ae4b855ba21604367109e8e9ce00f96010c5ec65c380d317986abc,1129087e6192d3dd,2020/21,2020/21|2020W51,2020-12-16,2020-12-16,2020-12-15,1,west_ham,crystal_palace,1,0.1524884764264525,0.15300908354244963,-0.0005206071159971348
2024-10-05|20260611|9f2e086d39ae4b855ba21604367109e8e9ce00f96010c5ec65c380d317986abc,1146c466ce713a23,2024/25,2024/25|2024W40,2024-10-05,2024-10-05,2024-09-30,5,crystal_palace,liverpool,2,0.09128271320774467,0.09121587809418179,6.683511356288252e-05
2023-09-17|20260611|9f2e086d39ae4b855ba21604367109e8e9ce00f96010c5ec65c380d317986abc,118908c816787105,2023/24,2023/24|2023W37,2023-09-17,2023-09-17,2023-09-16,1,everton,arsenal,2,0.0741199756874905,0.07431330710907486,-0.00019333142158435568
2022-04-10|20260611|9f2e086d39ae4b855ba21604367109e8e9ce00f96010c5ec65c380d317986abc,1196822c22beb4c5,2021/22,2021/22|2022W14,2022-04-10,2022-04-10,2022-04-04,6,brentford,west_ham,0,0.37600722183819923,0.37264609233164203,0.0033611295065572033
2021-04-16|20260611|9f2e086d39ae4b855ba21604367109e8e9ce00f96010c5ec65c380d317986abc,11a5b472d2f40281,2020/21,2020/21|2021W15,2021-04-16,2021-04-16,2021-04-12,4,everton,tottenham,1,0.1464900300502649,0.14772940888663644,-0.0012393788363715408
2025-05-18|20260611|9f2e086d39ae4b855ba21604367109e8e9ce00f96010c5ec65c380d317986abc,11c5f72c97a895be,2024/25,2024/25|2025W20,2025-05-18,2025-05-18,2025-05-16,2,arsenal,newcastle,0,0.11393872643180972,0.1144475259848873,-0.000508799553077588
2019-12-28|20260611|9f2e086d39ae4b855ba21604367109e8e9ce00f96010c5ec65c380d317986abc,11e4709a4e552149,2019/20,2019/20|2019W52,2019-12-28,2019-12-28,2019-12-26,2,burnley,man_united,2,0.14772300106351252,0.1585483488972329,-0.010825347833720383
2023-12-03|20260611|9f2e086d39ae4b855ba21604367109e8e9ce00f96010c5ec65c380d317986abc,11f9dd896c3bff51,2023/24,2023/24|2023W48,2023-12-03,2023-12-03,2023-11-27,6,west_ham,crystal_palace,1,0.15440803478585,0.15362574561311626,0.0007822891727337355
2024-05-11|20260611|9f2e086d39ae4b855ba21604367109e8e9ce00f96010c5ec65c380d317986abc,126934794d0f09ce,2023/24,2023/24|2024W19,2024-05-11,2024-05-11,2024-05-06,5,everton,sheffield_united,0,0.0643225739460449,0.06493136773435527,-0.0006087937883103717
2021-02-28|20260611|9f2e086d39ae4b855ba21604367109e8e9ce00f96010c5ec65c380d317986abc,127162e4b6a22011,2020/21,2020/21|2021W08,2021-02-28,2021-02-28,2021-02-22,6,tottenham,burnley,0,0.0901649020105288,0.09063148422119285,-0.0004665822106640488
2025-03-09|20260611|9f2e086d39ae4b855ba21604367109e8e9ce00f96010c5ec65c380d317986abc,12843c0cbc82bc29,2024/25,2024/25|2025W10,2025-03-09,2025-03-09,2025-03-08,1,man_united,arsenal,1,0.1975995360391225,0.19668576620220546,0.0009137698369170444
2022-02-20|20260611|9f2e086d39ae4b855ba21604367109e8e9ce00f96010c5ec65c380d317986abc,129322645ae88621,2021/22,2021/22|2022W07,2022-02-20,2022-02-20,2022-02-15,5,leeds,man_united,2,0.12721597413618266,0.13414253719583924,-0.006926563059656582
2021-10-03|20260611|9f2e086d39ae4b855ba21604367109e8e9ce00f96010c5ec65c380d317986abc,12953de4ed394b63,2021/22,2021/22|2021W39,2021-10-03,2021-10-03,2021-09-27,6,west_ham,brentford,2,0.35733811462449006,0.35644693262391686,0.0008911820005731985
2024-04-27|20260611|9f2e086d39ae4b855ba21604367109e8e9ce00f96010c5ec65c380d317986abc,129ab726352888ac,2023/24,2023/24|2024W17,2024-04-27,2024-04-27,2024-04-23,4,man_united,burnley,1,0.24221375865506647,0.2393216079421765,0.0028921507128899793
2021-02-17|20260611|9f2e086d39ae4b855ba21604367109e8e9ce00f96010c5ec65c380d317986abc,12bfe29d19db7418,2020/21,2020/21|2021W07,2021-02-17,2021-02-17,2021-02-15,2,burnley,fulham,1,0.14078570349287925,0.1404958919306645,0.0002898115622147479
2022-10-19|20260611|9f2e086d39ae4b855ba21604367109e8e9ce00f96010c5ec65c380d317986abc,12c6a37e2ba8e885,2022/23,2022/23|2022W42,2022-10-19,2022-10-19,2022-10-18,1,newcastle,everton,0,0.1657598905736463,0.16554314516444824,0.00021674540919805474
2021-05-19|20260611|9f2e086d39ae4b855ba21604367109e8e9ce00f96010c5ec65c380d317986abc,12c88a6ba72a6c55,2020/21,2020/21|2021W20,2021-05-19,2021-05-19,2021-05-18,1,crystal_palace,arsenal,2,0.1259992852744132,0.12634509337222932,-0.0003458080978161193
2023-03-12|20260611|9f2e086d39ae4b855ba21604367109e8e9ce00f96010c5ec65c380d317986abc,12f668672ed8a447,2022/23,2022/23|2023W10,2023-03-12,2023-03-12,2023-03-06,6,fulham,arsenal,2,0.1454217898570933,0.1526553261930112,-0.0072335363359178895
2022-05-07|20260611|9f2e086d39ae4b855ba21604367109e8e9ce00f96010c5ec65c380d317986abc,1315cb896e371339,2021/22,2021/22|2022W18,2022-05-07,2022-05-07,2022-05-02,5,burnley,aston_villa,2,0.2383206747941103,0.2376345050367485,0.0006861697573617986
2023-09-24|20260611|9f2e086d39ae4b855ba21604367109e8e9ce00f96010c5ec65c380d317986abc,14180021606b0bf3,2023/24,2023/24|2023W38,2023-09-24,2023-09-24,2023-09-18,6,brighton,bournemouth,0,0.05721721009487426,0.05705560647355219,0.00016160362132206646
2024-05-04|20260611|9f2e086d39ae4b855ba21604367109e8e9ce00f96010c5ec65c380d317986abc,1470e15bac7e9c3b,2023/24,2023/24|2024W18,2024-05-04,2024-05-04,2024-05-02,2,man_city,wolves,0,0.01670784859764926,0.0169091342088701,-0.00020128561122084027
2023-01-15|20260611|9f2e086d39ae4b855ba21604367109e8e9ce00f96010c5ec65c380d317986abc,1479bb72d49037e2,2022/23,2022/23|2023W02,2023-01-15,2023-01-15,2023-01-12,3,newcastle,fulham,0,0.15982355094387463,0.15170677037850053,0.008116780565374099
2024-08-18|20260611|9f2e086d39ae4b855ba21604367109e8e9ce00f96010c5ec65c380d317986abc,149e6dea7b79653e,2024/25,2024/25|2024W33,2024-08-18,2024-08-18,2024-08-16,2,chelsea,man_city,2,0.0834875226365849,0.08536126327290984,-0.001873740636324936
2022-05-22|20260611|9f2e086d39ae4b855ba21604367109e8e9ce00f96010c5ec65c380d317986abc,14b68fa515976d4f,2021/22,2021/22|2022W20,2022-05-22,2022-05-22,2022-05-16,6,burnley,newcastle,2,0.2724056810544374,0.28040724176083404,-0.008001560706396627
2023-12-30|20260611|9f2e086d39ae4b855ba21604367109e8e9ce00f96010c5ec65c380d317986abc,14b804c9b54233dc,2023/24,2023/24|2023W52,2023-12-30,2023-12-30,2023-12-26,4,crystal_palace,brentford,0,0.27705389062478447,0.2904157825712838,-0.013361891946499338
2023-03-04|20260611|9f2e086d39ae4b855ba21604367109e8e9ce00f96010c5ec65c380d317986abc,1503a9cf7f9dfc42,2022/23,2022/23|2023W09,2023-03-04,2023-03-04,2023-03-01,3,brighton,west_ham,0,0.18215033572907124,0.18319772335358203,-0.0010473876245107872
2023-03-05|20260611|9f2e086d39ae4b855ba21604367109e8e9ce00f96010c5ec65c380d317986abc,152f432675f46378,2022/23,2022/23|2023W09,2023-03-05,2023-03-05,2023-03-01,4,liverpool,man_united,0,0.10985405584981345,0.11474535927952445,-0.0048913034297110025
2021-09-18|20260611|9f2e086d39ae4b855ba21604367109e8e9ce00f96010c5ec65c380d317986abc,154d05a36fcdcff6,2021/22,2021/22|2021W37,2021-09-18,2021-09-18,2021-09-13,5,burnley,arsenal,2,0.14640648531780168,0.1513439302185225,-0.0049374449007208165
2023-11-11|20260611|9f2e086d39ae4b855ba21604367109e8e9ce00f96010c5ec65c380d317986abc,1559afa8357231d4,2023/24,2023/24|2023W45,2023-11-11,2023-11-11,2023-11-06,5,bournemouth,newcastle,0,0.5880203096089162,0.585545917490378,0.002474392118538171
2020-02-22|20260611|9f2e086d39ae4b855ba21604367109e8e9ce00f96010c5ec65c380d317986abc,15734974ece06697,2019/20,2019/20|2020W08,2020-02-22,2020-02-22,2020-02-17,5,leicester,man_city,2,0.10781159001484086,0.10942578336918124,-0.0016141933543403764
2021-01-13|20260611|9f2e086d39ae4b855ba21604367109e8e9ce00f96010c5ec65c380d317986abc,15996597a738c6de,2020/21,2020/21|2021W02,2021-01-13,2021-01-13,2021-01-12,1,tottenham,fulham,1,0.30899010617099143,0.30878229559904735,0.00020781057194407815
2021-12-01|20260611|9f2e086d39ae4b855ba21604367109e8e9ce00f96010c5ec65c380d317986abc,15af7563ae13ac1f,2021/22,2021/22|2021W48,2021-12-01,2021-12-01,2021-11-30,1,everton,liverpool,2,0.06867194227848225,0.068859092644274,-0.00018715036579175504
2019-09-22|20260611|9f2e086d39ae4b855ba21604367109e8e9ce00f96010c5ec65c380d317986abc,15c8f3689b9c34d7,2019/20,2019/20|2019W38,2019-09-22,2019-09-22,2019-09-16,6,crystal_palace,wolves,1,0.13597326996087325,0.13619727971405227,-0.0002240097531790164
2022-03-12|20260611|9f2e086d39ae4b855ba21604367109e8e9ce00f96010c5ec65c380d317986abc,160fb6a2e7820498,2021/22,2021/22|2022W10,2022-03-12,2022-03-12,2022-03-07,5,brighton,liverpool,2,0.05508899027990529,0.05465284958544925,0.0004361406944560428
2023-02-11|20260611|9f2e086d39ae4b855ba21604367109e8e9ce00f96010c5ec65c380d317986abc,161ffa916f31c424,2022/23,2022/23|2023W06,2023-02-11,2023-02-11,2023-02-08,3,arsenal,brentford,1,0.20309531101974246,0.2034683238559673,-0.00037301283622484527
2022-03-12|20260611|9f2e086d39ae4b855ba21604367109e8e9ce00f96010c5ec65c380d317986abc,162f340360c6943f,2021/22,2021/22|2022W10,2022-03-12,2022-03-12,2022-03-07,5,brentford,burnley,0,0.264655820609633,0.2661670235001402,-0.0015112028905072128
2023-09-23|20260611|9f2e086d39ae4b855ba21604367109e8e9ce00f96010c5ec65c380d317986abc,1640c0d335e7c758,2023/24,2023/24|2023W38,2023-09-23,2023-09-23,2023-09-18,5,brentford,everton,2,0.5489287267713556,0.5489638855810001,-3.515880964444218e-05
2021-02-06|20260611|9f2e086d39ae4b855ba21604367109e8e9ce00f96010c5ec65c380d317986abc,16c0515c57a8d2c6,2020/21,2020/21|2021W05,2021-02-06,2021-02-06,2021-02-02,4,aston_villa,arsenal,0,0.35129968278486484,0.34239801652298796,0.008901666261876884
2023-04-22|20260611|9f2e086d39ae4b855ba21604367109e8e9ce00f96010c5ec65c380d317986abc,16ce44baa416f89e,2022/23,2022/23|2023W16,2023-04-22,2023-04-22,2023-04-17,5,leicester,wolves,0,0.17787908912662614,0.17563346071086086,0.002245628415765283
2024-12-07|20260611|9f2e086d39ae4b855ba21604367109e8e9ce00f96010c5ec65c380d317986abc,16ef8967241a9fea,2024/25,2024/25|2024W49,2024-12-07,2024-12-07,2024-12-03,4,brentford,newcastle,0,0.3036475036352641,0.297405946232336,0.0062415574029280885
2021-04-04|20260611|9f2e086d39ae4b855ba21604367109e8e9ce00f96010c5ec65c380d317986abc,1724cc9cb575f2d6,2020/21,2020/21|2021W13,2021-04-04,2021-04-04,2021-04-03,1,aston_villa,fulham,0,0.15026644004116368,0.1471167693180162,0.0031496707231474796
2023-12-03|20260611|9f2e086d39ae4b855ba21604367109e8e9ce00f96010c5ec65c380d317986abc,17536181ef461a48,2023/24,2023/24|2023W48,2023-12-03,2023-12-03,2023-11-27,6,liverpool,fulham,0,0.03454412119101506,0.034552982410064464,-8.861219049402513e-06
2020-10-04|20260611|9f2e086d39ae4b855ba21604367109e8e9ce00f96010c5ec65c380d317986abc,1762449c13bb214a,2020/21,2020/21|2020W40,2020-10-04,2020-10-04,2020-09-28,6,leicester,west_ham,2,0.5197761602038712,0.5178835269168894,0.0018926332869817486
2021-10-02|20260611|9f2e086d39ae4b855ba21604367109e8e9ce00f96010c5ec65c380d317986abc,1763d76e34ce5d70,2021/22,2021/22|2021W39,2021-10-02,2021-10-02,2021-09-27,5,leeds,watford,0,0.09754012078016942,0.09754989673565888,-9.77595548945498e-06
2022-09-17|20260611|9f2e086d39ae4b855ba21604367109e8e9ce00f96010c5ec65c380d317986abc,177b85eb701ffd9f,2022/23,2022/23|2022W37,2022-09-17,2022-09-17,2022-09-16,1,newcastle,bournemouth,1,0.1840474053688489,0.18391508091301462,0.0001323244558342762
2024-12-04|20260611|9f2e086d39ae4b855ba21604367109e8e9ce00f96010c5ec65c380d317986abc,17b860976d92a3c3,2024/25,2024/25|2024W49,2024-12-04,2024-12-04,2024-12-03,1,newcastle,liverpool,1,0.16476433602976995,0.16465996637629726,0.00010436965347268568
2023-03-04|20260611|9f2e086d39ae4b855ba21604367109e8e9ce00f96010c5ec65c380d317986abc,17cf991bcb95dfcb,2022/23,2022/23|2023W09,2023-03-04,2023-03-04,2023-03-01,3,chelsea,leeds,0,0.06922593003947526,0.06971293324885185,-0.00048700320937658526
2020-02-29|20260611|9f2e086d39ae4b855ba21604367109e8e9ce00f96010c5ec65c380d317986abc,17d479966fda16b1,2019/20,2019/20|2020W09,2020-02-29,2020-02-29,2020-02-24,5,west_ham,southampton,0,0.1916103444781345,0.19727934388399698,-0.00566899940586249
2023-03-04|20260611|9f2e086d39ae4b855ba21604367109e8e9ce00f96010c5ec65c380d317986abc,17fad22a05fdfa06,2022/23,2022/23|2023W09,2023-03-04,2023-03-04,2023-03-01,3,aston_villa,crystal_palace,0,0.1871410041179108,0.1879520537254841,-0.0008110496075733054
2022-03-10|20260611|9f2e086d39ae4b855ba21604367109e8e9ce00f96010c5ec65c380d317986abc,1844c9ef3df034e0,2021/22,2021/22|2022W10,2022-03-10,2022-03-10,2022-03-07,3,leeds,aston_villa,2,0.2220396536626792,0.22018960722611924,0.001850046436559949
2020-11-01|20260611|9f2e086d39ae4b855ba21604367109e8e9ce00f96010c5ec65c380d317986abc,187c40ac82f1399d,2020/21,2020/21|2020W44,2020-11-01,2020-11-01,2020-10-26,6,tottenham,brighton,0,0.04725077986890821,0.048720444419529864,-0.001469664550621655
2019-12-07|20260611|9f2e086d39ae4b855ba21604367109e8e9ce00f96010c5ec65c380d317986abc,18d2d31bef88ea30,2019/20,2019/20|2019W49,2019-12-07,2019-12-07,2019-12-03,4,bournemouth,liverpool,2,0.035782094804732996,0.03684822637003565,-0.0010661315653026568
2023-05-03|20260611|9f2e086d39ae4b855ba21604367109e8e9ce00f96010c5ec65c380d317986abc,18f02421303c20da,2022/23,2022/23|2023W18,2023-05-03,2023-05-03,2023-05-01,2,man_city,west_ham,0,0.014894305423964794,0.014829485787691707,6.481963627308698e-05
2020-12-16|20260611|9f2e086d39ae4b855ba21604367109e8e9ce00f96010c5ec65c380d317986abc,191df95c2ea7dbd8,2020/21,2020/21|2020W51,2020-12-16,2020-12-16,2020-12-15,1,liverpool,tottenham,0,0.13142651220567206,0.13069832147534816,0.0007281907303239021
2019-11-09|20260611|9f2e086d39ae4b855ba21604367109e8e9ce00f96010c5ec65c380d317986abc,1929eb810843cb12,2019/20,2019/20|2019W45,2019-11-09,2019-11-09,2019-11-08,1,tottenham,sheffield_united,1,0.1534801292539385,0.15344617013242023,3.395912151826774e-05
2024-01-13|20260611|9f2e086d39ae4b855ba21604367109e8e9ce00f96010c5ec65c380d317986abc,19c2383c28a79943,2023/24,2023/24|2024W02,2024-01-13,2024-01-13,2024-01-12,1,chelsea,fulham,0,0.13553530472790762,0.1354808803631797,5.44243647279119e-05
2024-04-24|20260611|9f2e086d39ae4b855ba21604367109e8e9ce00f96010c5ec65c380d317986abc,19d68526933d6cfd,2023/24,2023/24|2024W17,2024-04-24,2024-04-24,2024-04-23,1,man_united,sheffield_united,0,0.019431075313923043,0.01955410631437049,-0.00012303100044744678
2023-04-04|20260611|9f2e086d39ae4b855ba21604367109e8e9ce00f96010c5ec65c380d317986abc,19f3ed4be8229225,2022/23,2022/23|2023W14,2023-04-04,2023-04-04,2023-04-03,1,chelsea,liverpool,1,0.14009666177423452,0.14031867910633222,-0.00022201733209770147
2024-01-21|20260611|9f2e086d39ae4b855ba21604367109e8e9ce00f96010c5ec65c380d317986abc,1a0d55284bdac703,2023/24,2023/24|2024W03,2024-01-21,2024-01-21,2024-01-20,1,bournemouth,liverpool,2,0.05568420004547726,0.055117188673429234,0.0005670113720480235
2021-02-27|20260611|9f2e086d39ae4b855ba21604367109e8e9ce00f96010c5ec65c380d317986abc,1a1c70279e9b9172,2020/21,2020/21|2021W08,2021-02-27,2021-02-27,2021-02-22,5,leeds,aston_villa,2,0.3398630266588455,0.31040711837938884,0.029455908279456655
2023-08-19|20260611|9f2e086d39ae4b855ba21604367109e8e9ce00f96010c5ec65c380d317986abc,1a28572b1424f55e,2023/24,2023/24|2023W33,2023-08-19,2023-08-19,2023-08-14,5,liverpool,bournemouth,0,0.014782836480046847,0.014847464473671657,-6.46279936248103e-05
2022-03-05|20260611|9f2e086d39ae4b855ba21604367109e8e9ce00f96010c5ec65c380d317986abc,1a5e3e690390f803,2021/22,2021/22|2022W09,2022-03-05,2022-03-05,2022-03-01,4,burnley,chelsea,2,0.08789819858473266,0.0924002117293837,-0.00450201314465104
2022-12-31|20260611|9f2e086d39ae4b855ba21604367109e8e9ce00f96010c5ec65c380d317986abc,1a73151b7e17d6bc,2022/23,2022/23|2022W52,2022-12-31,2022-12-31,2022-12-26,5,bournemouth,crystal_palace,2,0.22706424242658083,0.21815389486303624,0.008910347563544585
2022-04-23|20260611|9f2e086d39ae4b855ba21604367109e8e9ce00f96010c5ec65c380d317986abc,1a75001b7838e13e,2021/22,2021/22|2022W16,2022-04-23,2022-04-23,2022-04-19,4,man_city,watford,0,0.003309920472498053,0.0034981964370739945,-0.0001882759645759416
2022-01-15|20260611|9f2e086d39ae4b855ba21604367109e8e9ce00f96010c5ec65c380d317986abc,1a8386513587e64d,2021/22,2021/22|2022W02,2022-01-15,2022-01-15,2022-01-11,4,norwich,everton,0,0.5691718395797971,0.5659165103263311,0.003255329253466055
2023-02-04|20260611|9f2e086d39ae4b855ba21604367109e8e9ce00f96010c5ec65c380d317986abc,1af70a6d3c3dc517,2022/23,2022/23|2023W05,2023-02-04,2023-02-04,2023-02-03,1,everton,arsenal,0,0.5732923069801874,0.5725211060428148,0.0007712009373725959
2023-05-06|20260611|9f2e086d39ae4b855ba21604367109e8e9ce00f96010c5ec65c380d317986abc,1afeef4fc9c22951,2022/23,2022/23|2023W18,2023-05-06,2023-05-06,2023-05-01,5,bournemouth,chelsea,2,0.15879447622193849,0.15422621411075627,0.00456826211118222
2022-12-30|20260611|9f2e086d39ae4b855ba21604367109e8e9ce00f96010c5ec65c380d317986abc,1b84ee16780e4f59,2022/23,2022/23|2022W52,2022-12-30,2022-12-30,2022-12-26,4,liverpool,leicester,0,0.041538203304361254,0.045698259923240864,-0.0041600566188796095
2022-10-02|20260611|9f2e086d39ae4b855ba21604367109e8e9ce00f96010c5ec65c380d317986abc,1bc99f54a90ef787,2022/23,2022/23|2022W39,2022-10-02,2022-10-02,2022-10-01,1,man_city,man_united,0,0.034028218837386486,0.03373035323809001,0.0002978655992964749
2023-08-12|20260611|9f2e086d39ae4b855ba21604367109e8e9ce00f96010c5ec65c380d317986abc,1bca17ad00894269,2023/24,2023/24|2023W32,2023-08-12,2023-08-12,2023-08-11,1,bournemouth,west_ham,1,0.1455323823210245,0.14546861551889226,6.37668021322424e-05
2019-10-20|20260611|9f2e086d39ae4b855ba21604367109e8e9ce00f96010c5ec65c380d317986abc,1bdac578e3d67fe3,2019/20,2019/20|2019W42,2019-10-20,2019-10-20,2019-10-19,1,man_united,liverpool,1,0.15825956690643198,0.1580297958099565,0.000229771096475484
2024-11-10|20260611|9f2e086d39ae4b855ba21604367109e8e9ce00f96010c5ec65c380d317986abc,1bde579d229a12c1,2024/25,2024/25|2024W45,2024-11-10,2024-11-10,2024-11-04,6,man_united,leicester,0,0.12317074109671007,0.12506865310165047,-0.001897912004940397
2022-05-19|20260611|9f2e086d39ae4b855ba21604367109e8e9ce00f96010c5ec65c380d317986abc,1be371defd6a0580,2021/22,2021/22|2022W20,2022-05-19,2022-05-19,2022-05-16,3,everton,crystal_palace,0,0.2571276826010425,0.2584956234992114,-0.0013679408981688845
2022-01-01|20260611|9f2e086d39ae4b855ba21604367109e8e9ce00f96010c5ec65c380d317986abc,1be6c78af0e01d82,2021/22,2021/22|2021W52,2022-01-01,2022-01-01,2021-12-27,5,crystal_palace,west_ham,2,0.1863972315600156,0.1865148548995444,-0.00011762333952877735
2020-12-27|20260611|9f2e086d39ae4b855ba21604367109e8e9ce00f96010c5ec65c380d317986abc,1bef6054b301c0e9,2020/21,2020/21|2020W52,2020-12-27,2020-12-27,2020-12-21,6,wolves,tottenham,1,0.13240223702839127,0.13064356344969924,0.0017586735786920271
2022-02-26|20260611|9f2e086d39ae4b855ba21604367109e8e9ce00f96010c5ec65c380d317986abc,1c0625038a91cb92,2021/22,2021/22|2022W08,2022-02-26,2022-02-26,2022-02-23,3,leeds,tottenham,2,0.14840163215048388,0.15345348320236626,-0.005051851051882383
2022-03-05|20260611|9f2e086d39ae4b855ba21604367109e8e9ce00f96010c5ec65c380d317986abc,1c07f9198aba24bb,2021/22,2021/22|2022W09,2022-03-05,2022-03-05,2022-03-01,4,norwich,brentford,2,0.18144842857342802,0.18145884661189607,-1.0418038468046342e-05
2024-04-21|20260611|9f2e086d39ae4b855ba21604367109e8e9ce00f96010c5ec65c380d317986abc,1c4be00c6e11f645,2023/24,2023/24|2024W16,2024-04-21,2024-04-21,2024-04-15,6,crystal_palace,west_ham,0,0.2689271263763461,0.2672866075755144,0.0016405188008316585
2024-04-06|20260611|9f2e086d39ae4b855ba21604367109e8e9ce00f96010c5ec65c380d317986abc,1cab92c9b92d95b6,2023/24,2023/24|2024W14,2024-04-06,2024-04-06,2024-04-02,4,fulham,newcastle,2,0.23766168660680886,0.2450949436436608,-0.007433257036851937
2023-08-26|20260611|9f2e086d39ae4b855ba21604367109e8e9ce00f96010c5ec65c380d317986abc,1cb05e55b1b1801a,2023/24,2023/24|2023W34,2023-08-26,2023-08-26,2023-08-21,5,bournemouth,tottenham,2,0.09643473713094507,0.09654434791178,-0.00010961078083493447
2023-08-26|20260611|9f2e086d39ae4b855ba21604367109e8e9ce00f96010c5ec65c380d317986abc,1cc55f5467f33485,2023/24,2023/24|2023W34,2023-08-26,2023-08-26,2023-08-21,5,arsenal,fulham,1,0.23743284392472322,0.23553779949669085,0.001895044428032372
2020-01-23|20260611|9f2e086d39ae4b855ba21604367109e8e9ce00f96010c5ec65c380d317986abc,1d05f2c627e27489,2019/20,2019/20|2020W04,2020-01-23,2020-01-23,2020-01-21,2,wolves,liverpool,2,0.07802768378543223,0.07832327784960999,-0.0002955940641777566
2024-04-27|20260611|9f2e086d39ae4b855ba21604367109e8e9ce00f96010c5ec65c380d317986abc,1d30a30a7d8eed7f,2023/24,2023/24|2024W17,2024-04-27,2024-04-27,2024-04-23,4,newcastle,sheffield_united,0,0.014640959377432906,0.013639842512286244,0.0010011168651466625
2024-02-04|20260611|9f2e086d39ae4b855ba21604367109e8e9ce00f96010c5ec65c380d317986abc,1d7d697a472551fa,2023/24,2023/24|2024W05,2024-02-04,2024-02-04,2024-01-30,5,bournemouth,nottm_forest,1,0.15416136312216172,0.1549615227478481,-0.0008001596256863863
2025-02-02|20260611|9f2e086d39ae4b855ba21604367109e8e9ce00f96010c5ec65c380d317986abc,1d8d242952a12160,2024/25,2024/25|2025W05,2025-02-02,2025-02-02,2025-02-01,1,brentford,tottenham,2,0.2624981764947937,0.2585212940343702,0.003976882460423492
2022-05-19|20260611|9f2e086d39ae4b855ba21604367109e8e9ce00f96010c5ec65c380d317986abc,1dcd756672204b12,2021/22,2021/22|2022W20,2022-05-19,2022-05-19,2022-05-16,3,aston_villa,burnley,1,0.14830236509896566,0.14783986835565702,0.00046249674330864354
2024-05-11|20260611|9f2e086d39ae4b855ba21604367109e8e9ce00f96010c5ec65c380d317986abc,1df28a36b26df42a,2023/24,2023/24|2024W19,2024-05-11,2024-05-11,2024-05-06,5,west_ham,luton,0,0.09690029333691734,0.09784491277141925,-0.0009446194345019143
2025-04-02|20260611|9f2e086d39ae4b855ba21604367109e8e9ce00f96010c5ec65c380d317986abc,1df6ba10c47831da,2024/25,2024/25|2025W14,2025-04-02,2025-04-02,2025-04-01,1,man_city,leicester,0,0.010169320818090596,0.01031134434821184,-0.00014202353012124358
2021-05-08|20260611|9f2e086d39ae4b855ba21604367109e8e9ce00f96010c5ec65c380d317986abc,1e0124f11d04e7e3,2020/21,2020/21|2021W18,2021-05-08,2021-05-08,2021-05-03,5,sheffield_united,crystal_palace,2,0.2193284357633736,0.22033192523003525,-0.00100348946666165
2023-02-25|20260611|9f2e086d39ae4b855ba21604367109e8e9ce00f96010c5ec65c380d317986abc,1e33308ba6c0151e,2022/23,2022/23|2023W08,2023-02-25,2023-02-25,2023-02-24,1,everton,aston_villa,2,0.2500268481998229,0.25010836755489085,-8.151935506794938e-05
2021-11-07|20260611|9f2e086d39ae4b855ba21604367109e8e9ce00f96010c5ec65c380d317986abc,1eb49bebe19da203,2021/22,2021/22|2021W44,2021-11-07,2021-11-07,2021-11-01,6,everton,tottenham,1,0.144255967988477,0.14273770253243223,0.0015182654560447761
2022-10-29|20260611|9f2e086d39ae4b855ba21604367109e8e9ce00f96010c5ec65c380d317986abc,1eb6475c111f7ab5,2022/23,2022/23|2022W43,2022-10-29,2022-10-29,2022-10-24,5,crystal_palace,southampton,0,0.15798714599441246,0.15839693050059916,-0.00040978450618670004
2025-05-04|20260611|9f2e086d39ae4b855ba21604367109e8e9ce00f96010c5ec65c380d317986abc,1ec39fc6aa092bdd,2024/25,2024/25|2025W18,2025-05-04,2025-05-04,2025-05-01,3,west_ham,tottenham,1,0.1567446529812085,0.1560077653425341,0.0007368876386743828
2023-10-07|20260611|9f2e086d39ae4b855ba21604367109e8e9ce00f96010c5ec65c380d317986abc,1ef0ed16d798fb02,2023/24,2023/24|2023W40,2023-10-07,2023-10-07,2023-10-02,5,burnley,chelsea,2,0.14984056352869263,0.15000995599934125,-0.00016939247064862162
2023-03-04|20260611|9f2e086d39ae4b855ba21604367109e8e9ce00f96010c5ec65c380d317986abc,1f2a6502fd3fbaaf,2022/23,2022/23|2023W09,2023-03-04,2023-03-04,2023-03-01,3,arsenal,bournemouth,0,0.018384226473904263,0.0199780446395162,-0.0015938181656119377
2024-10-26|20260611|9f2e086d39ae4b855ba21604367109e8e9ce00f96010c5ec65c380d317986abc,1f2f68d4ebe89e3c,2024/25,2024/25|2024W43,2024-10-26,2024-10-26,2024-10-21,5,aston_villa,bournemouth,1,0.19890006875483127,0.19912420288603283,-0.00022413413120156434
2021-05-07|20260611|9f2e086d39ae4b855ba21604367109e8e9ce00f96010c5ec65c380d317986abc,1f371ccd213a8b12,2020/21,2020/21|2021W18,2021-05-07,2021-05-07,2021-05-03,4,leicester,newcastle,2,0.5584070227559824,0.5584265569752113,-1.9534219228845018e-05
2022-04-24|20260611|9f2e086d39ae4b855ba21604367109e8e9ce00f96010c5ec65c380d317986abc,1ffc3ba9b93daba1,2021/22,2021/22|2022W16,2022-04-24,2022-04-24,2022-04-19,5,liverpool,everton,0,0.0192856276880881,0.02073573564676804,-0.00145010795867994
2021-02-28|20260611|9f2e086d39ae4b855ba21604367109e8e9ce00f96010c5ec65c380d317986abc,20a39b9cc00c523b,2020/21,2020/21|2021W08,2021-02-28,2021-02-28,2021-02-22,6,chelsea,man_united,1,0.14021269038085543,0.13976501120859602,0.00044767917225940757
2021-10-31|20260611|9f2e086d39ae4b855ba21604367109e8e9ce00f96010c5ec65c380d317986abc,20aff459e2e8cef7,2021/22,2021/22|2021W43,2021-10-31,2021-10-31,2021-10-30,1,norwich,leeds,2,0.05828463166866146,0.060632391002069456,-0.0023477593334079935
2020-12-16|20260611|9f2e086d39ae4b855ba21604367109e8e9ce00f96010c5ec65c380d317986abc,20c01dcd60e3b24a,2020/21,2020/21|2020W51,2020-12-16,2020-12-16,2020-12-15,1,fulham,brighton,1,0.1299763003521192,0.13001750854332425,-4.1208191205038824e-05
2023-12-23|20260611|9f2e086d39ae4b855ba21604367109e8e9ce00f96010c5ec65c380d317986abc,212a606ecfba27c9,2023/24,2023/24|2023W51,2023-12-23,2023-12-23,2023-12-21,2,tottenham,everton,0,0.07771247108603586,0.07744072093659851,0.00027175014943735254
2023-01-03|20260611|9f2e086d39ae4b855ba21604367109e8e9ce00f96010c5ec65c380d317986abc,2131ef9ad2c8fc4d,2022/23,2022/23|2023W01,2023-01-03,2023-01-03,2023-01-02,1,everton,brighton,2,0.22771325603429304,0.22683677939047941,0.0008764766438136284
2022-01-19|20260611|9f2e086d39ae4b855ba21604367109e8e9ce00f96010c5ec65c380d317986abc,2152d40067689a33,2021/22,2021/22|2022W03,2022-01-19,2022-01-19,2022-01-18,1,brentford,man_united,2,0.1051880233567293,0.10496633636513052,0.0002216869915987879
2020-12-13|20260611|9f2e086d39ae4b855ba21604367109e8e9ce00f96010c5ec65c380d317986abc,2167fce6adea5297,2020/21,2020/21|2020W50,2020-12-13,2020-12-13,2020-12-07,6,southampton,sheffield_united,0,0.142705473523353,0.14801008664168225,-0.005304613118329249
2024-05-11|20260611|9f2e086d39ae4b855ba21604367109e8e9ce00f96010c5ec65c380d317986abc,217613d4dc18d109,2023/24,2023/24|2024W19,2024-05-11,2024-05-11,2024-05-06,5,nottm_forest,chelsea,2,0.1478929829662489,0.14699516871047946,0.0008978142557694302
2019-11-30|20260611|9f2e086d39ae4b855ba21604367109e8e9ce00f96010c5ec65c380d317986abc,2194f1209d92ef8f,2019/20,2019/20|2019W48,2019-11-30,2019-11-30,2019-11-25,5,tottenham,bournemouth,0,0.048721705225608994,0.04907388793674882,-0.0003521827111398271
2022-02-09|20260611|9f2e086d39ae4b855ba21604367109e8e9ce00f96010c5ec65c380d317986abc,21fa7549d97bcad4,2021/22,2021/22|2022W06,2022-02-09,2022-02-09,2022-02-08,1,aston_villa,leeds,1,0.14736224769220485,0.14732400720919686,3.8240483007989656e-05
2019-12-05|20260611|9f2e086d39ae4b855ba21604367109e8e9ce00f96010c5ec65c380d317986abc,2201e3719c34c38f,2019/20,2019/20|2019W49,2019-12-05,2019-12-05,2019-12-03,2,arsenal,brighton,2,0.6103514095696821,0.6099737580152531,0.0003776515544290371
2021-03-19|20260611|9f2e086d39ae4b855ba21604367109e8e9ce00f96010c5ec65c380d317986abc,220260492660440c,2020/21,2020/21|2021W11,2021-03-19,2021-03-19,2021-03-15,4,fulham,leeds,2,0.20932370870487127,0.20934313662556825,-1.9427920696979406e-05
2024-02-17|20260611|9f2e086d39ae4b855ba21604367109e8e9ce00f96010c5ec65c380d317986abc,222bde5dffd3df26,2023/24,2023/24|2024W07,2024-02-17,2024-02-17,2024-02-12,5,man_city,chelsea,1,0.27941271192343137,0.2835853552432004,-0.0041726433197690205
2024-05-04|20260611|9f2e086d39ae4b855ba21604367109e8e9ce00f96010c5ec65c380d317986abc,233347f18a4ff6ba,2023/24,2023/24|2024W18,2024-05-04,2024-05-04,2024-05-02,2,burnley,newcastle,2,0.11047241673397384,0.11013606704917525,0.0003363496847985925
2024-04-21|20260611|9f2e086d39ae4b855ba21604367109e8e9ce00f96010c5ec65c380d317986abc,234561868224384b,2023/24,2023/24|2024W16,2024-04-21,2024-04-21,2024-04-15,6,everton,nottm_forest,0,0.21486965999417862,0.19981176553722502,0.015057894456953602
2024-12-01|20260611|9f2e086d39ae4b855ba21604367109e8e9ce00f96010c5ec65c380d317986abc,236ac313983ffdf4,2024/25,2024/25|2024W48,2024-12-01,2024-12-01,2024-11-25,6,chelsea,aston_villa,0,0.1559174058748422,0.15391924112368208,0.001998164751160131
2021-05-16|20260611|9f2e086d39ae4b855ba21604367109e8e9ce00f96010c5ec65c380d317986abc,23862f79c2a1a0b8,2020/21,2020/21|2021W19,2021-05-16,2021-05-16,2021-05-10,6,west_brom,liverpool,2,0.028850562754260848,0.03200861115571825,-0.003158048401457402
2024-10-27|20260611|9f2e086d39ae4b855ba21604367109e8e9ce00f96010c5ec65c380d317986abc,238b6ea7ffa7dccf,2024/25,2024/25|2024W43,2024-10-27,2024-10-27,2024-10-21,6,arsenal,liverpool,1,0.14124275728245206,0.14201979959282243,-0.0007770423103703739
2022-01-15|20260611|9f2e086d39ae4b855ba21604367109e8e9ce00f96010c5ec65c380d317986abc,239a81566e5d257e,2021/22,2021/22|2022W02,2022-01-15,2022-01-15,2022-01-11,4,man_city,chelsea,0,0.09064612665484202,0.09115776857245543,-0.000511641917613409
2022-05-07|20260611|9f2e086d39ae4b855ba21604367109e8e9ce00f96010c5ec65c380d317986abc,23b726ce9e05a885,2021/22,2021/22|2022W18,2022-05-07,2022-05-07,2022-05-02,5,chelsea,wolves,1,0.19410201379890624,0.19366036195833666,0.0004416518405695735
2024-05-11|20260611|9f2e086d39ae4b855ba21604367109e8e9ce00f96010c5ec65c380d317986abc,23e4c7b421f9a4ac,2023/24,2023/24|2024W19,2024-05-11,2024-05-11,2024-05-06,5,fulham,man_city,2,0.05520835120184501,0.054892300698929,0.0003160505029160057
2022-04-10|20260611|9f2e086d39ae4b855ba21604367109e8e9ce00f96010c5ec65c380d317986abc,24303b93e2513e53,2021/22,2021/22|2022W14,2022-04-10,2022-04-10,2022-04-04,6,leicester,crystal_palace,0,0.1495562341853618,0.13583268462054623,0.013723549564815557
2020-01-22|20260611|9f2e086d39ae4b855ba21604367109e8e9ce00f96010c5ec65c380d317986abc,244242037e49c17c,2019/20,2019/20|2020W04,2020-01-22,2020-01-22,2020-01-21,1,tottenham,norwich,0,0.024430957753260246,0.024131071777008503,0.0002998859762517424
2021-12-15|20260611|9f2e086d39ae4b855ba21604367109e8e9ce00f96010c5ec65c380d317986abc,2461b889dc36bec0,2021/22,2021/22|2021W50,2021-12-15,2021-12-15,2021-12-14,1,crystal_palace,southampton,1,0.14404198964209158,0.14393155640567626,0.00011043323641532488
2022-01-02|20260611|9f2e086d39ae4b855ba21604367109e8e9ce00f96010c5ec65c380d317986abc,2462db614b64929e,2021/22,2021/22|2021W52,2022-01-02,2022-01-02,2021-12-27,6,brentford,aston_villa,0,0.2950537761415406,0.3014471450114482,-0.006393368869907601
2021-02-14|20260611|9f2e086d39ae4b855ba21604367109e8e9ce00f96010c5ec65c380d317986abc,2464ca1fb43f1dda,2020/21,2020/21|2021W06,2021-02-14,2021-02-14,2021-02-08,6,arsenal,leeds,0,0.13172383193984122,0.12008381039939411,0.011640021540447104
2021-05-23|20260611|9f2e086d39ae4b855ba21604367109e8e9ce00f96010c5ec65c380d317986abc,24820996f4e84137,2020/21,2020/21|2021W20,2021-05-23,2021-05-23,2021-05-18,5,west_ham,southampton,0,0.134342082552725,0.14364551336065767,-0.009303430807932667
2020-10-03|20260611|9f2e086d39ae4b855ba21604367109e8e9ce00f96010c5ec65c380d317986abc,24a1e8dc78b3c8a6,2020/21,2020/21|2020W40,2020-10-03,2020-10-03,2020-09-28,5,leeds,man_city,1,0.2695604270692183,0.2666648241551065,0.0028956029141117834
2023-03-11|20260611|9f2e086d39ae4b855ba21604367109e8e9ce00f96010c5ec65c380d317986abc,24aa2253089539a6,2022/23,2022/23|2023W10,2023-03-11,2023-03-11,2023-03-06,5,leeds,brighton,1,0.14736492261332562,0.1475744189651937,-0.00020949635186806592
2024-04-07|20260611|9f2e086d39ae4b855ba21604367109e8e9ce00f96010c5ec65c380d317986abc,24ce015907136913,2023/24,2023/24|2024W14,2024-04-07,2024-04-07,2024-04-02,5,tottenham,nottm_forest,0,0.061499727242479235,0.055208310908065265,0.00629141633441397
2020-12-19|20260611|9f2e086d39ae4b855ba21604367109e8e9ce00f96010c5ec65c380d317986abc,250d258635082bd5,2020/21,2020/21|2020W51,2020-12-19,2020-12-19,2020-12-15,4,newcastle,fulham,1,0.1736505577865828,0.18043723299212228,-0.006786675205539466
2023-05-20|20260611|9f2e086d39ae4b855ba21604367109e8e9ce00f96010c5ec65c380d317986abc,2568221ba5cafb96,2022/23,2022/23|2023W20,2023-05-20,2023-05-20,2023-05-15,5,bournemouth,man_united,2,0.11261469778372041,0.11239251127089986,0.00022218651282054913
2023-04-26|20260611|9f2e086d39ae4b855ba21604367109e8e9ce00f96010c5ec65c380d317986abc,256d0d95f5c11556,2022/23,2022/23|2023W17,2023-04-26,2023-04-26,2023-04-25,1,nottm_forest,brighton,0,0.5023169333131801,0.5034796991889801,-0.0011627658757999981
2021-12-28|20260611|9f2e086d39ae4b855ba21604367109e8e9ce00f96010c5ec65c380d317986abc,259f86fdce289a86,2021/22,2021/22|2021W52,2021-12-28,2021-12-28,2021-12-27,1,leicester,liverpool,0,0.5137669421348725,0.5139148773754448,-0.00014793524057232776
2025-03-15|20260611|9f2e086d39ae4b855ba21604367109e8e9ce00f96010c5ec65c380d317986abc,25ce61d537f68bdc,2024/25,2024/25|2025W11,2025-03-15,2025-03-15,2025-03-10,5,bournemouth,brentford,2,0.3151215052609148,0.315070626967056,5.0878293858802603e-05
2020-02-01|20260611|9f2e086d39ae4b855ba21604367109e8e9ce00f96010c5ec65c380d317986abc,25e076e6e52375be,2019/20,2019/20|2020W05,2020-02-01,2020-02-01,2020-01-29,3,man_united,wolves,1,0.14868463279797722,0.148644978799165,3.9653998812227975e-05
2021-05-02|20260611|9f2e086d39ae4b855ba21604367109e8e9ce00f96010c5ec65c380d317986abc,25e9ec99ea902fa7,2020/21,2020/21|2021W17,2021-05-02,2021-05-02,2021-04-26,6,newcastle,arsenal,2,0.15029210619019218,0.14946568742702004,0.000826418763172132
2021-10-03|20260611|9f2e086d39ae4b855ba21604367109e8e9ce00f96010c5ec65c380d317986abc,26303673d9da1671,2021/22,2021/22|2021W39,2021-10-03,2021-10-03,2021-09-27,6,crystal_palace,leicester,1,0.15795434588478527,0.15833886350060128,-0.0003845176158160102
2023-10-28|20260611|9f2e086d39ae4b855ba21604367109e8e9ce00f96010c5ec65c380d317986abc,268dc8c8836bc77c,2023/24,2023/24|2023W43,2023-10-28,2023-10-28,2023-10-23,5,chelsea,brentford,2,0.3542715680678698,0.354133600189729,0.00013796787814079892
2021-05-23|20260611|9f2e086d39ae4b855ba21604367109e8e9ce00f96010c5ec65c380d317986abc,2697af04579a99d0,2020/21,2020/21|2021W20,2021-05-23,2021-05-23,2021-05-18,5,leicester,tottenham,2,0.26477850218296656,0.25961371959157475,0.005164782591391803
2023-12-27|20260611|9f2e086d39ae4b855ba21604367109e8e9ce00f96010c5ec65c380d317986abc,26bd04e1697d7809,2023/24,2023/24|2023W52,2023-12-27,2023-12-27,2023-12-26,1,chelsea,crystal_palace,0,0.12990689562308108,0.12929173541617525,0.0006151602069058293
2022-10-08|20260611|9f2e086d39ae4b855ba21604367109e8e9ce00f96010c5ec65c380d317986abc,26e6a699c18cf396,2022/23,2022/23|2022W40,2022-10-08,2022-10-08,2022-10-03,5,brighton,tottenham,2,0.17680936810799763,0.1758392290022741,0.000970139105723522
2022-04-23|20260611|9f2e086d39ae4b855ba21604367109e8e9ce00f96010c5ec65c380d317986abc,2704c3e2851cb7ae,2021/22,2021/22|2022W16,2022-04-23,2022-04-23,2022-04-19,4,norwich,newcastle,2,0.12880859396881325,0.13046276775383545,-0.001654173785022195
2021-03-13|20260611|9f2e086d39ae4b855ba21604367109e8e9ce00f96010c5ec65c380d317986abc,27093e6ffe60beea,2020/21,2020/21|2021W10,2021-03-13,2021-03-13,2021-03-08,5,fulham,man_city,2,0.0246617449619389,0.024653065667223202,8.679294715697311e-06
2020-02-16|20260611|9f2e086d39ae4b855ba21604367109e8e9ce00f96010c5ec65c380d317986abc,271a0c3c3b9f3fbe,2019/20,2019/20|2020W07,2020-02-16,2020-02-16,2020-02-14,2,arsenal,newcastle,0,0.1108627189844725,0.11114932624830783,-0.00028660726383532287
2022-01-16|20260611|9f2e086d39ae4b855ba21604367109e8e9ce00f96010c5ec65c380d317986abc,27228e627a913059,2021/22,2021/22|2022W02,2022-01-16,2022-01-16,2022-01-11,5,liverpool,brentford,0,0.021610071350181816,0.03050543650964802,-0.008895365159466203
2025-01-18|20260611|9f2e086d39ae4b855ba21604367109e8e9ce00f96010c5ec65c380d317986abc,2777d1bf43ba8484,2024/25,2024/25|2025W03,2025-01-18,2025-01-18,2025-01-14,4,west_ham,crystal_palace,2,0.2633745865675965,0.26498458632175087,-0.0016099997541543787
2023-11-12|20260611|9f2e086d39ae4b855ba21604367109e8e9ce00f96010c5ec65c380d317986abc,27911acdcdd73315,2023/24,2023/24|2023W45,2023-11-12,2023-11-12,2023-11-06,6,aston_villa,fulham,0,0.11751038462046504,0.11744510469513378,6.527992533125748e-05
2022-05-01|20260611|9f2e086d39ae4b855ba21604367109e8e9ce00f96010c5ec65c380d317986abc,279c063b088a0e32,2021/22,2021/22|2022W17,2022-05-01,2022-05-01,2022-04-25,6,everton,chelsea,0,0.5470746234900192,0.5446781151699401,0.0023965083200790938
2021-01-30|20260611|9f2e086d39ae4b855ba21604367109e8e9ce00f96010c5ec65c380d317986abc,27cdca2426d32dc4,2020/21,2020/21|2021W04,2021-01-30,2021-01-30,2021-01-26,4,west_brom,fulham,1,0.12152857155279773,0.12284007320555582,-0.0013115016527580903
2024-02-25|20260611|9f2e086d39ae4b855ba21604367109e8e9ce00f96010c5ec65c380d317986abc,27d6b76823778fd4,2023/24,2023/24|2024W08,2024-02-25,2024-02-25,2024-02-19,6,wolves,sheffield_united,0,0.05738582668766451,0.05757321574874531,-0.00018738906108080322
2024-11-09|20260611|9f2e086d39ae4b855ba21604367109e8e9ce00f96010c5ec65c380d317986abc,27e4dc5cad3f1ac4,2024/25,2024/25|2024W45,2024-11-09,2024-11-09,2024-11-04,5,brighton,man_city,0,0.5822086370271535,0.5821792282096605,2.9408817493026262e-05
2020-07-17|20260611|9f2e086d39ae4b855ba21604367109e8e9ce00f96010c5ec65c380d317986abc,27efee08245abc93,2019/20,2019/20|2020W29,2020-07-17,2020-07-17,2020-07-13,4,west_ham,watford,0,0.150496437164776,0.14843394108700403,0.0020624960777719803
2020-01-19|20260611|9f2e086d39ae4b855ba21604367109e8e9ce00f96010c5ec65c380d317986abc,28530711ebf59ba0,2019/20,2019/20|2020W03,2020-01-19,2020-01-19,2020-01-18,1,burnley,leicester,0,0.43419782992250644,0.4335731571512196,0.0006246727712868605
2025-02-22|20260611|9f2e086d39ae4b855ba21604367109e8e9ce00f96010c5ec65c380d317986abc,28626facf5c6fc31,2024/25,2024/25|2025W08,2025-02-22,2025-02-22,2025-02-19,3,ipswich,tottenham,2,0.07826727349358921,0.07860030232825252,-0.0003330288346633098
2021-03-20|20260611|9f2e086d39ae4b855ba21604367109e8e9ce00f96010c5ec65c380d317986abc,286a60786ea18638,2020/21,2020/21|2021W11,2021-03-20,2021-03-20,2021-03-15,5,brighton,newcastle,0,0.21894032233107802,0.2187094625679237,0.00023085976315431744
2023-03-04|20260611|9f2e086d39ae4b855ba21604367109e8e9ce00f96010c5ec65c380d317986abc,287a9bb632e818bc,2022/23,2022/23|2023W09,2023-03-04,2023-03-04,2023-03-01,3,man_city,newcastle,0,0.03226094494408846,0.032486849021907835,-0.00022590407781937494
2025-05-18|20260611|9f2e086d39ae4b855ba21604367109e8e9ce00f96010c5ec65c380d317986abc,28a020425649e46b,2024/25,2024/25|2025W20,2025-05-18,2025-05-18,2025-05-16,2,brentford,fulham,2,0.36783174541993957,0.36708157521854917,0.0007501702013903988
2023-05-13|20260611|9f2e086d39ae4b855ba21604367109e8e9ce00f96010c5ec65c380d317986abc,28c80933b39aa711,2022/23,2022/23|2023W19,2023-05-13,2023-05-13,2023-05-08,5,crystal_palace,bournemouth,0,0.14913419437455125,0.14736650851817862,0.0017676858563726305
2021-10-02|20260611|9f2e086d39ae4b855ba21604367109e8e9ce00f96010c5ec65c380d317986abc,28dce23b62a1c60b,2021/22,2021/22|2021W39,2021-10-02,2021-10-02,2021-09-27,5,burnley,norwich,1,0.18283927557735083,0.18310798377819568,-0.00026870820084484714
2025-02-22|20260611|9f2e086d39ae4b855ba21604367109e8e9ce00f96010c5ec65c380d317986abc,28de68544012677b,2024/25,2024/25|2025W08,2025-02-22,2025-02-22,2025-02-19,3,bournemouth,wolves,2,0.4726481926194759,0.4734833954259121,-0.0008352028064362305
2023-11-05|20260611|9f2e086d39ae4b855ba21604367109e8e9ce00f96010c5ec65c380d317986abc,29477e72a6adfe48,2023/24,2023/24|2023W44,2023-11-05,2023-11-05,2023-11-04,1,nottm_forest,aston_villa,0,0.43438122188168005,0.43661468126639763,-0.0022334593847175843
2024-12-07|20260611|9f2e086d39ae4b855ba21604367109e8e9ce00f96010c5ec65c380d317986abc,2948584c71d7781c,2024/25,2024/25|2024W49,2024-12-07,2024-12-07,2024-12-03,4,man_united,nottm_forest,2,0.47338919932365925,0.46900751231688664,0.0043816870067726055
2019-10-27|20260611|9f2e086d39ae4b855ba21604367109e8e9ce00f96010c5ec65c380d317986abc,294e28a9da24288d,2019/20,2019/20|2019W43,2019-10-27,2019-10-27,2019-10-21,6,arsenal,crystal_palace,1,0.19348367137792405,0.20049638507466971,-0.007012713696745665
2024-04-24|20260611|9f2e086d39ae4b855ba21604367109e8e9ce00f96010c5ec65c380d317986abc,29824773f2ca0669,2023/24,2023/24|2024W17,2024-04-24,2024-04-24,2024-04-23,1,crystal_palace,newcastle,0,0.36590673491377845,0.3673719337058137,-0.0014651987920352716
2022-05-22|20260611|9f2e086d39ae4b855ba21604367109e8e9ce00f96010c5ec65c380d317986abc,299f2685d2c3b9d7,2021/22,2021/22|2022W20,2022-05-22,2022-05-22,2022-05-16,6,brentford,leeds,2,0.3982116920155669,0.3965282837487354,0.0016834082668314987
2024-05-04|20260611|9f2e086d39ae4b855ba21604367109e8e9ce00f96010c5ec65c380d317986abc,29a9d43f54862dce,2023/24,2023/24|2024W18,2024-05-04,2024-05-04,2024-05-02,2,sheffield_united,nottm_forest,2,0.15936989231088944,0.15856358292433623,0.0008063093865532112
2023-12-10|20260611|9f2e086d39ae4b855ba21604367109e8e9ce00f96010c5ec65c380d317986abc,29ca5fd014f3fa90,2023/24,2023/24|2023W49,2023-12-10,2023-12-10,2023-12-05,5,everton,chelsea,0,0.356851607564099,0.3837618296622049,-0.026910222098105896
2020-11-22|20260611|9f2e086d39ae4b855ba21604367109e8e9ce00f96010c5ec65c380d317986abc,2a01cb69deece9b7,2020/21,2020/21|2020W47,2020-11-22,2020-11-22,2020-11-21,1,fulham,everton,2,0.09986477779763323,0.1007349238608597,-0.0008701460632264679
2024-05-11|20260611|9f2e086d39ae4b855ba21604367109e8e9ce00f96010c5ec65c380d317986abc,2a0425719a947b70,2023/24,2023/24|2024W19,2024-05-11,2024-05-11,2024-05-06,5,wolves,crystal_palace,2,0.28623027605452467,0.30205077402972186,-0.01582049797519719
2021-11-28|20260611|9f2e086d39ae4b855ba21604367109e8e9ce00f96010c5ec65c380d317986abc,2a3f6f81881ce391,2021/22,2021/22|2021W47,2021-11-28,2021-11-28,2021-11-27,1,chelsea,man_united,1,0.15968335023682625,0.15949016692231613,0.00019318331451012583
2025-02-23|20260611|9f2e086d39ae4b855ba21604367109e8e9ce00f96010c5ec65c380d317986abc,2a663ed05473b7ff,2024/25,2024/25|2025W08,2025-02-23,2025-02-23,2025-02-19,4,man_city,liverpool,2,0.31801673731498076,0.317463974965995,0.0005527623489857691
2019-12-14|20260611|9f2e086d39ae4b855ba21604367109e8e9ce00f96010c5ec65c380d317986abc,2a6db057bc310a89,2019/20,2019/20|2019W50,2019-12-14,2019-12-14,2019-12-09,5,leicester,norwich,1,0.3131334870243321,0.31350333748861364,-0.00036985046428156254
2022-04-03|20260611|9f2e086d39ae4b855ba21604367109e8e9ce00f96010c5ec65c380d317986abc,2a7c3ae8da940d87,2021/22,2021/22|2022W13,2022-04-03,2022-04-03,2022-04-02,1,west_ham,everton,0,0.12104107618218707,0.11953709785060208,0.0015039783315849847
2019-12-28|20260611|9f2e086d39ae4b855ba21604367109e8e9ce00f96010c5ec65c380d317986abc,2a858839861efe73,2019/20,2019/20|2019W52,2019-12-28,2019-12-28,2019-12-26,2,norwich,tottenham,1,0.26230974758188624,0.2571628278804709,0.005146919701415342
2021-12-11|20260611|9f2e086d39ae4b855ba21604367109e8e9ce00f96010c5ec65c380d317986abc,2a947acee0efc7e2,2021/22,2021/22|2021W49,2021-12-11,2021-12-11,2021-12-06,5,arsenal,southampton,0,0.09265075888880772,0.08880628634450599,0.0038444725443017302
2022-10-20|20260611|9f2e086d39ae4b855ba21604367109e8e9ce00f96010c5ec65c380d317986abc,2ae03652036ab5f6,2022/23,2022/23|2022W42,2022-10-20,2022-10-20,2022-10-18,2,fulham,aston_villa,0,0.30344318198096365,0.3036428909144549,-0.0001997089334912494
2019-12-14|20260611|9f2e086d39ae4b855ba21604367109e8e9ce00f96010c5ec65c380d317986abc,2b2b63bc0909c88b,2019/20,2019/20|2019W50,2019-12-14,2019-12-14,2019-12-09,5,liverpool,watford,0,0.007388677448037245,0.007365394438374846,2.3283009662399164e-05
2021-03-03|20260611|9f2e086d39ae4b855ba21604367109e8e9ce00f96010c5ec65c380d317986abc,2b52ea79e4930510,2020/21,2020/21|2021W09,2021-03-03,2021-03-03,2021-03-01,2,burnley,leicester,1,0.14999630383287846,0.15004930763418567,-5.300380130721094e-05
2022-02-12|20260611|9f2e086d39ae4b855ba21604367109e8e9ce00f96010c5ec65c380d317986abc,2b5d9fc7eeb081fc,2021/22,2021/22|2022W06,2022-02-12,2022-02-12,2022-02-08,4,everton,leeds,0,0.2551212539544673,0.2425936157694692,0.01252763818499808
2023-03-11|20260611|9f2e086d39ae4b855ba21604367109e8e9ce00f96010c5ec65c380d317986abc,2b6d12c2e71ec56d,2022/23,2022/23|2023W10,2023-03-11,2023-03-11,2023-03-06,5,bournemouth,liverpool,0,0.7167856575335696,0.7170069592214213,-0.0002213016878517271
2023-02-11|20260611|9f2e086d39ae4b855ba21604367109e8e9ce00f96010c5ec65c380d317986abc,2b7ff64b5e59c127,2022/23,2022/23|2023W06,2023-02-11,2023-02-11,2023-02-08,3,fulham,nottm_forest,0,0.13013138609602962,0.12971358387960005,0.0004178022164295636
2022-05-07|20260611|9f2e086d39ae4b855ba21604367109e8e9ce00f96010c5ec65c380d317986abc,2ba1a503223dee17,2021/22,2021/22|2022W18,2022-05-07,2022-05-07,2022-05-02,5,brentford,southampton,0,0.19297130044934652,0.17907778729261506,0.013893513156731457
2024-05-05|20260611|9f2e086d39ae4b855ba21604367109e8e9ce00f96010c5ec65c380d317986abc,2baea8a0fffc56e3,2023/24,2023/24|2024W18,2024-05-05,2024-05-05,2024-05-02,3,liverpool,tottenham,0,0.07716968979594878,0.08041936714763409,-0.0032496773516853122
2022-03-10|20260611|9f2e086d39ae4b855ba21604367109e8e9ce00f96010c5ec65c380d317986abc,2bb32b25fb410b64,2021/22,2021/22|2022W10,2022-03-10,2022-03-10,2022-03-07,3,southampton,newcastle,2,0.35085990173400444,0.3490865754197648,0.0017733263142396538
2023-10-22|20260611|9f2e086d39ae4b855ba21604367109e8e9ce00f96010c5ec65c380d317986abc,2bca71e640afd89d,2023/24,2023/24|2023W42,2023-10-22,2023-10-22,2023-10-21,1,aston_villa,west_ham,0,0.15283700075433218,0.15318234845052248,-0.0003453476961902957
2024-08-24|20260611|9f2e086d39ae4b855ba21604367109e8e9ce00f96010c5ec65c380d317986abc,2bd9e4471c672e90,2024/25,2024/25|2024W34,2024-08-24,2024-08-24,2024-08-19,5,man_city,ipswich,0,0.016641641594765805,0.0167353639828778,-9.372238811199488e-05
2022-01-01|20260611|9f2e086d39ae4b855ba21604367109e8e9ce00f96010c5ec65c380d317986abc,2c547d0f1fcab254,2021/22,2021/22|2021W52,2022-01-01,2022-01-01,2021-12-27,5,watford,tottenham,2,0.0900864270210293,0.09665836993457526,-0.006571942913545958
2023-11-11|20260611|9f2e086d39ae4b855ba21604367109e8e9ce00f96010c5ec65c380d317986abc,2c9abaa623d3cbdc,2023/24,2023/24|2023W45,2023-11-11,2023-11-11,2023-11-06,5,arsenal,burnley,0,0.015268086775231443,0.01514457771475086,0.00012350906048058316
2020-07-16|20260611|9f2e086d39ae4b855ba21604367109e8e9ce00f96010c5ec65c380d317986abc,2d256127cbe27760,2019/20,2019/20|2020W29,2020-07-16,2020-07-16,2020-07-13,3,southampton,brighton,1,0.15619858141497006,0.15370306604415684,0.002495515370813217
2020-07-26|20260611|9f2e086d39ae4b855ba21604367109e8e9ce00f96010c5ec65c380d317986abc,2d4a3f7371b6f112,2019/20,2019/20|2020W30,2020-07-26,2020-07-26,2020-07-20,6,man_city,norwich,0,0.0009283942642637024,0.0010059371483274026,-7.754288406370017e-05
2025-05-25|20260611|9f2e086d39ae4b855ba21604367109e8e9ce00f96010c5ec65c380d317986abc,2d8aacdbe027527c,2024/25,2024/25|2025W21,2025-05-25,2025-05-25,2025-05-19,6,fulham,man_city,2,0.09429524537050085,0.09487664892048725,-0.0005814035499863979
2023-10-27|20260611|9f2e086d39ae4b855ba21604367109e8e9ce00f96010c5ec65c380d317986abc,2dc0737b1550fb6e,2023/24,2023/24|2023W43,2023-10-27,2023-10-27,2023-10-23,4,crystal_palace,tottenham,2,0.1659193956210317,0.1692623389097876,-0.003342943288755895
2020-06-24|20260611|9f2e086d39ae4b855ba21604367109e8e9ce00f96010c5ec65c380d317986abc,2dd6aaaac5edafe2,2019/20,2019/20|2020W26,2020-06-24,2020-06-24,2020-06-22,2,man_united,sheffield_united,0,0.13211929440774,0.132559607817391,-0.0004403134096510053
2020-06-24|20260611|9f2e086d39ae4b855ba21604367109e8e9ce00f96010c5ec65c380d317986abc,2e24f4135b767312,2019/20,2019/20|2020W26,2020-06-24,2020-06-24,2020-06-22,2,wolves,bournemouth,0,0.06463174591214485,0.06542206241556905,-0.0007903165034242043
2021-02-03|20260611|9f2e086d39ae4b855ba21604367109e8e9ce00f96010c5ec65c380d317986abc,2e46c23e84fc5a1a,2020/21,2020/21|2021W05,2021-02-03,2021-02-03,2021-02-02,1,fulham,leicester,2,0.09275722962859125,0.09094643287385051,0.0018107967547407317
2025-01-15|20260611|9f2e086d39ae4b855ba21604367109e8e9ce00f96010c5ec65c380d317986abc,2e493f254731b380,2024/25,2024/25|2025W03,2025-01-15,2025-01-15,2025-01-14,1,arsenal,tottenham,0,0.06256488364074371,0.06303906462505889,-0.00047418098431517564
2024-04-04|20260611|9f2e086d39ae4b855ba21604367109e8e9ce00f96010c5ec65c380d317986abc,2eb888f705057f08,2023/24,2023/24|2024W14,2024-04-04,2024-04-04,2024-04-02,2,liverpool,sheffield_united,0,0.0026157772464161016,0.002711552024531253,-9.57747781151516e-05
2022-10-23|20260611|9f2e086d39ae4b855ba21604367109e8e9ce00f96010c5ec65c380d317986abc,2f0ea90ca3569528,2022/23,2022/23|2022W42,2022-10-23,2022-10-23,2022-10-18,5,tottenham,newcastle,2,0.5625812089809299,0.5730980664670935,-0.0105168574861636
2023-02-11|20260611|9f2e086d39ae4b855ba21604367109e8e9ce00f96010c5ec65c380d317986abc,2f91d077487c778b,2022/23,2022/23|2023W06,2023-02-11,2023-02-11,2023-02-08,3,leicester,tottenham,0,0.3674757772322163,0.36634479628059047,0.0011309809516258373
2022-02-13|20260611|9f2e086d39ae4b855ba21604367109e8e9ce00f96010c5ec65c380d317986abc,2f9ff6927652d210,2021/22,2021/22|2022W06,2022-02-13,2022-02-13,2022-02-08,5,burnley,liverpool,2,0.04532369949334925,0.04496641333075105,0.00035728616259820406
2021-02-06|20260611|9f2e086d39ae4b855ba21604367109e8e9ce00f96010c5ec65c380d317986abc,2faacdc6f06d1a55,2020/21,2020/21|2021W05,2021-02-06,2021-02-06,2021-02-02,4,fulham,west_ham,1,0.1654181510466568,0.15665009883594544,0.008768052210711363
2022-05-11|20260611|9f2e086d39ae4b855ba21604367109e8e9ce00f96010c5ec65c380d317986abc,2fd3dee5cd22d743,2021/22,2021/22|2022W19,2022-05-11,2022-05-11,2022-05-10,1,leicester,norwich,0,0.026752271527742885,0.026734996810142433,1.7274717600452433e-05
2020-07-15|20260611|9f2e086d39ae4b855ba21604367109e8e9ce00f96010c5ec65c380d317986abc,2fd62e498ece8102,2019/20,2019/20|2020W29,2020-07-15,2020-07-15,2020-07-13,2,burnley,wolves,1,0.12421039971808623,0.1239219267292234,0.0002884729888628229
2022-08-27|20260611|9f2e086d39ae4b855ba21604367109e8e9ce00f96010c5ec65c380d317986abc,2fd63fa613b84c81,2022/23,2022/23|2022W34,2022-08-27,2022-08-27,2022-08-22,5,chelsea,leicester,0,0.10876744564503628,0.10965842697763602,-0.0008909813325997384
2024-11-03|20260611|9f2e086d39ae4b855ba21604367109e8e9ce00f96010c5ec65c380d317986abc,300902192ef1937a,2024/25,2024/25|2024W44,2024-11-03,2024-11-03,2024-11-02,1,tottenham,aston_villa,0,0.18330321872495559,0.18607304883161252,-0.002769830106656934
2024-01-13|20260611|9f2e086d39ae4b855ba21604367109e8e9ce00f96010c5ec65c380d317986abc,300eb9a76ac079fb,2023/24,2023/24|2024W02,2024-01-13,2024-01-13,2024-01-12,1,newcastle,man_city,2,0.10951344409311078,0.10957031211068727,-5.686801757648352e-05
2022-02-26|20260611|9f2e086d39ae4b855ba21604367109e8e9ce00f96010c5ec65c380d317986abc,303897a650a9f14b,2021/22,2021/22|2022W08,2022-02-26,2022-02-26,2022-02-23,3,brentford,newcastle,2,0.28011134106066005,0.27843052698677123,0.0016808140738888144
2022-03-05|20260611|9f2e086d39ae4b855ba21604367109e8e9ce00f96010c5ec65c380d317986abc,308ea005dba899a0,2021/22,2021/22|2022W09,2022-03-05,2022-03-05,2022-03-01,4,aston_villa,southampton,0,0.20818273873726817,0.20760715357737683,0.0005755851598913397
2020-12-13|20260611|9f2e086d39ae4b855ba21604367109e8e9ce00f96010c5ec65c380d317986abc,3097bdeaa118b60d,2020/21,2020/21|2020W50,2020-12-13,2020-12-13,2020-12-07,6,arsenal,burnley,2,0.5242961199489818,0.5240827418304168,0.00021337811856503297
2025-01-05|20260611|9f2e086d39ae4b855ba21604367109e8e9ce00f96010c5ec65c380d317986abc,31008e99067d1a4f,2024/25,2024/25|2025W01,2025-01-05,2025-01-05,2024-12-30,6,liverpool,man_united,1,0.2509315587339782,0.24687779744396307,0.00405376129001514
2025-01-05|20260611|9f2e086d39ae4b855ba21604367109e8e9ce00f96010c5ec65c380d317986abc,314167ba71af9498,2024/25,2024/25|2025W01,2025-01-05,2025-01-05,2024-12-30,6,fulham,ipswich,1,0.18846635569761844,0.210388401862897,-0.02192204616527857
2021-05-15|20260611|9f2e086d39ae4b855ba21604367109e8e9ce00f96010c5ec65c380d317986abc,3143c30ba135e71b,2020/21,2020/21|2021W19,2021-05-15,2021-05-15,2021-05-10,5,brighton,west_ham,1,0.13331171099147893,0.13324817230972402,6.35386817549044e-05
2020-07-08|20260611|9f2e086d39ae4b855ba21604367109e8e9ce00f96010c5ec65c380d317986abc,3161a9e36309eeaf,2019/20,2019/20|2020W28,2020-07-08,2020-07-08,2020-07-06,2,west_ham,burnley,2,0.33783481170568164,0.33849968535407216,-0.0006648736483905182
2023-05-28|20260611|9f2e086d39ae4b855ba21604367109e8e9ce00f96010c5ec65c380d317986abc,31aa20ca2f72af5e,2022/23,2022/23|2023W21,2023-05-28,2023-05-28,2023-05-22,6,everton,bournemouth,0,0.18001290192965297,0.1807387855837013,-0.000725883654048326
2022-10-22|20260611|9f2e086d39ae4b855ba21604367109e8e9ce00f96010c5ec65c380d317986abc,31ce1427db5e0d14,2022/23,2022/23|2022W42,2022-10-22,2022-10-22,2022-10-18,4,chelsea,man_united,1,0.16349557617830662,0.16866584537560358,-0.005170269197296962
2021-12-28|20260611|9f2e086d39ae4b855ba21604367109e8e9ce00f96010c5ec65c380d317986abc,3220e0e83b0a4de5,2021/22,2021/22|2021W52,2021-12-28,2021-12-28,2021-12-27,1,crystal_palace,norwich,0,0.06499378779918703,0.06518710578846504,-0.00019331798927800514
2023-10-08|20260611|9f2e086d39ae4b855ba21604367109e8e9ce00f96010c5ec65c380d317986abc,324607a84637d8bc,2023/24,2023/24|2023W40,2023-10-08,2023-10-08,2023-10-02,6,brighton,liverpool,1,0.174410920487752,0.1740908672243449,0.00032005326340711626
2020-02-02|20260611|9f2e086d39ae4b855ba21604367109e8e9ce00f96010c5ec65c380d317986abc,32483ab8320db873,2019/20,2019/20|2020W05,2020-02-02,2020-02-02,2020-01-29,4,burnley,arsenal,1,0.15227480757007011,0.1524633340922957,-0.00018852652222559052
2021-03-21|20260611|9f2e086d39ae4b855ba21604367109e8e9ce00f96010c5ec65c380d317986abc,324fb425874f4771,2020/21,2020/21|2021W11,2021-03-21,2021-03-21,2021-03-15,6,aston_villa,tottenham,2,0.15456317811614598,0.15425186035345825,0.00031131776268772393
2020-01-19|20260611|9f2e086d39ae4b855ba21604367109e8e9ce00f96010c5ec65c380d317986abc,3256ae6765c6a4a5,2019/20,2019/20|2020W03,2020-01-19,2020-01-19,2020-01-18,1,liverpool,man_united,0,0.05578585618452505,0.05608574619340625,-0.00029989000888119843
2024-01-31|20260611|9f2e086d39ae4b855ba21604367109e8e9ce00f96010c5ec65c380d317986abc,326f9fe9b2db3d47,2023/24,2023/24|2024W05,2024-01-31,2024-01-31,2024-01-30,1,man_city,burnley,0,0.005954791969622803,0.005848338547704495,0.00010645342191830786
2023-12-31|20260611|9f2e086d39ae4b855ba21604367109e8e9ce00f96010c5ec65c380d317986abc,328ef51f56fe21d9,2023/24,2023/24|2023W52,2023-12-31,2023-12-31,2023-12-26,5,tottenham,bournemouth,0,0.060183149077998495,0.04974274570675628,0.010440403371242211
2024-12-22|20260611|9f2e086d39ae4b855ba21604367109e8e9ce00f96010c5ec65c380d317986abc,3292a32138c19403,2024/25,2024/25|2024W51,2024-12-22,2024-12-22,2024-12-16,6,everton,chelsea,1,0.16591177243704025,0.16505657421119163,0.000855198225848619
2024-09-01|20260611|9f2e086d39ae4b855ba21604367109e8e9ce00f96010c5ec65c380d317986abc,329b181b86e3e74c,2024/25,2024/25|2024W35,2024-09-01,2024-09-01,2024-08-31,1,chelsea,crystal_palace,1,0.17956498016233025,0.18063569759497203,-0.0010707174326417823
2024-10-05|20260611|9f2e086d39ae4b855ba21604367109e8e9ce00f96010c5ec65c380d317986abc,32acaa61216f423d,2024/25,2024/25|2024W40,2024-10-05,2024-10-05,2024-09-30,5,leicester,bournemouth,0,0.18685066777777987,0.1802359760105845,0.006614691767195369
2025-02-22|20260611|9f2e086d39ae4b855ba21604367109e8e9ce00f96010c5ec65c380d317986abc,32beec8d5eb28dad,2024/25,2024/25|2025W08,2025-02-22,2025-02-22,2025-02-19,3,aston_villa,chelsea,0,0.27817452855360203,0.2813031660128678,-0.0031286374592657817
2021-01-02|20260611|9f2e086d39ae4b855ba21604367109e8e9ce00f96010c5ec65c380d317986abc,32e0bf129c4dae29,2020/21,2020/21|2020W53,2021-01-02,2021-01-02,2020-12-28,5,west_brom,arsenal,2,0.07457257272271645,0.0957525773595464,-0.021180004636829952
2020-02-22|20260611|9f2e086d39ae4b855ba21604367109e8e9ce00f96010c5ec65c380d317986abc,32e42874767edc9b,2019/20,2019/20|2020W08,2020-02-22,2020-02-22,2020-02-17,5,burnley,bournemouth,0,0.17411057490161244,0.17348406852736104,0.0006265063742514065
2021-04-04|20260611|9f2e086d39ae4b855ba21604367109e8e9ce00f96010c5ec65c380d317986abc,331607e523aae888,2020/21,2020/21|2021W13,2021-04-04,2021-04-04,2021-04-03,1,newcastle,tottenham,1,0.1984187126544418,0.19717956988773214,0.0012391427667096666
2021-01-30|20260611|9f2e086d39ae4b855ba21604367109e8e9ce00f96010c5ec65c380d317986abc,3319056b08eb7ba5,2020/21,2020/21|2021W04,2021-01-30,2021-01-30,2021-01-26,4,crystal_palace,wolves,0,0.33132211447759297,0.31663426885363627,0.014687845623956697
2025-02-26|20260611|9f2e086d39ae4b855ba21604367109e8e9ce00f96010c5ec65c380d317986abc,33369d7e2edb1509,2024/25,2024/25|2025W09,2025-02-26,2025-02-26,2025-02-25,1,nottm_forest,arsenal,1,0.20937720325878809,0.21049008420005605,-0.001112880941267963
2025-05-25|20260611|9f2e086d39ae4b855ba21604367109e8e9ce00f96010c5ec65c380d317986abc,335939c35598f2c4,2024/25,2024/25|2025W21,2025-05-25,2025-05-25,2025-05-19,6,nottm_forest,chelsea,2,0.21791194622084836,0.21671696954393008,0.0011949766769182857
2022-08-28|20260611|9f2e086d39ae4b855ba21604367109e8e9ce00f96010c5ec65c380d317986abc,33672bdc95077ba4,2022/23,2022/23|2022W34,2022-08-28,2022-08-28,2022-08-22,6,nottm_forest,tottenham,2,0.1063866806401445,0.1052822375706085,0.0011044430695359986
2021-09-17|20260611|9f2e086d39ae4b855ba21604367109e8e9ce00f96010c5ec65c380d317986abc,33836c90b4170d25,2021/22,2021/22|2021W37,2021-09-17,2021-09-17,2021-09-13,4,newcastle,leeds,1,0.15366973372959325,0.1538801239424825,-0.00021039021288923876
2022-01-15|20260611|9f2e086d39ae4b855ba21604367109e8e9ce00f96010c5ec65c380d317986abc,33c9a561c7c0b47d,2021/22,2021/22|2022W02,2022-01-15,2022-01-15,2022-01-11,4,wolves,southampton,0,0.17858844224825227,0.1713347426933425,0.007253699554909759
2022-01-23|20260611|9f2e086d39ae4b855ba21604367109e8e9ce00f96010c5ec65c380d317986abc,34141b68dd2dae50,2021/22,2021/22|2022W03,2022-01-23,2022-01-23,2022-01-18,5,chelsea,tottenham,0,0.15489777294308427,0.14875122394252524,0.006146549000559026
2020-12-26|20260611|9f2e086d39ae4b855ba21604367109e8e9ce00f96010c5ec65c380d317986abc,341dba88f8a2ee34,2020/21,2020/21|2020W52,2020-12-26,2020-12-26,2020-12-21,5,man_city,newcastle,0,0.016757708126249247,0.01695475761934251,-0.0001970494930932619
2021-03-06|20260611|9f2e086d39ae4b855ba21604367109e8e9ce00f96010c5ec65c380d317986abc,3434f13b27c27d40,2020/21,2020/21|2021W09,2021-03-06,2021-03-06,2021-03-01,5,aston_villa,wolves,1,0.12631830590872922,0.1251090742537232,0.0012092316550060267
2021-01-17|20260611|9f2e086d39ae4b855ba21604367109e8e9ce00f96010c5ec65c380d317986abc,3444c48a9d9b1f51,2020/21,2020/21|2021W02,2021-01-17,2021-01-17,2021-01-12,5,liverpool,man_united,1,0.1778926224041896,0.18050389066728498,-0.0026112682630953787
2022-12-27|20260611|9f2e086d39ae4b855ba21604367109e8e9ce00f96010c5ec65c380d317986abc,34700a25150998bc,2022/23,2022/23|2022W52,2022-12-27,2022-12-27,2022-12-26,1,chelsea,bournemouth,0,0.039418844293848995,0.03753498581883724,0.0018838584750117543
2023-04-09|20260611|9f2e086d39ae4b855ba21604367109e8e9ce00f96010c5ec65c380d317986abc,34cd3d3e7b788ded,2022/23,2022/23|2023W14,2023-04-09,2023-04-09,2023-04-03,6,liverpool,arsenal,1,0.15745618855512325,0.1575018763496485,-4.5687794525239855e-05
2024-12-21|20260611|9f2e086d39ae4b855ba21604367109e8e9ce00f96010c5ec65c380d317986abc,35041b49e4b1b36b,2024/25,2024/25|2024W51,2024-12-21,2024-12-21,2024-12-16,5,west_ham,brighton,1,0.14361920839856523,0.14410125768840323,-0.0004820492898379991
2025-04-05|20260611|9f2e086d39ae4b855ba21604367109e8e9ce00f96010c5ec65c380d317986abc,353d4829c35bf031,2024/25,2024/25|2025W14,2025-04-05,2025-04-05,2025-04-01,4,west_ham,bournemouth,1,0.1431146218873081,0.14315815567396165,-4.353378665353236e-05
2020-09-27|20260611|9f2e086d39ae4b855ba21604367109e8e9ce00f96010c5ec65c380d317986abc,354a1d8462155b50,2020/21,2020/21|2020W39,2020-09-27,2020-09-27,2020-09-21,6,tottenham,newcastle,1,0.22969621953087127,0.2298515187993257,-0.000155299268454423
2024-04-03|20260611|9f2e086d39ae4b855ba21604367109e8e9ce00f96010c5ec65c380d317986abc,356b7ab64c3df8f4,2023/24,2023/24|2024W14,2024-04-03,2024-04-03,2024-04-02,1,brentford,brighton,1,0.14213223214690027,0.14237298633673728,-0.0002407541898370169
2019-11-30|20260611|9f2e086d39ae4b855ba21604367109e8e9ce00f96010c5ec65c380d317986abc,358e7726d80ba142,2019/20,2019/20|2019W48,2019-11-30,2019-11-30,2019-11-25,5,burnley,crystal_palace,2,0.3019942824394183,0.301333022310578,0.0006612601288402686
2023-10-08|20260611|9f2e086d39ae4b855ba21604367109e8e9ce00f96010c5ec65c380d317986abc,35cf73a9a6be3375,2023/24,2023/24|2023W40,2023-10-08,2023-10-08,2023-10-02,6,wolves,aston_villa,1,0.14873191678840206,0.14851276871991848,0.00021914806848358226
2021-05-23|20260611|9f2e086d39ae4b855ba21604367109e8e9ce00f96010c5ec65c380d317986abc,3606c5a2acede6ac,2020/21,2020/21|2021W20,2021-05-23,2021-05-23,2021-05-18,5,man_city,everton,0,0.03728551095507529,0.03170727560892123,0.005578235346154058
2020-12-16|20260611|9f2e086d39ae4b855ba21604367109e8e9ce00f96010c5ec65c380d317986abc,360a91eb8eb9860b,2020/21,2020/21|2020W51,2020-12-16,2020-12-16,2020-12-15,1,arsenal,southampton,1,0.16260206167543226,0.16315176971344583,-0.0005497080380135744
2023-01-04|20260611|9f2e086d39ae4b855ba21604367109e8e9ce00f96010c5ec65c380d317986abc,369437266958cb82,2022/23,2022/23|2023W01,2023-01-04,2023-01-04,2023-01-02,2,leeds,west_ham,1,0.1390429727551321,0.13896353199844896,7.944075668314676e-05
2023-08-26|20260611|9f2e086d39ae4b855ba21604367109e8e9ce00f96010c5ec65c380d317986abc,36d9eb19dfed671a,2023/24,2023/24|2023W34,2023-08-26,2023-08-26,2023-08-21,5,everton,wolves,2,0.3165821369762857,0.3165140742736172,6.806270266845882e-05
2021-01-27|20260611|9f2e086d39ae4b855ba21604367109e8e9ce00f96010c5ec65c380d317986abc,36da7816c98bc7ec,2020/21,2020/21|2021W04,2021-01-27,2021-01-27,2021-01-26,1,burnley,aston_villa,0,0.2809070736175936,0.27888402762763526,0.0020230459899583386
2024-11-09|20260611|9f2e086d39ae4b855ba21604367109e8e9ce00f96010c5ec65c380d317986abc,3789c47ffe873d72,2024/25,2024/25|2024W45,2024-11-09,2024-11-09,2024-11-04,5,wolves,southampton,0,0.1442705840765096,0.14450345471152926,-0.0002328706350196441
2022-02-12|20260611|9f2e086d39ae4b855ba21604367109e8e9ce00f96010c5ec65c380d317986abc,37aa149893718d95,2021/22,2021/22|2022W06,2022-02-12,2022-02-12,2022-02-08,4,man_united,southampton,1,0.22602626247376487,0.23365740330724902,-0.007631140833484151
2023-09-23|20260611|9f2e086d39ae4b855ba21604367109e8e9ce00f96010c5ec65c380d317986abc,37b970aa5e172aa9,2023/24,2023/24|2023W38,2023-09-23,2023-09-23,2023-09-18,5,burnley,man_united,2,0.1195578666416309,0.11734059134071323,0.0022172753009176704
2022-05-11|20260611|9f2e086d39ae4b855ba21604367109e8e9ce00f96010c5ec65c380d317986abc,37c2cc52fad07f4b,2021/22,2021/22|2022W19,2022-05-11,2022-05-11,2022-05-10,1,watford,everton,1,0.15219380401281252,0.1523200830837264,-0.0001262790709138928
2020-11-22|20260611|9f2e086d39ae4b855ba21604367109e8e9ce00f96010c5ec65c380d317986abc,37efb15016ef445b,2020/21,2020/21|2020W47,2020-11-22,2020-11-22,2020-11-21,1,liverpool,leicester,0,0.09864870592972769,0.09863248228781221,1.6223641915474873e-05
2022-09-03|20260611|9f2e086d39ae4b855ba21604367109e8e9ce00f96010c5ec65c380d317986abc,38f78ab3059811b3,2022/23,2022/23|2022W35,2022-09-03,2022-09-03,2022-08-30,4,chelsea,west_ham,0,0.111812713365256,0.10490417326785487,0.0069085400974011335
2023-04-05|20260611|9f2e086d39ae4b855ba21604367109e8e9ce00f96010c5ec65c380d317986abc,39b4d802e3233d9d,2022/23,2022/23|2023W14,2023-04-05,2023-04-05,2023-04-03,2,west_ham,newcastle,2,0.2585470877715972,0.2584873054810254,5.978229057179707e-05
2023-10-29|20260611|9f2e086d39ae4b855ba21604367109e8e9ce00f96010c5ec65c380d317986abc,39f5ae5413ce12a6,2023/24,2023/24|2023W43,2023-10-29,2023-10-29,2023-10-23,6,liverpool,nottm_forest,0,0.021632785672805036,0.02176887679411301,-0.00013609112130797546
2024-03-16|20260611|9f2e086d39ae4b855ba21604367109e8e9ce00f96010c5ec65c380d317986abc,39f793acb3143f76,2023/24,2023/24|2024W11,2024-03-16,2024-03-16,2024-03-11,5,fulham,tottenham,0,0.345186903677674,0.34579755726188455,-0.0006106535842105298
2024-03-09|20260611|9f2e086d39ae4b855ba21604367109e8e9ce00f96010c5ec65c380d317986abc,39ff264a3f8d33ec,2023/24,2023/24|2024W10,2024-03-09,2024-03-09,2024-03-04,5,bournemouth,sheffield_united,1,0.2365000363380816,0.225460218593021,0.011039817745060576
2021-09-18|20260611|9f2e086d39ae4b855ba21604367109e8e9ce00f96010c5ec65c380d317986abc,3a00e14eb2a374d1,2021/22,2021/22|2021W37,2021-09-18,2021-09-18,2021-09-13,5,norwich,watford,2,0.19527075986436518,0.1942294063212205,0.0010413535431446908
2023-12-23|20260611|9f2e086d39ae4b855ba21604367109e8e9ce00f96010c5ec65c380d317986abc,3a053ab62fe43ec7,2023/24,2023/24|2023W51,2023-12-23,2023-12-23,2023-12-21,2,fulham,burnley,2,0.5581239700893745,0.5585367760388869,-0.0004128059495123182
2022-04-17|20260611|9f2e086d39ae4b855ba21604367109e8e9ce00f96010c5ec65c380d317986abc,3a28fb213517e069,2021/22,2021/22|2022W15,2022-04-17,2022-04-17,2022-04-16,1,newcastle,leicester,0,0.3941197283149707,0.39322191239933924,0.0008978159156314836
2023-04-04|20260611|9f2e086d39ae4b855ba21604367109e8e9ce00f96010c5ec65c380d317986abc,3a295db5b738f48c,2022/23,2022/23|2023W14,2023-04-04,2023-04-04,2023-04-03,1,leicester,aston_villa,2,0.32810732817831256,0.32784625221188896,0.0002610759664236073
2020-12-13|20260611|9f2e086d39ae4b855ba21604367109e8e9ce00f96010c5ec65c380d317986abc,3a3d12fdf95d3bb7,2020/21,2020/21|2020W50,2020-12-13,2020-12-13,2020-12-07,6,crystal_palace,tottenham,1,0.18502403953025165,0.183266571999349,0.00175746753090264
2024-03-02|20260611|9f2e086d39ae4b855ba21604367109e8e9ce00f96010c5ec65c380d317986abc,3a464127ff9ae8e7,2023/24,2023/24|2024W09,2024-03-02,2024-03-02,2024-02-26,5,luton,aston_villa,2,0.1144592889745922,0.1141865255182061,0.0002727634563861048
2023-01-13|20260611|9f2e086d39ae4b855ba21604367109e8e9ce00f96010c5ec65c380d317986abc,3a5bc2131921b0a4,2022/23,2022/23|2023W02,2023-01-13,2023-01-13,2023-01-12,1,aston_villa,leeds,0,0.16120114572879887,0.16166412428326526,-0.00046297855446639224
2025-05-10|20260611|9f2e086d39ae4b855ba21604367109e8e9ce00f96010c5ec65c380d317986abc,3a5e2f7a84840372,2024/25,2024/25|2025W19,2025-05-10,2025-05-10,2025-05-05,5,ipswich,brentford,2,0.08720712651219012,0.0873213591930244,-0.00011423268083428362
2022-09-03|20260611|9f2e086d39ae4b855ba21604367109e8e9ce00f96010c5ec65c380d317986abc,3a64791655463665,2022/23,2022/23|2022W35,2022-09-03,2022-09-03,2022-08-30,4,newcastle,crystal_palace,1,0.13430302045665143,0.134695430319941,-0.0003924098632895612
2020-02-15|20260611|9f2e086d39ae4b855ba21604367109e8e9ce00f96010c5ec65c380d317986abc,3a6f53fe5bd96907,2019/20,2019/20|2020W07,2020-02-15,2020-02-15,2020-02-14,1,southampton,burnley,2,0.3419770145162592,0.3417267639018493,0.00025025061440991925
2022-08-06|20260611|9f2e086d39ae4b855ba21604367109e8e9ce00f96010c5ec65c380d317986abc,3a79b219bf50657f,2022/23,2022/23|2022W31,2022-08-06,2022-08-06,2022-08-05,1,newcastle,nottm_forest,0,0.15199575508510027,0.1514966400652354,0.0004991150198648819
2021-11-07|20260611|9f2e086d39ae4b855ba21604367109e8e9ce00f96010c5ec65c380d317986abc,3ad93c3b80fcd4fb,2021/22,2021/22|2021W44,2021-11-07,2021-11-07,2021-11-01,6,leeds,leicester,1,0.14602961466321146,0.14611996796926163,-9.035330605017267e-05
2021-01-20|20260611|9f2e086d39ae4b855ba21604367109e8e9ce00f96010c5ec65c380d317986abc,3b05b3b247c4f6ae,2020/21,2020/21|2021W03,2021-01-20,2021-01-20,2021-01-18,2,fulham,man_united,2,0.05485777386679851,0.05449387440875849,0.0003638994580400165
2022-10-29|20260611|9f2e086d39ae4b855ba21604367109e8e9ce00f96010c5ec65c380d317986abc,3b0ca330af36b6f1,2022/23,2022/23|2022W43,2022-10-29,2022-10-29,2022-10-24,5,brighton,chelsea,0,0.3915935587293896,0.391737568340339,-0.00014400961094940268
2022-01-21|20260611|9f2e086d39ae4b855ba21604367109e8e9ce00f96010c5ec65c380d317986abc,3b5c072c3e7b9297,2021/22,2021/22|2022W03,2022-01-21,2022-01-21,2022-01-18,3,watford,norwich,2,0.5261693141396262,0.5267487421983434,-0.0005794280587172462
2019-11-09|20260611|9f2e086d39ae4b855ba21604367109e8e9ce00f96010c5ec65c380d317986abc,3b70c370a8f241d0,2019/20,2019/20|2019W45,2019-11-09,2019-11-09,2019-11-08,1,burnley,west_ham,0,0.23833522383015004,0.23747594867190283,0.0008592751582472136
2021-12-12|20260611|9f2e086d39ae4b855ba21604367109e8e9ce00f96010c5ec65c380d317986abc,3b8654fbe3ea3c44,2021/22,2021/22|2021W49,2021-12-12,2021-12-12,2021-12-06,6,burnley,west_ham,1,0.1578651140505556,0.15796906495239965,-0.00010395090184406319
2024-05-03|20260611|9f2e086d39ae4b855ba21604367109e8e9ce00f96010c5ec65c380d317986abc,3b9105ab8ff5378f,2023/24,2023/24|2024W18,2024-05-03,2024-05-03,2024-05-02,1,luton,everton,1,0.13968322006543044,0.13964923043380661,3.398963162382085e-05
2022-02-12|20260611|9f2e086d39ae4b855ba21604367109e8e9ce00f96010c5ec65c380d317986abc,3bafd2db0b066425,2021/22,2021/22|2022W06,2022-02-12,2022-02-12,2022-02-08,4,brentford,crystal_palace,1,0.13434345063313846,0.1362149018961769,-0.0018714512630384483
2023-11-26|20260611|9f2e086d39ae4b855ba21604367109e8e9ce00f96010c5ec65c380d317986abc,3c163f6f4efcdde9,2023/24,2023/24|2023W47,2023-11-26,2023-11-26,2023-11-25,1,everton,man_united,2,0.16425764591990655,0.16363418757020726,0.0006234583496992907
2025-05-25|20260611|9f2e086d39ae4b855ba21604367109e8e9ce00f96010c5ec65c380d317986abc,3c5d5f75631db001,2024/25,2024/25|2025W21,2025-05-25,2025-05-25,2025-05-19,6,tottenham,brighton,2,0.309079043128913,0.31995694075583325,-0.010877897626920263
2021-10-24|20260611|9f2e086d39ae4b855ba21604367109e8e9ce00f96010c5ec65c380d317986abc,3cec55adb2728de2,2021/22,2021/22|2021W42,2021-10-24,2021-10-24,2021-10-18,6,brentford,leicester,2,0.27777991364168525,0.27845233873238084,-0.0006724250906955942
2024-01-31|20260611|9f2e086d39ae4b855ba21604367109e8e9ce00f96010c5ec65c380d317986abc,3cf8f45119c2900b,2023/24,2023/24|2024W05,2024-01-31,2024-01-31,2024-01-30,1,liverpool,chelsea,0,0.065070443139665,0.06493787916608947,0.00013256397357552796
2022-05-22|20260611|9f2e086d39ae4b855ba21604367109e8e9ce00f96010c5ec65c380d317986abc,3d2fb70ac9e6a12d,2021/22,2021/22|2022W20,2022-05-22,2022-05-22,2022-05-16,6,liverpool,wolves,0,0.036036999918763614,0.03587497495193663,0.00016202496682698325
2025-01-25|20260611|9f2e086d39ae4b855ba21604367109e8e9ce00f96010c5ec65c380d317986abc,3d82dbe3c543c1f5,2024/25,2024/25|2025W04,2025-01-25,2025-01-25,2025-01-20,5,wolves,arsenal,2,0.039165001671134445,0.040145153843779646,-0.0009801521726452017
2022-02-19|20260611|9f2e086d39ae4b855ba21604367109e8e9ce00f96010c5ec65c380d317986abc,3dcae9237d7589d0,2021/22,2021/22|2022W07,2022-02-19,2022-02-19,2022-02-15,4,aston_villa,watford,2,0.517903799151232,0.5170657051654899,0.0008380939857420833
2020-12-19|20260611|9f2e086d39ae4b855ba21604367109e8e9ce00f96010c5ec65c380d317986abc,3dfdf6e602d008d2,2020/21,2020/21|2020W51,2020-12-19,2020-12-19,2020-12-15,4,everton,arsenal,0,0.26502676192170627,0.279610252906,-0.014583490984293734
2021-02-07|20260611|9f2e086d39ae4b855ba21604367109e8e9ce00f96010c5ec65c380d317986abc,3e1294535eba30de,2020/21,2020/21|2021W05,2021-02-07,2021-02-07,2021-02-02,5,tottenham,west_brom,0,0.01684580082651771,0.016920181592224203,-7.438076570649363e-05
2021-03-13|20260611|9f2e086d39ae4b855ba21604367109e8e9ce00f96010c5ec65c380d317986abc,3e39598f1dc3efcc,2020/21,2020/21|2021W10,2021-03-13,2021-03-13,2021-03-08,5,everton,burnley,2,0.4210177833557682,0.42731809429890505,-0.006300310943136822
2022-08-14|20260611|9f2e086d39ae4b855ba21604367109e8e9ce00f96010c5ec65c380d317986abc,3e47d4bd4687363b,2022/23,2022/23|2022W32,2022-08-14,2022-08-14,2022-08-13,1,chelsea,tottenham,1,0.1397098464019172,0.13989609348750404,-0.00018624708558684366
2021-11-05|20260611|9f2e086d39ae4b855ba21604367109e8e9ce00f96010c5ec65c380d317986abc,3ec094b7b611af89,2021/22,2021/22|2021W44,2021-11-05,2021-11-05,2021-11-01,4,southampton,aston_villa,0,0.2769421944842556,0.27731984807084264,-0.0003776535865870345
2021-01-01|20260611|9f2e086d39ae4b855ba21604367109e8e9ce00f96010c5ec65c380d317986abc,3ef50f767a077752,2020/21,2020/21|2020W53,2021-01-01,2021-01-01,2020-12-28,4,man_united,aston_villa,0,0.07589982445782448,0.07276519845735602,0.00313462600046846
2020-01-11|20260611|9f2e086d39ae4b855ba21604367109e8e9ce00f96010c5ec65c380d317986abc,3f21782a0ce021fe,2019/20,2019/20|2020W02,2020-01-11,2020-01-11,2020-01-10,1,tottenham,liverpool,2,0.1274964428083673,0.1276034632118093,-0.00010702040344198749
2019-09-22|20260611|9f2e086d39ae4b855ba21604367109e8e9ce00f96010c5ec65c380d317986abc,3f2da2eb6fb301bf,2019/20,2019/20|2019W38,2019-09-22,2019-09-22,2019-09-16,6,west_ham,man_united,0,0.37635317243123123,0.37468913315435887,0.0016640392768723644
2022-12-31|20260611|9f2e086d39ae4b855ba21604367109e8e9ce00f96010c5ec65c380d317986abc,3f31306d6d1c483c,2022/23,2022/23|2022W52,2022-12-31,2022-12-31,2022-12-26,5,wolves,man_united,2,0.15237813298843583,0.15147602056122528,0.0009021124272105552
2022-04-08|20260611|9f2e086d39ae4b855ba21604367109e8e9ce00f96010c5ec65c380d317986abc,3f52d92a1ae2babf,2021/22,2021/22|2022W14,2022-04-08,2022-04-08,2022-04-04,4,newcastle,wolves,0,0.3451302024721003,0.3468384247448881,-0.0017082222727877738
2020-11-29|20260611|9f2e086d39ae4b855ba21604367109e8e9ce00f96010c5ec65c380d317986abc,3f6ecee259e9788d,2020/21,2020/21|2020W48,2020-11-29,2020-11-29,2020-11-23,6,southampton,man_united,2,0.16832405039862483,0.1661588469501969,0.002165203448427938
2020-12-30|20260611|9f2e086d39ae4b855ba21604367109e8e9ce00f96010c5ec65c380d317986abc,3f7cd77313ceba06,2020/21,2020/21|2020W53,2020-12-30,2020-12-30,2020-12-28,2,newcastle,liverpool,1,0.26044754563276246,0.2594692659339018,0.0009782796988606624
2023-02-12|20260611|9f2e086d39ae4b855ba21604367109e8e9ce00f96010c5ec65c380d317986abc,3f858d979a032b4d,2022/23,2022/23|2023W06,2023-02-12,2023-02-12,2023-02-08,4,man_city,aston_villa,0,0.016547674387817596,0.0167606140589325,-0.0002129396711149055
2021-02-13|20260611|9f2e086d39ae4b855ba21604367109e8e9ce00f96010c5ec65c380d317986abc,3fa603b4cae1fe81,2020/21,2020/21|2021W06,2021-02-13,2021-02-13,2021-02-08,5,crystal_palace,burnley,2,0.30412793142179423,0.31173819649505,-0.007610265073255795
2020-01-22|20260611|9f2e086d39ae4b855ba21604367109e8e9ce00f96010c5ec65c380d317986abc,3fb211b582ad2b05,2019/20,2019/20|2020W04,2020-01-22,2020-01-22,2020-01-21,1,leicester,west_ham,0,0.08977762254280204,0.08955392565606443,0.00022369688673760935
2025-01-19|20260611|9f2e086d39ae4b855ba21604367109e8e9ce00f96010c5ec65c380d317986abc,3fb75c638146cc0d,2024/25,2024/25|2025W03,2025-01-19,2025-01-19,2025-01-14,5,man_united,brighton,2,0.32555799550244224,0.3331051897270313,-0.007547194224589049
2020-06-20|20260611|9f2e086d39ae4b855ba21604367109e8e9ce00f96010c5ec65c380d317986abc,3fe829adef549e33,2019/20,2019/20|2020W25,2020-06-20,2020-06-20,2020-06-17,3,watford,leicester,1,0.15607730282564822,0.15624830258731598,-0.00017099976166776165
2025-03-09|20260611|9f2e086d39ae4b855ba21604367109e8e9ce00f96010c5ec65c380d317986abc,4001bc0084ca40db,2024/25,2024/25|2025W10,2025-03-09,2025-03-09,2025-03-08,1,chelsea,leicester,0,0.04307171078240023,0.04340612101428801,-0.0003344102318877801
2024-02-03|20260611|9f2e086d39ae4b855ba21604367109e8e9ce00f96010c5ec65c380d317986abc,4015597e5391277e,2023/24,2023/24|2024W05,2024-02-03,2024-02-03,2024-01-30,4,everton,tottenham,1,0.16034126315269726,0.16181906448789252,-0.0014778013351952612
2023-10-29|20260611|9f2e086d39ae4b855ba21604367109e8e9ce00f96010c5ec65c380d317986abc,402437d7d736c330,2023/24,2023/24|2023W43,2023-10-29,2023-10-29,2023-10-23,6,aston_villa,luton,0,0.02774880587355565,0.028040013238513052,-0.00029120736495740276
2021-08-22|20260611|9f2e086d39ae4b855ba21604367109e8e9ce00f96010c5ec65c380d317986abc,4027fedd8d2e2604,2021/22,2021/22|2021W33,2021-08-22,2021-08-22,2021-08-21,1,arsenal,chelsea,2,0.2611235620252482,0.2590077154927113,0.0021158465325369358
2021-01-27|20260611|9f2e086d39ae4b855ba21604367109e8e9ce00f96010c5ec65c380d317986abc,402a549498f2fd86,2020/21,2020/21|2021W04,2021-01-27,2021-01-27,2021-01-26,1,brighton,fulham,1,0.14250570674178425,0.14357996048095625,-0.0010742537391719986
2023-04-27|20260611|9f2e086d39ae4b855ba21604367109e8e9ce00f96010c5ec65c380d317986abc,406481236a2d207e,2022/23,2022/23|2023W17,2023-04-27,2023-04-27,2023-04-25,2,everton,newcastle,2,0.14799171035372166,0.14714826444656068,0.0008434459071609834
2024-02-17|20260611|9f2e086d39ae4b855ba21604367109e8e9ce00f96010c5ec65c380d317986abc,40b36310d4af510a,2023/24,2023/24|2024W07,2024-02-17,2024-02-17,2024-02-12,5,fulham,aston_villa,2,0.2110507435609236,0.211701909502986,-0.0006511659420624094
2020-02-01|20260611|9f2e086d39ae4b855ba21604367109e8e9ce00f96010c5ec65c380d317986abc,40e8c9b917069d22,2019/20,2019/20|2020W05,2020-02-01,2020-02-01,2020-01-29,3,west_ham,brighton,1,0.14694380310905125,0.14788897928039663,-0.0009451761713453743
2023-12-17|20260611|9f2e086d39ae4b855ba21604367109e8e9ce00f96010c5ec65c380d317986abc,40f1d4c7623920d8,2023/24,2023/24|2023W50,2023-12-17,2023-12-17,2023-12-15,2,west_ham,wolves,0,0.14909840113226525,0.14840992411204007,0.0006884770202251755
2024-04-07|20260611|9f2e086d39ae4b855ba21604367109e8e9ce00f96010c5ec65c380d317986abc,41285cc1d606cdd7,2023/24,2023/24|2024W14,2024-04-07,2024-04-07,2024-04-02,5,sheffield_united,chelsea,1,0.244744515848009,0.24225703428989048,0.0024874815581185095
2024-10-20|20260611|9f2e086d39ae4b855ba21604367109e8e9ce00f96010c5ec65c380d317986abc,41972181951773bb,2024/25,2024/25|2024W42,2024-10-20,2024-10-20,2024-10-19,1,wolves,man_city,2,0.023210407064964203,0.023219861294101255,-9.4542291370521e-06
2022-02-12|20260611|9f2e086d39ae4b855ba21604367109e8e9ce00f96010c5ec65c380d317986abc,41bfe46740c0d1dc,2021/22,2021/22|2022W06,2022-02-12,2022-02-12,2022-02-08,4,watford,brighton,2,0.18829724161954048,0.1894185557098575,-0.001121314090317016
2021-08-28|20260611|9f2e086d39ae4b855ba21604367109e8e9ce00f96010c5ec65c380d317986abc,41c89741aaf9161f,2021/22,2021/22|2021W34,2021-08-28,2021-08-28,2021-08-23,5,man_city,arsenal,0,0.05428600974119861,0.054669826419376094,-0.00038381667817748155
2023-12-06|20260611|9f2e086d39ae4b855ba21604367109e8e9ce00f96010c5ec65c380d317986abc,41f14b0384be3edb,2023/24,2023/24|2023W49,2023-12-06,2023-12-06,2023-12-05,1,aston_villa,man_city,0,0.5042620276212331,0.5053438955819569,-0.001081867960723848
2024-02-21|20260611|9f2e086d39ae4b855ba21604367109e8e9ce00f96010c5ec65c380d317986abc,42156c38aee30415,2023/24,2023/24|2024W08,2024-02-21,2024-02-21,2024-02-19,2,liverpool,luton,0,0.012477534635831462,0.01244626443317825,3.127020265321183e-05
2022-05-08|20260611|9f2e086d39ae4b855ba21604367109e8e9ce00f96010c5ec65c380d317986abc,42280b7b34068bb0,2021/22,2021/22|2022W18,2022-05-08,2022-05-08,2022-05-02,6,norwich,west_ham,2,0.05744582822756125,0.056622741712017644,0.0008230865155436085
2021-01-28|20260611|9f2e086d39ae4b855ba21604367109e8e9ce00f96010c5ec65c380d317986abc,422dcae7b310d3c3,2020/21,2020/21|2021W04,2021-01-28,2021-01-28,2021-01-26,2,tottenham,liverpool,2,0.21803018503944016,0.2211505478022002,-0.003120362762760037
2021-05-23|20260611|9f2e086d39ae4b855ba21604367109e8e9ce00f96010c5ec65c380d317986abc,42465a7527b34fda,2020/21,2020/21|2021W20,2021-05-23,2021-05-23,2021-05-18,5,fulham,newcastle,2,0.205485162114193,0.19859345053105945,0.006891711583133536
2025-04-26|20260611|9f2e086d39ae4b855ba21604367109e8e9ce00f96010c5ec65c380d317986abc,424bfac40d3df059,2024/25,2024/25|2025W17,2025-04-26,2025-04-26,2025-04-21,5,brighton,west_ham,0,0.1540385626249864,0.15334352062376128,0.0006950420012251379
2025-04-05|20260611|9f2e086d39ae4b855ba21604367109e8e9ce00f96010c5ec65c380d317986abc,427d8d7e784f59fe,2024/25,2024/25|2025W14,2025-04-05,2025-04-05,2025-04-01,4,everton,arsenal,1,0.20891863259936502,0.20871770360015168,0.00020092899921334006
2025-04-20|20260611|9f2e086d39ae4b855ba21604367109e8e9ce00f96010c5ec65c380d317986abc,43366cfc74ab0883,2024/25,2024/25|2025W16,2025-04-20,2025-04-20,2025-04-14,6,fulham,chelsea,2,0.23655192342792208,0.2402928638241847,-0.0037409403962626042
2022-03-05|20260611|9f2e086d39ae4b855ba21604367109e8e9ce00f96010c5ec65c380d317986abc,437e0a6b86994abf,2021/22,2021/22|2022W09,2022-03-05,2022-03-05,2022-03-01,4,wolves,crystal_palace,2,0.3964378011256786,0.3965083575738925,-7.055644821390983e-05
2023-04-08|20260611|9f2e086d39ae4b855ba21604367109e8e9ce00f96010c5ec65c380d317986abc,43d3218c70964887,2022/23,2022/23|2023W14,2023-04-08,2023-04-08,2023-04-03,5,wolves,chelsea,0,0.39552672496478286,0.390977247905225,0.004549477059557883
2020-02-23|20260611|9f2e086d39ae4b855ba21604367109e8e9ce00f96010c5ec65c380d317986abc,43e13d24c124d512,2019/20,2019/20|2020W08,2020-02-23,2020-02-23,2020-02-17,6,man_united,watford,0,0.06573021791909286,0.07118770937066321,-0.005457491451570345
2023-02-18|20260611|9f2e086d39ae4b855ba21604367109e8e9ce00f96010c5ec65c380d317986abc,43e535d5824b4db6,2022/23,2022/23|2023W07,2023-02-18,2023-02-18,2023-02-13,5,nottm_forest,man_city,1,0.3418369247992122,0.3380241701713201,0.003812754627892101
2025-01-25|20260611|9f2e086d39ae4b855ba21604367109e8e9ce00f96010c5ec65c380d317986abc,440bdcbc1da87277,2024/25,2024/25|2025W04,2025-01-25,2025-01-25,2025-01-20,5,southampton,newcastle,2,0.04326969202468425,0.043183984684869704,8.570733981454887e-05
2024-05-19|20260611|9f2e086d39ae4b855ba21604367109e8e9ce00f96010c5ec65c380d317986abc,44525cd792a9e1e0,2023/24,2023/24|2024W20,2024-05-19,2024-05-19,2024-05-13,6,man_city,west_ham,0,0.013331934058691191,0.013714143641126659,-0.0003822095824354676
2024-04-06|20260611|9f2e086d39ae4b855ba21604367109e8e9ce00f96010c5ec65c380d317986abc,44751ae43370852a,2023/24,2023/24|2024W14,2024-04-06,2024-04-06,2024-04-02,4,luton,bournemouth,0,0.2535546024452608,0.24773945270232647,0.005815149742934317
2022-02-13|20260611|9f2e086d39ae4b855ba21604367109e8e9ce00f96010c5ec65c380d317986abc,4475ba3292467c59,2021/22,2021/22|2022W06,2022-02-13,2022-02-13,2022-02-08,5,newcastle,aston_villa,0,0.32855859770004503,0.3411665246372105,-0.012607926937165448
2021-10-03|20260611|9f2e086d39ae4b855ba21604367109e8e9ce00f96010c5ec65c380d317986abc,4490a1bdc9f8472f,2021/22,2021/22|2021W39,2021-10-03,2021-10-03,2021-09-27,6,liverpool,man_city,1,0.1415978039358433,0.1419640356555122,-0.0003662317196688747
2019-11-03|20260611|9f2e086d39ae4b855ba21604367109e8e9ce00f96010c5ec65c380d317986abc,44933829888a5378,2019/20,2019/20|2019W44,2019-11-03,2019-11-03,2019-11-02,1,crystal_palace,leicester,2,0.2508866089975033,0.2509213679424197,-3.475894491639098e-05
2022-08-20|20260611|9f2e086d39ae4b855ba21604367109e8e9ce00f96010c5ec65c380d317986abc,44ae4ed318188a4f,2022/23,2022/23|2022W33,2022-08-20,2022-08-20,2022-08-15,5,everton,nottm_forest,1,0.13114626687252562,0.13124987413008724,-0.00010360725756161648
2020-12-26|20260611|9f2e086d39ae4b855ba21604367109e8e9ce00f96010c5ec65c380d317986abc,450b5d6af05c32ec,2020/21,2020/21|2020W52,2020-12-26,2020-12-26,2020-12-21,5,leicester,man_united,1,0.13989082672472827,0.1399852289026628,-9.440217793452166e-05
2020-07-08|20260611|9f2e086d39ae4b855ba21604367109e8e9ce00f96010c5ec65c380d317986abc,45626741bc33f33c,2019/20,2019/20|2020W28,2020-07-08,2020-07-08,2020-07-06,2,brighton,liverpool,2,0.0404545611407944,0.04065123295884239,-0.00019667181804799289
2021-10-24|20260611|9f2e086d39ae4b855ba21604367109e8e9ce00f96010c5ec65c380d317986abc,459bf6ecf64ecbdf,2021/22,2021/22|2021W42,2021-10-24,2021-10-24,2021-10-18,6,man_united,liverpool,2,0.21480529228720702,0.21612129228858823,-0.0013160000013812123
2020-02-28|20260611|9f2e086d39ae4b855ba21604367109e8e9ce00f96010c5ec65c380d317986abc,45e028560c69f7de,2019/20,2019/20|2020W09,2020-02-28,2020-02-28,2020-02-24,4,norwich,leicester,0,0.5527083912662003,0.5523925514634921,0.00031583980270821765
2023-11-26|20260611|9f2e086d39ae4b855ba21604367109e8e9ce00f96010c5ec65c380d317986abc,460efdb4ad0c43a8,2023/24,2023/24|2023W47,2023-11-26,2023-11-26,2023-11-25,1,tottenham,aston_villa,2,0.3652910994736089,0.3661939239952563,-0.0009028245216474162
2021-12-05|20260611|9f2e086d39ae4b855ba21604367109e8e9ce00f96010c5ec65c380d317986abc,4637805b25b65ee1,2021/22,2021/22|2021W48,2021-12-05,2021-12-05,2021-11-30,5,leeds,brentford,1,0.1560175633752809,0.15057881180840207,0.005438751566878813
2021-12-19|20260611|9f2e086d39ae4b855ba21604367109e8e9ce00f96010c5ec65c380d317986abc,46434139eb9a42f3,2021/22,2021/22|2021W50,2021-12-19,2021-12-19,2021-12-14,5,newcastle,man_city,2,0.01532331036500585,0.017405682582100502,-0.002082372217094652
2023-01-21|20260611|9f2e086d39ae4b855ba21604367109e8e9ce00f96010c5ec65c380d317986abc,464cf614b80c3157,2022/23,2022/23|2023W03,2023-01-21,2023-01-21,2023-01-18,3,southampton,aston_villa,2,0.20431188845338108,0.20382680510809942,0.00048508334528166164
2022-10-22|20260611|9f2e086d39ae4b855ba21604367109e8e9ce00f96010c5ec65c380d317986abc,4659933728f488a1,2022/23,2022/23|2022W42,2022-10-22,2022-10-22,2022-10-18,4,man_city,brighton,0,0.021330463857323453,0.022469132653888498,-0.0011386687965650455
2024-05-19|20260611|9f2e086d39ae4b855ba21604367109e8e9ce00f96010c5ec65c380d317986abc,46b53d55bfae825d,2023/24,2023/24|2024W20,2024-05-19,2024-05-19,2024-05-13,6,sheffield_united,tottenham,2,0.0358941741566161,0.034598350507212994,0.0012958236494031092
2023-01-04|20260611|9f2e086d39ae4b855ba21604367109e8e9ce00f96010c5ec65c380d317986abc,46ca81bf9fec7fb9,2022/23,2022/23|2023W01,2023-01-04,2023-01-04,2023-01-02,2,aston_villa,wolves,1,0.13998807115688006,0.13993999349707303,4.8077659807022055e-05
2024-05-04|20260611|9f2e086d39ae4b855ba21604367109e8e9ce00f96010c5ec65c380d317986abc,46d3b514d49edb31,2023/24,2023/24|2024W18,2024-05-04,2024-05-04,2024-05-02,2,brentford,fulham,1,0.1477439390133173,0.14770875721752763,3.518179578967939e-05
2024-02-24|20260611|9f2e086d39ae4b855ba21604367109e8e9ce00f96010c5ec65c380d317986abc,47293a43fbddd63c,2023/24,2023/24|2024W08,2024-02-24,2024-02-24,2024-02-19,5,bournemouth,man_city,2,0.029256448386816104,0.029031400310721253,0.00022504807609485117
2020-09-20|20260611|9f2e086d39ae4b855ba21604367109e8e9ce00f96010c5ec65c380d317986abc,47300b3749bf7404,2020/21,2020/21|2020W38,2020-09-20,2020-09-20,2020-09-14,6,chelsea,liverpool,2,0.1547852014360422,0.1521490232869218,0.0026361781491204272
2019-12-14|20260611|9f2e086d39ae4b855ba21604367109e8e9ce00f96010c5ec65c380d317986abc,473d86f5113a5a61,2019/20,2019/20|2019W50,2019-12-14,2019-12-14,2019-12-09,5,burnley,newcastle,0,0.26482677412667605,0.2641437248021621,0.0006830493245139624
2024-08-17|20260611|9f2e086d39ae4b855ba21604367109e8e9ce00f96010c5ec65c380d317986abc,47628565e4ec96ab,2024/25,2024/25|2024W33,2024-08-17,2024-08-17,2024-08-16,1,everton,brighton,2,0.2552227106104757,0.2552324190236023,-9.708413126585658e-06
2022-04-10|20260611|9f2e086d39ae4b855ba21604367109e8e9ce00f96010c5ec65c380d317986abc,47b215ad3d180dd0,2021/22,2021/22|2022W14,2022-04-10,2022-04-10,2022-04-04,6,man_city,liverpool,1,0.14639206834009488,0.14677706281869687,-0.000384994478601991
2025-02-14|20260611|9f2e086d39ae4b855ba21604367109e8e9ce00f96010c5ec65c380d317986abc,47d0a2b867405814,2024/25,2024/25|2025W07,2025-02-14,2025-02-14,2025-02-12,2,brighton,chelsea,0,0.33859663500168996,0.33899670164058093,-0.0004000666388909724
2021-08-29|20260611|9f2e086d39ae4b855ba21604367109e8e9ce00f96010c5ec65c380d317986abc,47eecc8485a9e3e1,2021/22,2021/22|2021W34,2021-08-29,2021-08-29,2021-08-23,6,wolves,man_united,2,0.11958553086605639,0.11891820454266987,0.0006673263233865218
2021-08-14|20260611|9f2e086d39ae4b855ba21604367109e8e9ce00f96010c5ec65c380d317986abc,47f0a64ecae9c593,2021/22,2021/22|2021W32,2021-08-14,2021-08-14,2021-08-13,1,leicester,wolves,0,0.13614185694606099,0.13934805656211252,-0.003206199616051536
2023-03-12|20260611|9f2e086d39ae4b855ba21604367109e8e9ce00f96010c5ec65c380d317986abc,480e1e890f9fa2b1,2022/23,2022/23|2023W10,2023-03-12,2023-03-12,2023-03-06,6,man_united,southampton,1,0.2638329941985192,0.26197974358452303,0.0018532506139961602
2022-04-30|20260611|9f2e086d39ae4b855ba21604367109e8e9ce00f96010c5ec65c380d317986abc,4819278ba6a5acca,2021/22,2021/22|2022W17,2022-04-30,2022-04-30,2022-04-25,5,wolves,brighton,2,0.3728509599606874,0.3725799149851565,0.00027104497553087636
2021-02-23|20260611|9f2e086d39ae4b855ba21604367109e8e9ce00f96010c5ec65c380d317986abc,48378fd50611dd83,2020/21,2020/21|2021W08,2021-02-23,2021-02-23,2021-02-22,1,leeds,southampton,0,0.18654697412030424,0.18610630324050745,0.0004406708797967951
2022-04-03|20260611|9f2e086d39ae4b855ba21604367109e8e9ce00f96010c5ec65c380d317986abc,486d250a58185657,2021/22,2021/22|2022W13,2022-04-03,2022-04-03,2022-04-02,1,tottenham,newcastle,0,0.07109194769972907,0.06996763596542044,0.0011243117343086306
2019-10-06|20260611|9f2e086d39ae4b855ba21604367109e8e9ce00f96010c5ec65c380d317986abc,489683d3a186438c,2019/20,2019/20|2019W40,2019-10-06,2019-10-06,2019-09-30,6,newcastle,man_united,0,0.3966217478441685,0.396360623712755,0.00026112413141349267
2023-01-04|20260611|9f2e086d39ae4b855ba21604367109e8e9ce00f96010c5ec65c380d317986abc,48e0c563d756c8b2,2022/23,2022/23|2023W01,2023-01-04,2023-01-04,2023-01-02,2,crystal_palace,tottenham,2,0.14665433211407242,0.14740178673729784,-0.0007474546232254242
2023-08-12|20260611|9f2e086d39ae4b855ba21604367109e8e9ce00f96010c5ec65c380d317986abc,49b4409650d2da49,2023/24,2023/24|2023W32,2023-08-12,2023-08-12,2023-08-11,1,newcastle,aston_villa,0,0.17404232362073918,0.17372295440220198,0.0003193692185372021
2024-12-04|20260611|9f2e086d39ae4b855ba21604367109e8e9ce00f96010c5ec65c380d317986abc,49bf5f3ebc517f6f,2024/25,2024/25|2024W49,2024-12-04,2024-12-04,2024-12-03,1,arsenal,man_united,0,0.06762398331440662,0.06799306336493063,-0.0003690800505240094
2022-10-15|20260611|9f2e086d39ae4b855ba21604367109e8e9ce00f96010c5ec65c380d317986abc,49dd36ee3e222880,2022/23,2022/23|2022W41,2022-10-15,2022-10-15,2022-10-10,5,leicester,crystal_palace,1,0.15301446644613725,0.15285672717967805,0.00015773926645920588
2023-01-21|20260611|9f2e086d39ae4b855ba21604367109e8e9ce00f96010c5ec65c380d317986abc,4a7a8553a1d52216,2022/23,2022/23|2023W03,2023-01-21,2023-01-21,2023-01-18,3,bournemouth,nottm_forest,1,0.13104001814384583,0.13124918156690243,-0.00020916342305660196
2020-02-01|20260611|9f2e086d39ae4b855ba21604367109e8e9ce00f96010c5ec65c380d317986abc,4a8f61bcc8794490,2019/20,2019/20|2020W05,2020-02-01,2020-02-01,2020-01-29,3,leicester,chelsea,1,0.1399508577353024,0.13992103923054625,2.9818504756140563e-05
2024-04-21|20260611|9f2e086d39ae4b855ba21604367109e8e9ce00f96010c5ec65c380d317986abc,4aa3dd03fc38ba20,2023/24,2023/24|2024W16,2024-04-21,2024-04-21,2024-04-15,6,fulham,liverpool,2,0.09844057789787422,0.099143182022602,-0.0007026041247277792
2021-10-02|20260611|9f2e086d39ae4b855ba21604367109e8e9ce00f96010c5ec65c380d317986abc,4aa44f9828c8307c,2021/22,2021/22|2021W39,2021-10-02,2021-10-02,2021-09-27,5,man_united,everton,1,0.20079198481539057,0.20089534263167122,-0.00010335781628065255
2020-11-28|20260611|9f2e086d39ae4b855ba21604367109e8e9ce00f96010c5ec65c380d317986abc,4aa76f75dc8f327e,2020/21,2020/21|2020W48,2020-11-28,2020-11-28,2020-11-23,5,everton,leeds,2,0.4421257003764752,0.4405034353783617,0.0016222649981135207
2021-12-15|20260611|9f2e086d39ae4b855ba21604367109e8e9ce00f96010c5ec65c380d317986abc,4b7e3b02fc4921d2,2021/22,2021/22|2021W50,2021-12-15,2021-12-15,2021-12-14,1,brighton,wolves,2,0.295461814194054,0.29438550340388686,0.0010763107901671232
2020-11-01|20260611|9f2e086d39ae4b855ba21604367109e8e9ce00f96010c5ec65c380d317986abc,4b8ab0ddd27a1a82,2020/21,2020/21|2020W44,2020-11-01,2020-11-01,2020-10-26,6,newcastle,everton,0,0.2944661997172037,0.29370855519675626,0.0007576445204474647
2024-08-25|20260611|9f2e086d39ae4b855ba21604367109e8e9ce00f96010c5ec65c380d317986abc,4b9100ac1d08446e,2024/25,2024/25|2024W34,2024-08-25,2024-08-25,2024-08-19,6,bournemouth,newcastle,1,0.17051070853227623,0.1703704692764373,0.00014023925583894759
2024-12-14|20260611|9f2e086d39ae4b855ba21604367109e8e9ce00f96010c5ec65c380d317986abc,4ba2c92f66fddcb4,2024/25,2024/25|2024W50,2024-12-14,2024-12-14,2024-12-09,5,arsenal,everton,1,0.3009546436076237,0.3007674311336983,0.0001872124739253911
2023-12-10|20260611|9f2e086d39ae4b855ba21604367109e8e9ce00f96010c5ec65c380d317986abc,4c05123fae6d0e5f,2023/24,2023/24|2023W49,2023-12-10,2023-12-10,2023-12-05,5,tottenham,newcastle,0,0.22110508764821,0.23193627811154446,-0.010831190463334472
2023-04-08|20260611|9f2e086d39ae4b855ba21604367109e8e9ce00f96010c5ec65c380d317986abc,4c0f4884482e03bf,2022/23,2022/23|2023W14,2023-04-08,2023-04-08,2023-04-03,5,southampton,man_city,2,0.01566282120105105,0.0160183656412417,-0.0003555444401906471
2019-09-01|20260611|9f2e086d39ae4b855ba21604367109e8e9ce00f96010c5ec65c380d317986abc,4c1f0c544358ba67,2019/20,2019/20|2019W35,2019-09-01,2019-09-01,2019-08-31,1,everton,wolves,0,0.21133082715876306,0.21160116173980967,-0.0002703345810466107
2024-11-09|20260611|9f2e086d39ae4b855ba21604367109e8e9ce00f96010c5ec65c380d317986abc,4c3daa5b6a4e8d94,2024/25,2024/25|2024W45,2024-11-09,2024-11-09,2024-11-04,5,west_ham,everton,1,0.1485187936251428,0.14845966188877127,5.9131736371537125e-05
2024-02-24|20260611|9f2e086d39ae4b855ba21604367109e8e9ce00f96010c5ec65c380d317986abc,4c556b4345a6bdf1,2023/24,2023/24|2024W08,2024-02-24,2024-02-24,2024-02-19,5,aston_villa,nottm_forest,0,0.06996724640689224,0.06987199180493771,9.525460195453084e-05
2023-05-13|20260611|9f2e086d39ae4b855ba21604367109e8e9ce00f96010c5ec65c380d317986abc,4cf3bcf895d47850,2022/23,2022/23|2023W19,2023-05-13,2023-05-13,2023-05-08,5,chelsea,nottm_forest,1,0.23055490050905447,0.23390791112142803,-0.003353010612373558
2019-12-01|20260611|9f2e086d39ae4b855ba21604367109e8e9ce00f96010c5ec65c380d317986abc,4cfc3c19db7d7bee,2019/20,2019/20|2019W48,2019-12-01,2019-12-01,2019-11-25,6,man_united,aston_villa,1,0.21318502430964603,0.22909186733740097,-0.01590684302775494
2022-05-15|20260611|9f2e086d39ae4b855ba21604367109e8e9ce00f96010c5ec65c380d317986abc,4d198a0cdbeaf728,2021/22,2021/22|2022W19,2022-05-15,2022-05-15,2022-05-10,5,watford,leicester,2,0.08942104991082844,0.09065174541594205,-0.0012306955051136076
2022-11-06|20260611|9f2e086d39ae4b855ba21604367109e8e9ce00f96010c5ec65c380d317986abc,4d56c47d2b526cf8,2022/23,2022/23|2022W44,2022-11-06,2022-11-06,2022-11-05,1,west_ham,crystal_palace,2,0.3989294308512933,0.40100677594834266,-0.0020773450970493768
2020-12-19|20260611|9f2e086d39ae4b855ba21604367109e8e9ce00f96010c5ec65c380d317986abc,4ded24cf6bca298c,2020/21,2020/21|2020W51,2020-12-19,2020-12-19,2020-12-15,4,crystal_palace,liverpool,2,0.0584942480702981,0.057622714923088444,0.0008715331472096549
2025-04-12|20260611|9f2e086d39ae4b855ba21604367109e8e9ce00f96010c5ec65c380d317986abc,4e31e519a45129c8,2024/25,2024/25|2025W15,2025-04-12,2025-04-12,2025-04-07,5,arsenal,brentford,1,0.24864891656458565,0.24885718213036462,-0.0002082655657789645
2022-03-16|20260611|9f2e086d39ae4b855ba21604367109e8e9ce00f96010c5ec65c380d317986abc,4e6b05e80f1f6f06,2021/22,2021/22|2022W11,2022-03-16,2022-03-16,2022-03-14,2,brighton,tottenham,2,0.1490387404597677,0.14872336959839358,0.0003153708613741202
2022-08-20|20260611|9f2e086d39ae4b855ba21604367109e8e9ce00f96010c5ec65c380d317986abc,4e74e6979f733785,2022/23,2022/23|2022W33,2022-08-20,2022-08-20,2022-08-15,5,tottenham,wolves,0,0.08135138367561826,0.08123391994285384,0.0001174637327644168
2022-05-19|20260611|9f2e086d39ae4b855ba21604367109e8e9ce00f96010c5ec65c380d317986abc,4e9a90a7b3583b3c,2021/22,2021/22|2022W20,2022-05-19,2022-05-19,2022-05-16,3,chelsea,leicester,1,0.19863778118753844,0.19798492864140851,0.0006528525461299284
2021-05-01|20260611|9f2e086d39ae4b855ba21604367109e8e9ce00f96010c5ec65c380d317986abc,4ebd149c578827df,2020/21,2020/21|2021W17,2021-05-01,2021-05-01,2021-04-26,5,crystal_palace,man_city,2,0.021836380854064252,0.02212166672735825,-0.0002852858732939993
2021-02-27|20260611|9f2e086d39ae4b855ba21604367109e8e9ce00f96010c5ec65c380d317986abc,4f081a3f2d1fc443,2020/21,2020/21|2021W08,2021-02-27,2021-02-27,2021-02-22,5,newcastle,wolves,1,0.13098572230306899,0.13101614713924226,-3.042483617327063e-05
2021-02-19|20260611|9f2e086d39ae4b855ba21604367109e8e9ce00f96010c5ec65c380d317986abc,4f4e6194f1268d2b,2020/21,2020/21|2021W07,2021-02-19,2021-02-19,2021-02-15,4,wolves,leeds,0,0.17922762044855195,0.18007644797344446,-0.0008488275248925148
2024-12-04|20260611|9f2e086d39ae4b855ba21604367109e8e9ce00f96010c5ec65c380d317986abc,4f59c274294bb8f8,2024/25,2024/25|2024W49,2024-12-04,2024-12-04,2024-12-03,1,aston_villa,brentford,0,0.1627627819184264,0.1633598224551442,-0.0005970405367177745
2024-11-24|20260611|9f2e086d39ae4b855ba21604367109e8e9ce00f96010c5ec65c380d317986abc,4f59dc23fcc87993,2024/25,2024/25|2024W47,2024-11-24,2024-11-24,2024-11-23,1,ipswich,man_united,1,0.16818183785920449,0.16626842804553127,0.001913409813673217
2022-03-18|20260611|9f2e086d39ae4b855ba21604367109e8e9ce00f96010c5ec65c380d317986abc,4f71497f16855edd,2021/22,2021/22|2022W11,2022-03-18,2022-03-18,2022-03-14,4,wolves,leeds,2,0.4510844222547351,0.4503799381151926,0.0007044841395424939
2019-09-20|20260611|9f2e086d39ae4b855ba21604367109e8e9ce00f96010c5ec65c380d317986abc,4f7d7032504cfe4e,2019/20,2019/20|2019W38,2019-09-20,2019-09-20,2019-09-16,4,southampton,bournemouth,2,0.34452303007934904,0.34420398056680024,0.0003190495125487969
2025-01-15|20260611|9f2e086d39ae4b855ba21604367109e8e9ce00f96010c5ec65c380d317986abc,4f911e043d71b42b,2024/25,2024/25|2025W03,2025-01-15,2025-01-15,2025-01-14,1,leicester,crystal_palace,2,0.21298114090767625,0.21237317054714347,0.0006079703605327835
2022-10-09|20260611|9f2e086d39ae4b855ba21604367109e8e9ce00f96010c5ec65c380d317986abc,4f996ddd74c25bd4,2022/23,2022/23|2022W40,2022-10-09,2022-10-09,2022-10-03,6,arsenal,liverpool,0,0.3938899645651446,0.39783565862748854,-0.003945694062343963
2020-09-20|20260611|9f2e086d39ae4b855ba21604367109e8e9ce00f96010c5ec65c380d317986abc,4fd5923e6409ccf0,2020/21,2020/21|2020W38,2020-09-20,2020-09-20,2020-09-14,6,southampton,tottenham,2,0.15519719219002526,0.15670340739232183,-0.0015062152022965736
2024-04-27|20260611|9f2e086d39ae4b855ba21604367109e8e9ce00f96010c5ec65c380d317986abc,4fd70eb89b3ab38f,2023/24,2023/24|2024W17,2024-04-27,2024-04-27,2024-04-23,4,fulham,crystal_palace,1,0.14728988343831326,0.14988415688230183,-0.002594273443988576
2022-03-10|20260611|9f2e086d39ae4b855ba21604367109e8e9ce00f96010c5ec65c380d317986abc,5012ac0e628c0d0a,2021/22,2021/22|2022W10,2022-03-10,2022-03-10,2022-03-07,3,wolves,watford,0,0.10969800090890428,0.11040455090803213,-0.0007065499991278507
2024-02-17|20260611|9f2e086d39ae4b855ba21604367109e8e9ce00f96010c5ec65c380d317986abc,5018cb40f690f1eb,2023/24,2023/24|2024W07,2024-02-17,2024-02-17,2024-02-12,5,burnley,arsenal,2,0.04767851910241451,0.047969981648854604,-0.00029146254644009384
2025-04-06|20260611|9f2e086d39ae4b855ba21604367109e8e9ce00f96010c5ec65c380d317986abc,5048d6dbc73c5000,2024/25,2024/25|2025W14,2025-04-06,2025-04-06,2025-04-01,5,tottenham,southampton,0,0.025182366973015305,0.023073723496637652,0.002108643476377653
2021-11-21|20260611|9f2e086d39ae4b855ba21604367109e8e9ce00f96010c5ec65c380d317986abc,50492d0539c5e93a,2021/22,2021/22|2021W46,2021-11-21,2021-11-21,2021-11-20,1,man_city,everton,0,0.025742808265425854,0.026128122754339702,-0.0003853144889138481
2023-08-18|20260611|9f2e086d39ae4b855ba21604367109e8e9ce00f96010c5ec65c380d317986abc,50c6870fe0ca4807,2023/24,2023/24|2023W33,2023-08-18,2023-08-18,2023-08-14,4,nottm_forest,sheffield_united,0,0.1690805532786565,0.1691435928639373,-6.303958528078302e-05
2019-09-21|20260611|9f2e086d39ae4b855ba21604367109e8e9ce00f96010c5ec65c380d317986abc,50d126a48ca8d2ec,2019/20,2019/20|2019W38,2019-09-21,2019-09-21,2019-09-16,5,newcastle,brighton,1,0.15394481637193266,0.15444323876202326,-0.0004984223900905971
2023-04-23|20260611|9f2e086d39ae4b855ba21604367109e8e9ce00f96010c5ec65c380d317986abc,50fc9d661a617274,2022/23,2022/23|2023W16,2023-04-23,2023-04-23,2023-04-17,6,bournemouth,west_ham,2,0.2187550424640371,0.22054545171005321,-0.001790409246016117
2024-12-22|20260611|9f2e086d39ae4b855ba21604367109e8e9ce00f96010c5ec65c380d317986abc,511f5bcb73ef5970,2024/25,2024/25|2024W51,2024-12-22,2024-12-22,2024-12-16,6,man_united,bournemouth,2,0.4375031938324277,0.4379400704616042,-0.00043687662917651915
2023-02-04|20260611|9f2e086d39ae4b855ba21604367109e8e9ce00f96010c5ec65c380d317986abc,514941386f0afbcb,2022/23,2022/23|2023W05,2023-02-04,2023-02-04,2023-02-03,1,newcastle,west_ham,1,0.14853318308319263,0.1486310455816616,-9.786249846896466e-05
2020-07-12|20260611|9f2e086d39ae4b855ba21604367109e8e9ce00f96010c5ec65c380d317986abc,515ea1052e433195,2019/20,2019/20|2020W28,2020-07-12,2020-07-12,2020-07-06,6,aston_villa,crystal_palace,0,0.35356633554568,0.3384469281424308,0.015119407403249185
2021-02-20|20260611|9f2e086d39ae4b855ba21604367109e8e9ce00f96010c5ec65c380d317986abc,518bc8d4228eed20,2020/21,2020/21|2021W07,2021-02-20,2021-02-20,2021-02-15,5,burnley,west_brom,1,0.18467624071280184,0.18575332157642524,-0.001077080863623403
2019-12-28|20260611|9f2e086d39ae4b855ba21604367109e8e9ce00f96010c5ec65c380d317986abc,5194e5e815bf5eb9,2019/20,2019/20|2019W52,2019-12-28,2019-12-28,2019-12-26,2,brighton,bournemouth,0,0.2550057840263712,0.25281332246111365,0.002192461565257542
2022-09-03|20260611|9f2e086d39ae4b855ba21604367109e8e9ce00f96010c5ec65c380d317986abc,51a4fd329c280f45,2022/23,2022/23|2022W35,2022-09-03,2022-09-03,2022-08-30,4,wolves,southampton,0,0.19131731990149883,0.18171146528983084,0.009605854611667991
2023-12-09|20260611|9f2e086d39ae4b855ba21604367109e8e9ce00f96010c5ec65c380d317986abc,51c610db084eadb5,2023/24,2023/24|2023W49,2023-12-09,2023-12-09,2023-12-05,4,brighton,burnley,1,0.257348828984415,0.24959195028051698,0.007756878703898046
2023-12-23|20260611|9f2e086d39ae4b855ba21604367109e8e9ce00f96010c5ec65c380d317986abc,51dcaffe4cd5f6f4,2023/24,2023/24|2023W51,2023-12-23,2023-12-23,2023-12-21,2,liverpool,arsenal,1,0.16476089357998347,0.16531436267574742,-0.0005534690957639532
2021-04-18|20260611|9f2e086d39ae4b855ba21604367109e8e9ce00f96010c5ec65c380d317986abc,51f472f89409247e,2020/21,2020/21|2021W15,2021-04-18,2021-04-18,2021-04-12,6,man_united,burnley,0,0.05162497459035427,0.052273529522056925,-0.0006485549317026551
2021-08-28|20260611|9f2e086d39ae4b855ba21604367109e8e9ce00f96010c5ec65c380d317986abc,5208f3062eec80ca,2021/22,2021/22|2021W34,2021-08-28,2021-08-28,2021-08-23,5,west_ham,crystal_palace,1,0.20475074699207327,0.1966567360037624,0.008094010988310862
2022-12-31|20260611|9f2e086d39ae4b855ba21604367109e8e9ce00f96010c5ec65c380d317986abc,520e01ee5ef84d9e,2022/23,2022/23|2022W52,2022-12-31,2022-12-31,2022-12-26,5,brighton,arsenal,2,0.17311949797567766,0.17150346447612497,0.0016160334995526937
2020-07-08|20260611|9f2e086d39ae4b855ba21604367109e8e9ce00f96010c5ec65c380d317986abc,522ce0b5c653607c,2019/20,2019/20|2020W28,2020-07-08,2020-07-08,2020-07-06,2,sheffield_united,wolves,0,0.2673599793258392,0.2670059543270547,0.0003540249987845079
2025-01-15|20260611|9f2e086d39ae4b855ba21604367109e8e9ce00f96010c5ec65c380d317986abc,524155ddbbb0d030,2024/25,2024/25|2025W03,2025-01-15,2025-01-15,2025-01-14,1,everton,aston_villa,2,0.1929695526038922,0.19207940598729445,0.0008901466165977534
2025-04-19|20260611|9f2e086d39ae4b855ba21604367109e8e9ce00f96010c5ec65c380d317986abc,5283fce5915cd74c,2024/25,2024/25|2025W16,2025-04-19,2025-04-19,2025-04-14,5,west_ham,southampton,1,0.22684392560565628,0.22555420306314644,0.0012897225425098358
2023-12-22|20260611|9f2e086d39ae4b855ba21604367109e8e9ce00f96010c5ec65c380d317986abc,529e4c1cba06c1f3,2023/24,2023/24|2023W51,2023-12-22,2023-12-22,2023-12-21,1,aston_villa,sheffield_united,1,0.3490025949672429,0.34895235138307507,5.024358416783059e-05
2023-08-19|20260611|9f2e086d39ae4b855ba21604367109e8e9ce00f96010c5ec65c380d317986abc,52adeccf62e1918f,2023/24,2023/24|2023W33,2023-08-19,2023-08-19,2023-08-14,5,wolves,brighton,2,0.20104225084457122,0.20197557941490804,-0.0009333285703368166
2020-02-01|20260611|9f2e086d39ae4b855ba21604367109e8e9ce00f96010c5ec65c380d317986abc,52c6e6e26d156481,2019/20,2019/20|2020W05,2020-02-01,2020-02-01,2020-01-29,3,liverpool,southampton,0,0.01119385072369644,0.01136678182784449,-0.00017293110414805073
2021-02-21|20260611|9f2e086d39ae4b855ba21604367109e8e9ce00f96010c5ec65c380d317986abc,53b508eb8639f9c5,2020/21,2020/21|2021W07,2021-02-21,2021-02-21,2021-02-15,6,man_united,newcastle,0,0.04619683735172842,0.0477097297058885,-0.001512892354160078
2019-08-18|20260611|9f2e086d39ae4b855ba21604367109e8e9ce00f96010c5ec65c380d317986abc,5424c8547c086da8,2019/20,2019/20|2019W33,2019-08-18,2019-08-18,2019-08-17,1,chelsea,leicester,1,0.1940294815346389,0.19394022157928725,8.925995535163933e-05
2022-05-08|20260611|9f2e086d39ae4b855ba21604367109e8e9ce00f96010c5ec65c380d317986abc,54b88e30fe5a1612,2021/22,2021/22|2022W18,2022-05-08,2022-05-08,2022-05-02,6,leicester,everton,2,0.43876761859126323,0.43588178205784567,0.002885836533417563
2025-03-09|20260611|9f2e086d39ae4b855ba21604367109e8e9ce00f96010c5ec65c380d317986abc,54faa9adb2be5c8e,2024/25,2024/25|2025W10,2025-03-09,2025-03-09,2025-03-08,1,tottenham,bournemouth,1,0.16585783068678184,0.16512550644848403,0.0007323242382978046
2021-01-19|20260611|9f2e086d39ae4b855ba21604367109e8e9ce00f96010c5ec65c380d317986abc,55574696d8ad7f67,2020/21,2020/21|2021W03,2021-01-19,2021-01-19,2021-01-18,1,leicester,chelsea,0,0.24348809846857083,0.24429893962703456,-0.000810841158463721
2019-08-10|20260611|9f2e086d39ae4b855ba21604367109e8e9ce00f96010c5ec65c380d317986abc,556197f40d52a17c,2019/20,2019/20|2019W32,2019-08-10,2019-08-10,2019-08-09,1,crystal_palace,everton,1,0.13489793904363145,0.13493108701208906,-3.314796845760304e-05
2020-07-11|20260611|9f2e086d39ae4b855ba21604367109e8e9ce00f96010c5ec65c380d317986abc,55815e20f14d9a0a,2019/20,2019/20|2020W28,2020-07-11,2020-07-11,2020-07-06,5,norwich,west_ham,2,0.1491067360463965,0.14576593331449925,0.003340802731897241
2024-03-31|20260611|9f2e086d39ae4b855ba21604367109e8e9ce00f96010c5ec65c380d317986abc,5586b2a004a0a764,2023/24,2023/24|2024W13,2024-03-31,2024-03-31,2024-03-30,1,liverpool,brighton,0,0.05425340168432082,0.05412173503108707,0.00013166665323375432
2022-02-12|20260611|9f2e086d39ae4b855ba21604367109e8e9ce00f96010c5ec65c380d317986abc,55af780df0ee369b,2021/22,2021/22|2022W06,2022-02-12,2022-02-12,2022-02-08,4,norwich,man_city,2,0.00463282664554165,0.004364033376283849,0.00026879326925780076
2021-02-17|20260611|9f2e086d39ae4b855ba21604367109e8e9ce00f96010c5ec65c380d317986abc,55b7e333a55e8fe6,2020/21,2020/21|2021W07,2021-02-17,2021-02-17,2021-02-15,2,everton,man_city,2,0.04465129705560681,0.04425210637725506,0.00039919067835175043
2019-08-24|20260611|9f2e086d39ae4b855ba21604367109e8e9ce00f96010c5ec65c380d317986abc,55d59df7a8286f66,2019/20,2019/20|2019W34,2019-08-24,2019-08-24,2019-08-19,5,liverpool,arsenal,0,0.06482109094175292,0.0653749598009416,-0.0005538688591886776
2023-01-21|20260611|9f2e086d39ae4b855ba21604367109e8e9ce00f96010c5ec65c380d317986abc,55e4e89969bb09e0,2022/23,2022/23|2023W03,2023-01-21,2023-01-21,2023-01-18,3,leicester,brighton,1,0.13932581574026942,0.13953727563589266,-0.0002114598956232394
2025-04-27|20260611|9f2e086d39ae4b855ba21604367109e8e9ce00f96010c5ec65c380d317986abc,5616f4d5381c5ed9,2024/25,2024/25|2025W17,2025-04-27,2025-04-27,2025-04-21,6,bournemouth,man_united,1,0.1390579486431777,0.13891344311290527,0.0001445055302724263
2019-10-05|20260611|9f2e086d39ae4b855ba21604367109e8e9ce00f96010c5ec65c380d317986abc,566fa2cde4221ad9,2019/20,2019/20|2019W40,2019-10-05,2019-10-05,2019-09-30,5,watford,sheffield_united,1,0.12325168853266524,0.1233863175630061,-0.00013462903034085205
2023-09-24|20260611|9f2e086d39ae4b855ba21604367109e8e9ce00f96010c5ec65c380d317986abc,56b7f5c42ca7b5d7,2023/24,2023/24|2023W38,2023-09-24,2023-09-24,2023-09-18,6,chelsea,aston_villa,2,0.32934455410212,0.3307379755190062,-0.001393421416886198
2020-12-16|20260611|9f2e086d39ae4b855ba21604367109e8e9ce00f96010c5ec65c380d317986abc,56e10e8bb6b1216d,2020/21,2020/21|2020W51,2020-12-16,2020-12-16,2020-12-15,1,leicester,everton,2,0.42957453427311926,0.43039071791914624,-0.00081618364602698
2021-03-07|20260611|9f2e086d39ae4b855ba21604367109e8e9ce00f96010c5ec65c380d317986abc,575bdc524d004f58,2020/21,2020/21|2021W09,2021-03-07,2021-03-07,2021-03-01,6,liverpool,fulham,2,0.7419665081280162,0.7457165642270314,-0.003750056099015131
2022-01-02|20260611|9f2e086d39ae4b855ba21604367109e8e9ce00f96010c5ec65c380d317986abc,576a9ed3f6d5493e,2021/22,2021/22|2021W52,2022-01-02,2022-01-02,2021-12-27,6,everton,brighton,2,0.3371866885034596,0.34319422040380193,-0.006007531900342311
2023-08-12|20260611|9f2e086d39ae4b855ba21604367109e8e9ce00f96010c5ec65c380d317986abc,579b221f59393aa8,2023/24,2023/24|2023W32,2023-08-12,2023-08-12,2023-08-11,1,arsenal,nottm_forest,0,0.027414743751475214,0.027291285383295654,0.00012345836817955966
2025-05-11|20260611|9f2e086d39ae4b855ba21604367109e8e9ce00f96010c5ec65c380d317986abc,579ba167f0ae86de,2024/25,2024/25|2025W19,2025-05-11,2025-05-11,2025-05-05,6,man_united,west_ham,2,0.3982525730449533,0.39898379397397477,-0.0007312209290214478
2020-06-24|20260611|9f2e086d39ae4b855ba21604367109e8e9ce00f96010c5ec65c380d317986abc,57a86c41b3492144,2019/20,2019/20|2020W26,2020-06-24,2020-06-24,2020-06-22,2,liverpool,crystal_palace,0,0.026071916201006434,0.026355013548549192,-0.000283097347542758
2021-08-15|20260611|9f2e086d39ae4b855ba21604367109e8e9ce00f96010c5ec65c380d317986abc,57b6538de8a5404c,2021/22,2021/22|2021W32,2021-08-15,2021-08-15,2021-08-13,2,newcastle,west_ham,2,0.1971921709846033,0.2024520876003242,-0.005259916615720922
2023-05-14|20260611|9f2e086d39ae4b855ba21604367109e8e9ce00f96010c5ec65c380d317986abc,57dcf40a2b39e984,2022/23,2022/23|2023W19,2023-05-14,2023-05-14,2023-05-08,6,everton,man_city,2,0.0236048804267725,0.02032399995354145,0.0032808804732310515
2025-04-02|20260611|9f2e086d39ae4b855ba21604367109e8e9ce00f96010c5ec65c380d317986abc,57f04f8ff3a7d18b,2024/25,2024/25|2025W14,2025-04-02,2025-04-02,2025-04-01,1,newcastle,brentford,0,0.14378161616678728,0.14443169038237,-0.0006500742155827188
2025-02-26|20260611|9f2e086d39ae4b855ba21604367109e8e9ce00f96010c5ec65c380d317986abc,580013dd6c4700e5,2024/25,2024/25|2025W09,2025-02-26,2025-02-26,2025-02-25,1,man_united,ipswich,0,0.06880992649620549,0.0695937338960725,-0.000783807399867012
2025-04-02|20260611|9f2e086d39ae4b855ba21604367109e8e9ce00f96010c5ec65c380d317986abc,58119801293cb585,2024/25,2024/25|2025W14,2025-04-02,2025-04-02,2025-04-01,1,bournemouth,ipswich,2,0.6031027321103621,0.6021429494085043,0.0009597827018578142
2022-05-01|20260611|9f2e086d39ae4b855ba21604367109e8e9ce00f96010c5ec65c380d317986abc,5876066375cb1eb0,2021/22,2021/22|2022W17,2022-05-01,2022-05-01,2022-04-25,6,tottenham,leicester,0,0.13945506025164608,0.13781391926643494,0.001641140985211148
2020-07-04|20260611|9f2e086d39ae4b855ba21604367109e8e9ce00f96010c5ec65c380d317986abc,58800926ba7af08a,2019/20,2019/20|2020W27,2020-07-04,2020-07-04,2020-06-29,5,leicester,crystal_palace,0,0.11999610417863722,0.12181316084446085,-0.0018170566658236298
2023-08-12|20260611|9f2e086d39ae4b855ba21604367109e8e9ce00f96010c5ec65c380d317986abc,58a22836b9791f9e,2023/24,2023/24|2023W32,2023-08-12,2023-08-12,2023-08-11,1,everton,fulham,2,0.2446928770644964,0.24512537720597266,-0.0004325001414762497
2023-08-12|20260611|9f2e086d39ae4b855ba21604367109e8e9ce00f96010c5ec65c380d317986abc,58a574d4ea6a2664,2023/24,2023/24|2023W32,2023-08-12,2023-08-12,2023-08-11,1,brighton,luton,0,0.08860000320723557,0.0883787267732872,0.0002212764339483697
2021-12-16|20260611|9f2e086d39ae4b855ba21604367109e8e9ce00f96010c5ec65c380d317986abc,58bb9aa2697aed3b,2021/22,2021/22|2021W50,2021-12-16,2021-12-16,2021-12-14,2,liverpool,newcastle,0,0.012159396681763858,0.01237179676783451,-0.00021240008607065208
2021-12-01|20260611|9f2e086d39ae4b855ba21604367109e8e9ce00f96010c5ec65c380d317986abc,58c29d95b9356e29,2021/22,2021/22|2021W48,2021-12-01,2021-12-01,2021-11-30,1,west_ham,brighton,1,0.16631539437604284,0.16620225439133002,0.00011313998471282338
2023-01-14|20260611|9f2e086d39ae4b855ba21604367109e8e9ce00f96010c5ec65c380d317986abc,5906441d2f8fcdf1,2022/23,2022/23|2023W02,2023-01-14,2023-01-14,2023-01-12,2,brentford,bournemouth,0,0.07278399272673383,0.07301772875542083,-0.0002337360286869955
2025-05-20|20260611|9f2e086d39ae4b855ba21604367109e8e9ce00f96010c5ec65c380d317986abc,5909ef7ce7574e11,2024/25,2024/25|2025W21,2025-05-20,2025-05-20,2025-05-19,1,crystal_palace,wolves,0,0.15929501176463606,0.15992343555321292,-0.0006284237885768595
2023-09-23|20260611|9f2e086d39ae4b855ba21604367109e8e9ce00f96010c5ec65c380d317986abc,5922dc1797d2eee0,2023/24,2023/24|2023W38,2023-09-23,2023-09-23,2023-09-18,5,luton,wolves,1,0.13798432897497678,0.13807612772842828,-9.179875345149968e-05
2023-01-14|20260611|9f2e086d39ae4b855ba21604367109e8e9ce00f96010c5ec65c380d317986abc,5953d6a0de43a988,2022/23,2022/23|2023W02,2023-01-14,2023-01-14,2023-01-12,2,everton,southampton,2,0.3673279152769232,0.3665775899060394,0.0007503253708838198
2023-03-04|20260611|9f2e086d39ae4b855ba21604367109e8e9ce00f96010c5ec65c380d317986abc,59778049f020c349,2022/23,2022/23|2023W09,2023-03-04,2023-03-04,2023-03-01,3,southampton,leicester,0,0.4044362333174833,0.405639019859642,-0.001202786542158718
2021-04-20|20260611|9f2e086d39ae4b855ba21604367109e8e9ce00f96010c5ec65c380d317986abc,597de7cc3f8a3a48,2020/21,2020/21|2021W16,2021-04-20,2021-04-20,2021-04-19,1,chelsea,brighton,1,0.20592826399674963,0.20557821200293613,0.00035005199381349383
2023-02-25|20260611|9f2e086d39ae4b855ba21604367109e8e9ce00f96010c5ec65c380d317986abc,59a22763d4bd1afb,2022/23,2022/23|2023W08,2023-02-25,2023-02-25,2023-02-24,1,leeds,southampton,0,0.17276866539016725,0.172532794230164,0.00023587116000325925
2021-12-04|20260611|9f2e086d39ae4b855ba21604367109e8e9ce00f96010c5ec65c380d317986abc,59cc3f9b6dcaf806,2021/22,2021/22|2021W48,2021-12-04,2021-12-04,2021-11-30,4,watford,man_city,2,0.016356331264656996,0.015996427419890602,0.00035990384476639395
2021-05-08|20260611|9f2e086d39ae4b855ba21604367109e8e9ce00f96010c5ec65c380d317986abc,59d5c2d215ecd73c,2020/21,2020/21|2021W18,2021-05-08,2021-05-08,2021-05-03,5,man_city,chelsea,2,0.5838262798513405,0.5857098017571126,-0.001883521905772123
2021-12-05|20260611|9f2e086d39ae4b855ba21604367109e8e9ce00f96010c5ec65c380d317986abc,5a374dd7be46c63d,2021/22,2021/22|2021W48,2021-12-05,2021-12-05,2021-11-30,5,aston_villa,leicester,0,0.30386446971405406,0.30939570902781255,-0.005531239313758485
2021-12-28|20260611|9f2e086d39ae4b855ba21604367109e8e9ce00f96010c5ec65c380d317986abc,5a437095b6768999,2021/22,2021/22|2021W52,2021-12-28,2021-12-28,2021-12-27,1,watford,west_ham,2,0.13450879623993323,0.13443135802693285,7.743821300038034e-05
2020-07-11|20260611|9f2e086d39ae4b855ba21604367109e8e9ce00f96010c5ec65c380d317986abc,5a44df5a3c180691,2019/20,2019/20|2020W28,2020-07-11,2020-07-11,2020-07-06,5,liverpool,burnley,1,0.32943534300765226,0.33438892070389,-0.004953577696237721
2022-05-08|20260611|9f2e086d39ae4b855ba21604367109e8e9ce00f96010c5ec65c380d317986abc,5a8a0fe1691356b5,2021/22,2021/22|2022W18,2022-05-08,2022-05-08,2022-05-02,6,man_city,newcastle,0,0.01144614293812525,0.011663113355878493,-0.00021697041775324208
2025-05-11|20260611|9f2e086d39ae4b855ba21604367109e8e9ce00f96010c5ec65c380d317986abc,5abb46e267c13dd5,2024/25,2024/25|2025W19,2025-05-11,2025-05-11,2025-05-05,6,tottenham,crystal_palace,2,0.3553994343575141,0.35587968272288667,-0.000480248365372582
2021-09-19|20260611|9f2e086d39ae4b855ba21604367109e8e9ce00f96010c5ec65c380d317986abc,5ac0e863c39fb58d,2021/22,2021/22|2021W37,2021-09-19,2021-09-19,2021-09-13,6,tottenham,chelsea,2,0.26407275655775686,0.2650643931016665,-0.0009916365439096575
2022-01-22|20260611|9f2e086d39ae4b855ba21604367109e8e9ce00f96010c5ec65c380d317986abc,5ae025ab282e8c8f,2021/22,2021/22|2022W03,2022-01-22,2022-01-22,2022-01-18,4,leeds,newcastle,2,0.4665456345989263,0.46872983618102226,-0.0021842015820959793
2024-12-14|20260611|9f2e086d39ae4b855ba21604367109e8e9ce00f96010c5ec65c380d317986abc,5af353fc392c5eaa,2024/25,2024/25|2024W50,2024-12-14,2024-12-14,2024-12-09,5,liverpool,fulham,1,0.26466816002924703,0.26451344033788443,0.00015471969136260366
2021-08-28|20260611|9f2e086d39ae4b855ba21604367109e8e9ce00f96010c5ec65c380d317986abc,5af7aefe308e4c46,2021/22,2021/22|2021W34,2021-08-28,2021-08-28,2021-08-23,5,aston_villa,brentford,1,0.12287558540993186,0.12267984328148926,0.00019574212844260253
2021-04-30|20260611|9f2e086d39ae4b855ba21604367109e8e9ce00f96010c5ec65c380d317986abc,5b593226c93861a9,2020/21,2020/21|2021W17,2021-04-30,2021-04-30,2021-04-26,4,southampton,leicester,1,0.17640255498872404,0.17574690524366451,0.0006556497450595222
2024-04-28|20260611|9f2e086d39ae4b855ba21604367109e8e9ce00f96010c5ec65c380d317986abc,5bb10b76c31a430c,2023/24,2023/24|2024W17,2024-04-28,2024-04-28,2024-04-23,5,tottenham,arsenal,2,0.1476624413170458,0.1550348891570709,-0.0073724478400250815
2021-05-08|20260611|9f2e086d39ae4b855ba21604367109e8e9ce00f96010c5ec65c380d317986abc,5be154d7aaf02421,2020/21,2020/21|2021W18,2021-05-08,2021-05-08,2021-05-03,5,leeds,tottenham,0,0.38736944366350484,0.3854747834068748,0.001894660256630043
2024-12-01|20260611|9f2e086d39ae4b855ba21604367109e8e9ce00f96010c5ec65c380d317986abc,5c02f1235821f61f,2024/25,2024/25|2024W48,2024-12-01,2024-12-01,2024-11-25,6,liverpool,man_city,0,0.24950313943890626,0.24752294775217826,0.001980191686728
2024-08-25|20260611|9f2e086d39ae4b855ba21604367109e8e9ce00f96010c5ec65c380d317986abc,5c15fb900c38cf53,2024/25,2024/25|2024W34,2024-08-25,2024-08-25,2024-08-19,6,wolves,chelsea,2,0.16416958753046412,0.16450409665262428,-0.0003345091221601537
2022-01-22|20260611|9f2e086d39ae4b855ba21604367109e8e9ce00f96010c5ec65c380d317986abc,5c3f4936113e4939,2021/22,2021/22|2022W03,2022-01-22,2022-01-22,2022-01-18,4,southampton,man_city,1,0.32583350957866086,0.3253265922148465,0.0005069173638143631
2020-03-01|20260611|9f2e086d39ae4b855ba21604367109e8e9ce00f96010c5ec65c380d317986abc,5c7e1042c673964d,2019/20,2019/20|2020W09,2020-03-01,2020-03-01,2020-02-24,6,tottenham,wolves,2,0.43443457593938534,0.4314813904002572,0.002953185539128156
2020-02-22|20260611|9f2e086d39ae4b855ba21604367109e8e9ce00f96010c5ec65c380d317986abc,5c7e465fc3f97fef,2019/20,2019/20|2020W08,2020-02-22,2020-02-22,2020-02-17,5,crystal_palace,newcastle,0,0.19353901256603126,0.19285382235610848,0.0006851902099227758
2022-02-19|20260611|9f2e086d39ae4b855ba21604367109e8e9ce00f96010c5ec65c380d317986abc,5c841ac257a89747,2021/22,2021/22|2022W07,2022-02-19,2022-02-19,2022-02-15,4,west_ham,newcastle,1,0.20428519167166528,0.20397703836261966,0.0003081533090456279
2020-10-31|20260611|9f2e086d39ae4b855ba21604367109e8e9ce00f96010c5ec65c380d317986abc,5cb64e29d64c394f,2020/21,2020/21|2020W44,2020-10-31,2020-10-31,2020-10-26,5,liverpool,west_ham,0,0.029910004259091714,0.030053783545511643,-0.00014377928641992957
2021-03-10|20260611|9f2e086d39ae4b855ba21604367109e8e9ce00f96010c5ec65c380d317986abc,5cbcafa081b6453b,2020/21,2020/21|2021W10,2021-03-10,2021-03-10,2021-03-08,2,man_city,southampton,0,0.011381790925260453,0.011548349190373858,-0.00016655826511340587
2019-12-21|20260611|9f2e086d39ae4b855ba21604367109e8e9ce00f96010c5ec65c380d317986abc,5cc7e804b40ab718,2019/20,2019/20|2019W51,2019-12-21,2019-12-21,2019-12-16,5,everton,arsenal,1,0.14227283601606497,0.14240245900326579,-0.000129622987200817
2019-12-28|20260611|9f2e086d39ae4b855ba21604367109e8e9ce00f96010c5ec65c380d317986abc,5cfa9522c0817179,2019/20,2019/20|2019W52,2019-12-28,2019-12-28,2019-12-26,2,watford,aston_villa,0,0.22013227300158766,0.218214613882004,0.0019176591195836645
2023-05-28|20260611|9f2e086d39ae4b855ba21604367109e8e9ce00f96010c5ec65c380d317986abc,5cfc4ad1b20e8806,2022/23,2022/23|2023W21,2023-05-28,2023-05-28,2023-05-22,6,aston_villa,brighton,0,0.23853856175690183,0.23464122743814847,0.0038973343187533593
2024-02-11|20260611|9f2e086d39ae4b855ba21604367109e8e9ce00f96010c5ec65c380d317986abc,5cfdd3f74f456b50,2023/24,2023/24|2024W06,2024-02-11,2024-02-11,2024-02-05,6,west_ham,arsenal,2,0.14227129072200564,0.1431270856355924,-0.0008557949135867549
2024-04-07|20260611|9f2e086d39ae4b855ba21604367109e8e9ce00f96010c5ec65c380d317986abc,5d101967f92cd597,2023/24,2023/24|2024W14,2024-04-07,2024-04-07,2024-04-02,5,man_united,liverpool,1,0.16393038873211685,0.16035550806415372,0.0035748806679631318
2022-01-19|20260611|9f2e086d39ae4b855ba21604367109e8e9ce00f96010c5ec65c380d317986abc,5d33ae84a63b8514,2021/22,2021/22|2022W03,2022-01-19,2022-01-19,2022-01-18,1,leicester,tottenham,2,0.2567864251330832,0.25640641780363566,0.00038000732944754034
2025-05-10|20260611|9f2e086d39ae4b855ba21604367109e8e9ce00f96010c5ec65c380d317986abc,5d9ffcc731bec01b,2024/25,2024/25|2025W19,2025-05-10,2025-05-10,2025-05-05,5,bournemouth,aston_villa,2,0.2450046674194145,0.24516578400630878,-0.0001611165868942721
2022-08-07|20260611|9f2e086d39ae4b855ba21604367109e8e9ce00f96010c5ec65c380d317986abc,5da54ba9e340dfbf,2022/23,2022/23|2022W31,2022-08-07,2022-08-07,2022-08-05,2,leicester,brentford,1,0.171207183433204,0.17254353083526583,-0.001336347402061816
2019-10-25|20260611|9f2e086d39ae4b855ba21604367109e8e9ce00f96010c5ec65c380d317986abc,5db51a015b0105b8,2019/20,2019/20|2019W43,2019-10-25,2019-10-25,2019-10-21,4,southampton,leicester,2,0.20121978544053706,0.20103397489721228,0.00018581054332478253
2025-05-03|20260611|9f2e086d39ae4b855ba21604367109e8e9ce00f96010c5ec65c380d317986abc,5e4085966a7234b7,2024/25,2024/25|2025W18,2025-05-03,2025-05-03,2025-05-01,2,leicester,southampton,0,0.15818229002653517,0.15784669819427224,0.00033559183226292144
2020-12-13|20260611|9f2e086d39ae4b855ba21604367109e8e9ce00f96010c5ec65c380d317986abc,5e46edd9d35ac0c1,2020/21,2020/21|2020W50,2020-12-13,2020-12-13,2020-12-07,6,fulham,liverpool,1,0.35934568942164546,0.3566248934512703,0.002720795970375167
2021-08-28|20260611|9f2e086d39ae4b855ba21604367109e8e9ce00f96010c5ec65c380d317986abc,5ee5301ebb151ed4,2021/22,2021/22|2021W34,2021-08-28,2021-08-28,2021-08-23,5,liverpool,chelsea,1,0.15894157962618088,0.15860340523860325,0.0003381743875776333
2023-02-05|20260611|9f2e086d39ae4b855ba21604367109e8e9ce00f96010c5ec65c380d317986abc,5f112754264f272e,2022/23,2022/23|2023W05,2023-02-05,2023-02-05,2023-02-03,2,tottenham,man_city,0,0.4757066601626403,0.4752393741531018,0.0004672860095384923
2023-12-24|20260611|9f2e086d39ae4b855ba21604367109e8e9ce00f96010c5ec65c380d317986abc,5f472a8e49dfabfd,2023/24,2023/24|2023W51,2023-12-24,2023-12-24,2023-12-21,3,wolves,chelsea,0,0.3561990772498637,0.3548708412765568,0.0013282359733068905
2025-05-25|20260611|9f2e086d39ae4b855ba21604367109e8e9ce00f96010c5ec65c380d317986abc,5f61621a8fb594fc,2024/25,2024/25|2025W21,2025-05-25,2025-05-25,2025-05-19,6,bournemouth,leicester,0,0.08869434604184762,0.08806301786376627,0.0006313281780813418
2024-08-24|20260611|9f2e086d39ae4b855ba21604367109e8e9ce00f96010c5ec65c380d317986abc,5f7fa24fd952aa3c,2024/25,2024/25|2024W34,2024-08-24,2024-08-24,2024-08-19,5,aston_villa,arsenal,2,0.12248408353333827,0.1225007580540825,-1.66745207442337e-05
2024-11-30|20260611|9f2e086d39ae4b855ba21604367109e8e9ce00f96010c5ec65c380d317986abc,5fda5b6ce8ae0966,2024/25,2024/25|2024W48,2024-11-30,2024-11-30,2024-11-25,5,nottm_forest,ipswich,0,0.14827762330715077,0.14681580157688826,0.0014618217302625192
2021-08-14|20260611|9f2e086d39ae4b855ba21604367109e8e9ce00f96010c5ec65c380d317986abc,5fefd21fff54231b,2021/22,2021/22|2021W32,2021-08-14,2021-08-14,2021-08-13,1,man_united,leeds,0,0.12407121461055201,0.11760188158868422,0.006469333021867793
2025-05-04|20260611|9f2e086d39ae4b855ba21604367109e8e9ce00f96010c5ec65c380d317986abc,5ffc91c7fe62ed5a,2024/25,2024/25|2025W18,2025-05-04,2025-05-04,2025-05-01,3,brighton,newcastle,1,0.15770130045880462,0.15684075572231942,0.000860544736485197
2020-10-30|20260611|9f2e086d39ae4b855ba21604367109e8e9ce00f96010c5ec65c380d317986abc,600150cfc40686b3,2020/21,2020/21|2020W44,2020-10-30,2020-10-30,2020-10-26,4,wolves,crystal_palace,0,0.12870226291700496,0.12863619905461424,6.606386239071949e-05
2023-12-30|20260611|9f2e086d39ae4b855ba21604367109e8e9ce00f96010c5ec65c380d317986abc,60422de5bf98d9c4,2023/24,2023/24|2023W52,2023-12-30,2023-12-30,2023-12-26,4,man_city,sheffield_united,0,0.0014338399149572488,0.0017020587693482535,-0.00026821885439100475
2024-10-06|20260611|9f2e086d39ae4b855ba21604367109e8e9ce00f96010c5ec65c380d317986abc,604a5c7025889f70,2024/25,2024/25|2024W40,2024-10-06,2024-10-06,2024-09-30,6,chelsea,nottm_forest,1,0.2263860559981129,0.2257084118989349,0.0006776440991780042
2024-03-02|20260611|9f2e086d39ae4b855ba21604367109e8e9ce00f96010c5ec65c380d317986abc,605cb046f47af90c,2023/24,2023/24|2024W09,2024-03-02,2024-03-02,2024-02-26,5,tottenham,crystal_palace,0,0.08208375656971936,0.08221750538352683,-0.00013374881380746884
2021-03-12|20260611|9f2e086d39ae4b855ba21604367109e8e9ce00f96010c5ec65c380d317986abc,6066cf28f11b2558,2020/21,2020/21|2021W10,2021-03-12,2021-03-12,2021-03-08,4,newcastle,aston_villa,1,0.12925498185070508,0.12939661572243444,-0.00014163387172935749
2023-04-27|20260611|9f2e086d39ae4b855ba21604367109e8e9ce00f96010c5ec65c380d317986abc,608419932da5ba1f,2022/23,2022/23|2023W17,2023-04-27,2023-04-27,2023-04-25,2,tottenham,man_united,1,0.15113192060685698,0.15096753666647683,0.0001643839403801528
2020-12-20|20260611|9f2e086d39ae4b855ba21604367109e8e9ce00f96010c5ec65c380d317986abc,6092f6f5770b23a6,2020/21,2020/21|2020W51,2020-12-20,2020-12-20,2020-12-15,5,tottenham,leicester,2,0.46146831954018186,0.45508919154535044,0.006379127994831424
2024-10-05|20260611|9f2e086d39ae4b855ba21604367109e8e9ce00f96010c5ec65c380d317986abc,60b14f96dd01160d,2024/25,2024/25|2024W40,2024-10-05,2024-10-05,2024-09-30,5,man_city,fulham,0,0.023171376137245184,0.023277386197411296,-0.00010601006016611181
2020-10-18|20260611|9f2e086d39ae4b855ba21604367109e8e9ce00f96010c5ec65c380d317986abc,6121099b54b076df,2020/21,2020/21|2020W42,2020-10-18,2020-10-18,2020-10-17,1,tottenham,west_ham,1,0.22698439953444385,0.22773438893324807,-0.0007499893988042183
2021-01-30|20260611|9f2e086d39ae4b855ba21604367109e8e9ce00f96010c5ec65c380d317986abc,61b9019d1bd3cf17,2020/21,2020/21|2021W04,2021-01-30,2021-01-30,2021-01-26,4,man_city,sheffield_united,0,0.013247396163615642,0.01154175043789525,0.0017056457257203922
2020-01-12|20260611|9f2e086d39ae4b855ba21604367109e8e9ce00f96010c5ec65c380d317986abc,61f88ba4e644bf4c,2019/20,2019/20|2020W02,2020-01-12,2020-01-12,2020-01-10,2,aston_villa,man_city,2,0.01982464588795465,0.01996495800733205,-0.0001403121193774004
2021-03-04|20260611|9f2e086d39ae4b855ba21604367109e8e9ce00f96010c5ec65c380d317986abc,620ac08e516b52d7,2020/21,2020/21|2021W09,2021-03-04,2021-03-04,2021-03-01,3,fulham,tottenham,2,0.08986417642098667,0.08928331201558345,0.0005808644054032114
2021-10-23|20260611|9f2e086d39ae4b855ba21604367109e8e9ce00f96010c5ec65c380d317986abc,6261e8b7551e1462,2021/22,2021/22|2021W42,2021-10-23,2021-10-23,2021-10-18,5,chelsea,norwich,0,0.01226368827517326,0.012179222380644256,8.446589452900354e-05
2023-04-27|20260611|9f2e086d39ae4b855ba21604367109e8e9ce00f96010c5ec65c380d317986abc,626c3f461219429d,2022/23,2022/23|2023W17,2023-04-27,2023-04-27,2023-04-25,2,southampton,bournemouth,2,0.3308626471140385,0.3298256217011773,0.0010370254128612144
2024-04-28|20260611|9f2e086d39ae4b855ba21604367109e8e9ce00f96010c5ec65c380d317986abc,627ad1947cc5880b,2023/24,2023/24|2024W17,2024-04-28,2024-04-28,2024-04-23,5,nottm_forest,man_city,2,0.025153140177782606,0.026762848063102092,-0.0016097078853194863
2024-02-01|20260611|9f2e086d39ae4b855ba21604367109e8e9ce00f96010c5ec65c380d317986abc,62a301c070cf5338,2023/24,2023/24|2024W05,2024-02-01,2024-02-01,2024-01-30,2,west_ham,bournemouth,1,0.19415858948973327,0.19437176797110386,-0.0002131784813705906
2023-03-19|20260611|9f2e086d39ae4b855ba21604367109e8e9ce00f96010c5ec65c380d317986abc,632eac30af680c6f,2022/23,2022/23|2023W11,2023-03-19,2023-03-19,2023-03-15,4,arsenal,crystal_palace,0,0.052173131101099654,0.05246324712845323,-0.0002901160273535777
2019-08-18|20260611|9f2e086d39ae4b855ba21604367109e8e9ce00f96010c5ec65c380d317986abc,63503e79e01c14fd,2019/20,2019/20|2019W33,2019-08-18,2019-08-18,2019-08-17,1,sheffield_united,crystal_palace,0,0.3289002976597108,0.33150927089542337,-0.002608973235712575
2020-01-11|20260611|9f2e086d39ae4b855ba21604367109e8e9ce00f96010c5ec65c380d317986abc,636ef32874c84ae5,2019/20,2019/20|2020W02,2020-01-11,2020-01-11,2020-01-10,1,crystal_palace,arsenal,1,0.1372755365779464,0.13709703369452042,0.00017850288342596832
2019-12-28|20260611|9f2e086d39ae4b855ba21604367109e8e9ce00f96010c5ec65c380d317986abc,63ba2f732b826687,2019/20,2019/20|2019W52,2019-12-28,2019-12-28,2019-12-26,2,newcastle,everton,2,0.2941522065748034,0.3092889596935585,-0.01513675311875512
2023-10-28|20260611|9f2e086d39ae4b855ba21604367109e8e9ce00f96010c5ec65c380d317986abc,63f3b121e34d9666,2023/24,2023/24|2023W43,2023-10-28,2023-10-28,2023-10-23,5,wolves,newcastle,1,0.16186521373970725,0.1619607969661617,-9.558322645444872e-05
2020-09-27|20260611|9f2e086d39ae4b855ba21604367109e8e9ce00f96010c5ec65c380d317986abc,641004a2079adddf,2020/21,2020/21|2020W39,2020-09-27,2020-09-27,2020-09-21,6,west_ham,wolves,0,0.35785445209621647,0.36790332155450695,-0.010048869458290477
2021-05-13|20260611|9f2e086d39ae4b855ba21604367109e8e9ce00f96010c5ec65c380d317986abc,641e7a20e505432c,2020/21,2020/21|2021W19,2021-05-13,2021-05-13,2021-05-10,3,aston_villa,everton,1,0.1312524543108497,0.1309052800210786,0.00034717428977110165
2020-11-08|20260611|9f2e086d39ae4b855ba21604367109e8e9ce00f96010c5ec65c380d317986abc,647959054f40e06a,2020/21,2020/21|2020W45,2020-11-08,2020-11-08,2020-11-02,6,leicester,wolves,0,0.2124005722966652,0.22246428099397936,-0.010063708697314155
2025-04-19|20260611|9f2e086d39ae4b855ba21604367109e8e9ce00f96010c5ec65c380d317986abc,64a2b8215e4194e5,2024/25,2024/25|2025W16,2025-04-19,2025-04-19,2025-04-14,5,brentford,brighton,0,0.20960248003478302,0.21166779278111866,-0.0020653127463356458
2024-12-29|20260611|9f2e086d39ae4b855ba21604367109e8e9ce00f96010c5ec65c380d317986abc,64cded22fea3d069,2024/25,2024/25|2024W52,2024-12-29,2024-12-29,2024-12-26,3,crystal_palace,southampton,0,0.07965347807073603,0.08251969417191067,-0.002866216101174643
2022-10-29|20260611|9f2e086d39ae4b855ba21604367109e8e9ce00f96010c5ec65c380d317986abc,64e569352515a8e7,2022/23,2022/23|2022W43,2022-10-29,2022-10-29,2022-10-24,5,brentford,wolves,1,0.1359987544593378,0.13593569474012404,6.305971921374831e-05
2020-07-19|20260611|9f2e086d39ae4b855ba21604367109e8e9ce00f96010c5ec65c380d317986abc,6549f64c5bc20474,2019/20,2019/20|2020W29,2020-07-19,2020-07-19,2020-07-13,6,bournemouth,southampton,2,0.27463489281737286,0.2748944079806156,-0.0002595151632427406
2022-09-03|20260611|9f2e086d39ae4b855ba21604367109e8e9ce00f96010c5ec65c380d317986abc,65601461bdf028ba,2022/23,2022/23|2022W35,2022-09-03,2022-09-03,2022-08-30,4,tottenham,fulham,0,0.05156965729094451,0.04619100989992467,0.005378647391019842
2024-03-02|20260611|9f2e086d39ae4b855ba21604367109e8e9ce00f96010c5ec65c380d317986abc,65ea359f81f5e16d,2023/24,2023/24|2024W09,2024-03-02,2024-03-02,2024-02-26,5,brentford,chelsea,1,0.14055906448797667,0.13945136156426885,0.0011077029237078206
2024-12-15|20260611|9f2e086d39ae4b855ba21604367109e8e9ce00f96010c5ec65c380d317986abc,65ea61acc3db9e7e,2024/25,2024/25|2024W50,2024-12-15,2024-12-15,2024-12-09,6,chelsea,brentford,0,0.09629773662046645,0.09610197052122499,0.00019576609924146227
2019-10-26|20260611|9f2e086d39ae4b855ba21604367109e8e9ce00f96010c5ec65c380d317986abc,661a6fbe66a2f41a,2019/20,2019/20|2019W43,2019-10-26,2019-10-26,2019-10-21,5,brighton,everton,0,0.34761221496850314,0.3429473149791963,0.004664899989306859
2022-04-09|20260611|9f2e086d39ae4b855ba21604367109e8e9ce00f96010c5ec65c380d317986abc,662c6766c90130f9,2021/22,2021/22|2022W14,2022-04-09,2022-04-09,2022-04-04,5,everton,man_united,0,0.47618978273832285,0.4703204340758526,0.005869348662470242
2021-12-12|20260611|9f2e086d39ae4b855ba21604367109e8e9ce00f96010c5ec65c380d317986abc,6700fce19c419155,2021/22,2021/22|2021W49,2021-12-12,2021-12-12,2021-12-06,6,crystal_palace,everton,0,0.27640742992153805,0.26954467640733315,0.0068627535142049
2021-02-07|20260611|9f2e086d39ae4b855ba21604367109e8e9ce00f96010c5ec65c380d317986abc,670f08abbb11088b,2020/21,2020/21|2021W05,2021-02-07,2021-02-07,2021-02-02,5,wolves,leicester,1,0.13221989833125905,0.13196283498716987,0.00025706334408917564
2023-02-15|20260611|9f2e086d39ae4b855ba21604367109e8e9ce00f96010c5ec65c380d317986abc,6726edcee92c16cd,2022/23,2022/23|2023W07,2023-02-15,2023-02-15,2023-02-13,2,arsenal,man_city,2,0.15348472309866723,0.1534352775118532,4.944558681402311e-05
2023-04-16|20260611|9f2e086d39ae4b855ba21604367109e8e9ce00f96010c5ec65c380d317986abc,673d2de4ebba5009,2022/23,2022/23|2023W15,2023-04-16,2023-04-16,2023-04-15,1,nottm_forest,man_united,2,0.08136983237161527,0.08094141300057266,0.00042841937104261263
2024-04-06|20260611|9f2e086d39ae4b855ba21604367109e8e9ce00f96010c5ec65c380d317986abc,6748b208ad0e5c45,2023/24,2023/24|2024W14,2024-04-06,2024-04-06,2024-04-02,4,everton,burnley,0,0.15111875505292327,0.15327238365248494,-0.002153628599561669
2023-04-22|20260611|9f2e086d39ae4b855ba21604367109e8e9ce00f96010c5ec65c380d317986abc,67ab04c8963c909c,2022/23,2022/23|2023W16,2023-04-22,2023-04-22,2023-04-17,5,brentford,aston_villa,1,0.1400180198771668,0.14046696708050124,-0.0004489472033344377
2021-04-11|20260611|9f2e086d39ae4b855ba21604367109e8e9ce00f96010c5ec65c380d317986abc,67c3dbf1adc86d7c,2020/21,2020/21|2021W14,2021-04-11,2021-04-11,2021-04-05,6,sheffield_united,arsenal,2,0.09747179153210091,0.0988962808909025,-0.0014244893588015867
2025-02-15|20260611|9f2e086d39ae4b855ba21604367109e8e9ce00f96010c5ec65c380d317986abc,68131edb92084e6e,2024/25,2024/25|2025W07,2025-02-15,2025-02-15,2025-02-12,3,southampton,bournemouth,2,0.0877790564026184,0.08710121337882169,0.000677843023796712
2022-04-24|20260611|9f2e086d39ae4b855ba21604367109e8e9ce00f96010c5ec65c380d317986abc,683420c9d10e4404,2021/22,2021/22|2022W16,2022-04-24,2022-04-24,2022-04-19,5,brighton,southampton,1,0.1321864303569473,0.13236398496048124,-0.00017755460353394148
2022-02-19|20260611|9f2e086d39ae4b855ba21604367109e8e9ce00f96010c5ec65c380d317986abc,684583a1c62cef80,2021/22,2021/22|2022W07,2022-02-19,2022-02-19,2022-02-15,4,southampton,everton,0,0.22190570368896628,0.22250158057837088,-0.0005958768894046007
2021-03-06|20260611|9f2e086d39ae4b855ba21604367109e8e9ce00f96010c5ec65c380d317986abc,684eba9a98e961bb,2020/21,2020/21|2021W09,2021-03-06,2021-03-06,2021-03-01,5,sheffield_united,southampton,2,0.2380265445503054,0.22286622169680373,0.015160322853501662
2023-05-28|20260611|9f2e086d39ae4b855ba21604367109e8e9ce00f96010c5ec65c380d317986abc,68702ef059dea4b5,2022/23,2022/23|2023W21,2023-05-28,2023-05-28,2023-05-22,6,leeds,tottenham,2,0.11584392317102785,0.11546567082960904,0.0003782523414188055
2020-06-20|20260611|9f2e086d39ae4b855ba21604367109e8e9ce00f96010c5ec65c380d317986abc,68a04ccd21a2a750,2019/20,2019/20|2020W25,2020-06-20,2020-06-20,2020-06-17,3,west_ham,wolves,2,0.2036778498409613,0.2034676188018445,0.0002102310391167983
2023-03-18|20260611|9f2e086d39ae4b855ba21604367109e8e9ce00f96010c5ec65c380d317986abc,68aaaab9bacbb971,2022/23,2022/23|2023W11,2023-03-18,2023-03-18,2023-03-15,3,aston_villa,bournemouth,0,0.10396902028650246,0.10354342444116625,0.00042559584533620465
2021-05-16|20260611|9f2e086d39ae4b855ba21604367109e8e9ce00f96010c5ec65c380d317986abc,68b12b5e28abf451,2020/21,2020/21|2021W19,2021-05-16,2021-05-16,2021-05-10,6,tottenham,wolves,0,0.12152716374877388,0.11908734595702374,0.0024398177917501485
2019-11-24|20260611|9f2e086d39ae4b855ba21604367109e8e9ce00f96010c5ec65c380d317986abc,68c41299e1465914,2019/20,2019/20|2019W47,2019-11-24,2019-11-24,2019-11-23,1,sheffield_united,man_united,1,0.11316583095699002,0.1132321692111844,-6.6338254194373e-05
2025-04-12|20260611|9f2e086d39ae4b855ba21604367109e8e9ce00f96010c5ec65c380d317986abc,68d4a34b0163d875,2024/25,2024/25|2025W15,2025-04-12,2025-04-12,2025-04-07,5,nottm_forest,everton,2,0.3819147239479746,0.382230671695385,-0.00031594774741039444
2024-11-10|20260611|9f2e086d39ae4b855ba21604367109e8e9ce00f96010c5ec65c380d317986abc,6925d3ac91a0367f,2024/25,2024/25|2024W45,2024-11-10,2024-11-10,2024-11-04,6,tottenham,ipswich,2,0.7216623432128221,0.7191017393177297,0.0025606038950923837
2025-05-10|20260611|9f2e086d39ae4b855ba21604367109e8e9ce00f96010c5ec65c380d317986abc,6938f12e3b2c7b35,2024/25,2024/25|2025W19,2025-05-10,2025-05-10,2025-05-05,5,wolves,brighton,2,0.24080598281445798,0.24083831203683004,-3.2329222372062816e-05
2021-02-13|20260611|9f2e086d39ae4b855ba21604367109e8e9ce00f96010c5ec65c380d317986abc,694a707fc672aea0,2020/21,2020/21|2021W06,2021-02-13,2021-02-13,2021-02-08,5,man_city,tottenham,0,0.06987445912198503,0.07035486839502803,-0.0004804092730429921
2023-09-23|20260611|9f2e086d39ae4b855ba21604367109e8e9ce00f96010c5ec65c380d317986abc,6a0b4f0c00b17d15,2023/24,2023/24|2023W38,2023-09-23,2023-09-23,2023-09-18,5,crystal_palace,fulham,1,0.13557031469365444,0.13577742166204224,-0.00020710696838779907
2025-05-03|20260611|9f2e086d39ae4b855ba21604367109e8e9ce00f96010c5ec65c380d317986abc,6a0c0ae21e144c4b,2024/25,2024/25|2025W18,2025-05-03,2025-05-03,2025-05-01,2,arsenal,bournemouth,2,0.6355989805150957,0.636248298856664,-0.000649318341568339
2025-02-02|20260611|9f2e086d39ae4b855ba21604367109e8e9ce00f96010c5ec65c380d317986abc,6a1218d9e9d0cf4c,2024/25,2024/25|2025W05,2025-02-02,2025-02-02,2025-02-01,1,arsenal,man_city,0,0.2233022611769945,0.22566380602895125,-0.0023615448519567483
2019-08-11|20260611|9f2e086d39ae4b855ba21604367109e8e9ce00f96010c5ec65c380d317986abc,6a12298755809af2,2019/20,2019/20|2019W32,2019-08-11,2019-08-11,2019-08-09,2,leicester,wolves,1,0.1332334111409365,0.13446620220606342,-0.0012327910651269147
2023-02-19|20260611|9f2e086d39ae4b855ba21604367109e8e9ce00f96010c5ec65c380d317986abc,6a41c63e3a0e55b5,2022/23,2022/23|2023W07,2023-02-19,2023-02-19,2023-02-13,6,man_united,leicester,0,0.12643381655054933,0.12515539441750628,0.00127842213304305
2025-05-03|20260611|9f2e086d39ae4b855ba21604367109e8e9ce00f96010c5ec65c380d317986abc,6a598463dce084d3,2024/25,2024/25|2025W18,2025-05-03,2025-05-03,2025-05-01,2,aston_villa,fulham,0,0.1706926255236789,0.17022046507879735,0.0004721604448815475
2024-08-24|20260611|9f2e086d39ae4b855ba21604367109e8e9ce00f96010c5ec65c380d317986abc,6a7847e71ad0de46,2024/25,2024/25|2024W34,2024-08-24,2024-08-24,2024-08-19,5,tottenham,everton,0,0.09111329542043692,0.09015137200753623,0.0009619234129006893
2020-10-24|20260611|9f2e086d39ae4b855ba21604367109e8e9ce00f96010c5ec65c380d317986abc,6a8e6e37a9ee8cc7,2020/21,2020/21|2020W43,2020-10-24,2020-10-24,2020-10-19,5,liverpool,sheffield_united,0,0.036762816257245465,0.03679199557224258,-2.91793149971159e-05
2025-01-18|20260611|9f2e086d39ae4b855ba21604367109e8e9ce00f96010c5ec65c380d317986abc,6aacb9fbaa332680,2024/25,2024/25|2025W03,2025-01-18,2025-01-18,2025-01-14,4,brentford,liverpool,2,0.0849620965485146,0.08020394967299246,0.004758146875522132
2025-05-25|20260611|9f2e086d39ae4b855ba21604367109e8e9ce00f96010c5ec65c380d317986abc,6ab0392f72fde192,2024/25,2024/25|2025W21,2025-05-25,2025-05-25,2025-05-19,6,newcastle,everton,2,0.4889655775023313,0.48794112658995703,0.0010244509123742418
2023-12-03|20260611|9f2e086d39ae4b855ba21604367109e8e9ce00f96010c5ec65c380d317986abc,6ab800b3596f5b08,2023/24,2023/24|2023W48,2023-12-03,2023-12-03,2023-11-27,6,chelsea,brighton,0,0.19603822042875452,0.1981764335723429,-0.002138213143588391
2021-03-06|20260611|9f2e086d39ae4b855ba21604367109e8e9ce00f96010c5ec65c380d317986abc,6af304e90c30d219,2020/21,2020/21|2021W09,2021-03-06,2021-03-06,2021-03-01,5,brighton,leicester,2,0.14309555296181653,0.14188276518405213,0.0012127877777644014
2020-12-27|20260611|9f2e086d39ae4b855ba21604367109e8e9ce00f96010c5ec65c380d317986abc,6b24cb228742244a,2020/21,2020/21|2020W52,2020-12-27,2020-12-27,2020-12-21,6,leeds,burnley,0,0.20400486306824017,0.19721112938834626,0.006793733679893915
2020-10-18|20260611|9f2e086d39ae4b855ba21604367109e8e9ce00f96010c5ec65c380d317986abc,6b64200e565cf110,2020/21,2020/21|2020W42,2020-10-18,2020-10-18,2020-10-17,1,crystal_palace,brighton,1,0.13420069757194505,0.13456069978565383,-0.00036000221370877106
2019-08-10|20260611|9f2e086d39ae4b855ba21604367109e8e9ce00f96010c5ec65c380d317986abc,6b6a0b74122aa44b,2019/20,2019/20|2019W32,2019-08-10,2019-08-10,2019-08-09,1,tottenham,aston_villa,0,0.018463026594677665,0.018420365512148658,4.266108252900733e-05
2024-05-19|20260611|9f2e086d39ae4b855ba21604367109e8e9ce00f96010c5ec65c380d317986abc,6bb96b93f5816135,2023/24,2023/24|2024W20,2024-05-19,2024-05-19,2024-05-13,6,burnley,nottm_forest,2,0.27675153019570226,0.2769350132141094,-0.00018348301840714898
2021-01-19|20260611|9f2e086d39ae4b855ba21604367109e8e9ce00f96010c5ec65c380d317986abc,6be7ea98e6ceb48d,2020/21,2020/21|2021W03,2021-01-19,2021-01-19,2021-01-18,1,west_ham,west_brom,0,0.06177895031355546,0.062031383182842126,-0.0002524328692866673
2019-11-09|20260611|9f2e086d39ae4b855ba21604367109e8e9ce00f96010c5ec65c380d317986abc,6c03ceb40f45647a,2019/20,2019/20|2019W45,2019-11-09,2019-11-09,2019-11-08,1,newcastle,bournemouth,0,0.19958790941621174,0.19909907622195375,0.0004888331942579927
2024-08-24|20260611|9f2e086d39ae4b855ba21604367109e8e9ce00f96010c5ec65c380d317986abc,6c0a824acd94bccd,2024/25,2024/25|2024W34,2024-08-24,2024-08-24,2024-08-19,5,crystal_palace,west_ham,2,0.38252203805060425,0.38217152662687515,0.00035051142372910515
2021-09-12|20260611|9f2e086d39ae4b855ba21604367109e8e9ce00f96010c5ec65c380d317986abc,6c29751805fc1fc4,2021/22,2021/22|2021W36,2021-09-12,2021-09-12,2021-09-11,1,leeds,liverpool,2,0.1183747152757465,0.1172265770814352,0.0011481381943112962
2021-08-29|20260611|9f2e086d39ae4b855ba21604367109e8e9ce00f96010c5ec65c380d317986abc,6c659580abda296e,2021/22,2021/22|2021W34,2021-08-29,2021-08-29,2021-08-23,6,burnley,leeds,1,0.15129071816129908,0.15220363089177807,-0.0009129127304789986
2019-12-04|20260611|9f2e086d39ae4b855ba21604367109e8e9ce00f96010c5ec65c380d317986abc,6c672ec08f6c9644,2019/20,2019/20|2019W49,2019-12-04,2019-12-04,2019-12-03,1,man_united,tottenham,0,0.2537817181727162,0.25351833347622854,0.0002633846964876785
2024-10-27|20260611|9f2e086d39ae4b855ba21604367109e8e9ce00f96010c5ec65c380d317986abc,6cb8102210b06a09,2024/25,2024/25|2024W43,2024-10-27,2024-10-27,2024-10-21,6,west_ham,man_united,0,0.3130973326697149,0.3101107551236617,0.002986577546053193
2019-12-08|20260611|9f2e086d39ae4b855ba21604367109e8e9ce00f96010c5ec65c380d317986abc,6cbdcf40d6c95453,2019/20,2019/20|2019W49,2019-12-08,2019-12-08,2019-12-03,5,brighton,wolves,1,0.13280501410220524,0.13452946795825926,-0.0017244538560540201
2020-09-26|20260611|9f2e086d39ae4b855ba21604367109e8e9ce00f96010c5ec65c380d317986abc,6cc893050e39ca0a,2020/21,2020/21|2020W39,2020-09-26,2020-09-26,2020-09-21,5,crystal_palace,everton,2,0.26969182433994576,0.26966395374113333,2.787059881242948e-05
2021-11-28|20260611|9f2e086d39ae4b855ba21604367109e8e9ce00f96010c5ec65c380d317986abc,6d223cf4aab43b23,2021/22,2021/22|2021W47,2021-11-28,2021-11-28,2021-11-27,1,leicester,watford,0,0.08694758884942508,0.08760264177743946,-0.0006550529280143769
2023-04-23|20260611|9f2e086d39ae4b855ba21604367109e8e9ce00f96010c5ec65c380d317986abc,6d3bbdb07045dcde,2022/23,2022/23|2023W16,2023-04-23,2023-04-23,2023-04-17,6,newcastle,tottenham,0,0.2703183639082018,0.267573910534313,0.002744453373888789
2024-12-07|20260611|9f2e086d39ae4b855ba21604367109e8e9ce00f96010c5ec65c380d317986abc,6d3ddd80423fd6ad,2024/25,2024/25|2024W49,2024-12-07,2024-12-07,2024-12-03,4,crystal_palace,man_city,1,0.2189492408479257,0.22304749852902564,-0.004098257681099948
2021-04-10|20260611|9f2e086d39ae4b855ba21604367109e8e9ce00f96010c5ec65c380d317986abc,6d55a2c570c03129,2020/21,2020/21|2021W14,2021-04-10,2021-04-10,2021-04-05,5,man_city,leeds,2,0.8073012356794925,0.8078041353123726,-0.0005028996328800828
2021-05-19|20260611|9f2e086d39ae4b855ba21604367109e8e9ce00f96010c5ec65c380d317986abc,6d8870a37d501e09,2020/21,2020/21|2021W20,2021-05-19,2021-05-19,2021-05-18,1,tottenham,aston_villa,2,0.5270334378889151,0.5261935085933492,0.0008399292955658666
2025-05-11|20260611|9f2e086d39ae4b855ba21604367109e8e9ce00f96010c5ec65c380d317986abc,6d9002aec761cbab,2024/25,2024/25|2025W19,2025-05-11,2025-05-11,2025-05-05,6,liverpool,arsenal,1,0.13993321237692363,0.13985303842076446,8.017395615916856e-05
2022-10-30|20260611|9f2e086d39ae4b855ba21604367109e8e9ce00f96010c5ec65c380d317986abc,6d90047d6c73c8de,2022/23,2022/23|2022W43,2022-10-30,2022-10-30,2022-10-24,6,man_united,west_ham,0,0.14301193063020132,0.14109149765563203,0.001920432974569286
2023-12-09|20260611|9f2e086d39ae4b855ba21604367109e8e9ce00f96010c5ec65c380d317986abc,6dadbe72f1c2f54c,2023/24,2023/24|2023W49,2023-12-09,2023-12-09,2023-12-05,4,crystal_palace,liverpool,2,0.07707937417759689,0.08176007705260564,-0.004680702875008755
2022-01-22|20260611|9f2e086d39ae4b855ba21604367109e8e9ce00f96010c5ec65c380d317986abc,6dc9b6feadfc5a16,2021/22,2021/22|2022W03,2022-01-22,2022-01-22,2022-01-18,4,everton,aston_villa,2,0.2889434485992449,0.2902874844464253,-0.0013440358471804026
2021-02-27|20260611|9f2e086d39ae4b855ba21604367109e8e9ce00f96010c5ec65c380d317986abc,6dea219268485d92,2020/21,2020/21|2021W08,2021-02-27,2021-02-27,2021-02-22,5,man_city,west_ham,0,0.021539553374508268,0.021653559558421253,-0.00011400618391298536
2025-04-19|20260611|9f2e086d39ae4b855ba21604367109e8e9ce00f96010c5ec65c380d317986abc,6e1cd566d588cb08,2024/25,2024/25|2025W16,2025-04-19,2025-04-19,2025-04-14,5,crystal_palace,bournemouth,1,0.1408108452635701,0.1434833116249169,-0.002672466361346798
2024-04-06|20260611|9f2e086d39ae4b855ba21604367109e8e9ce00f96010c5ec65c380d317986abc,6e212249efc26435,2023/24,2023/24|2024W14,2024-04-06,2024-04-06,2024-04-02,4,aston_villa,brentford,1,0.17568843674704407,0.17911332569318725,-0.0034248889461431786
2022-10-16|20260611|9f2e086d39ae4b855ba21604367109e8e9ce00f96010c5ec65c380d317986abc,6e62446a9586c076,2022/23,2022/23|2022W41,2022-10-16,2022-10-16,2022-10-10,6,leeds,arsenal,2,0.10163971864329505,0.10151401101333524,0.00012570762995980922
2025-05-04|20260611|9f2e086d39ae4b855ba21604367109e8e9ce00f96010c5ec65c380d317986abc,6ea43f17c3a1637a,2024/25,2024/25|2025W18,2025-05-04,2025-05-04,2025-05-01,3,chelsea,liverpool,0,0.4247546142115033,0.42257195862593055,0.0021826555855727348
2024-02-10|20260611|9f2e086d39ae4b855ba21604367109e8e9ce00f96010c5ec65c380d317986abc,6ea5473880370150,2023/24,2023/24|2024W06,2024-02-10,2024-02-10,2024-02-05,5,fulham,bournemouth,0,0.14684018674589322,0.14657275868491093,0.0002674280609822888
2025-01-16|20260611|9f2e086d39ae4b855ba21604367109e8e9ce00f96010c5ec65c380d317986abc,6eb6c1947f434d29,2024/25,2024/25|2025W03,2025-01-16,2025-01-16,2025-01-14,2,man_united,southampton,0,0.04992732518946923,0.049976885525960524,-4.956033649129721e-05
2021-08-22|20260611|9f2e086d39ae4b855ba21604367109e8e9ce00f96010c5ec65c380d317986abc,6ed53d5486658840,2021/22,2021/22|2021W33,2021-08-22,2021-08-22,2021-08-21,1,wolves,tottenham,2,0.15572739988153453,0.15412858634678417,0.0015988135347503596
2025-05-20|20260611|9f2e086d39ae4b855ba21604367109e8e9ce00f96010c5ec65c380d317986abc,6ee1d61a896dc689,2024/25,2024/25|2025W21,2025-05-20,2025-05-20,2025-05-19,1,man_city,bournemouth,0,0.054168377311630274,0.054416943499193585,-0.0002485661875633108
2020-01-11|20260611|9f2e086d39ae4b855ba21604367109e8e9ce00f96010c5ec65c380d317986abc,6ee6eba888d7142c,2019/20,2019/20|2020W02,2020-01-11,2020-01-11,2020-01-10,1,everton,brighton,0,0.1344689774074741,0.13467666973510528,-0.0002076923276311815
2024-12-07|20260611|9f2e086d39ae4b855ba21604367109e8e9ce00f96010c5ec65c380d317986abc,6f25bf503d5192be,2024/25,2024/25|2024W49,2024-12-07,2024-12-07,2024-12-03,4,aston_villa,southampton,0,0.04572723999584023,0.05525799058689379,-0.009530750591053558
2020-12-29|20260611|9f2e086d39ae4b855ba21604367109e8e9ce00f96010c5ec65c380d317986abc,6f2b2b90a1150790,2020/21,2020/21|2020W53,2020-12-29,2020-12-29,2020-12-28,1,brighton,arsenal,2,0.15814598177956252,0.15826805203437372,-0.00012207025481120182
2022-02-25|20260611|9f2e086d39ae4b855ba21604367109e8e9ce00f96010c5ec65c380d317986abc,6f3a5347dbcb53fd,2021/22,2021/22|2022W08,2022-02-25,2022-02-25,2022-02-23,2,southampton,norwich,0,0.06136395955281252,0.06147746429990649,-0.0001135047470939704
2023-12-09|20260611|9f2e086d39ae4b855ba21604367109e8e9ce00f96010c5ec65c380d317986abc,6f5aadfb2be8a347,2023/24,2023/24|2023W49,2023-12-09,2023-12-09,2023-12-05,4,aston_villa,arsenal,0,0.3087105161123834,0.33236063120786485,-0.023650115095481428
2023-01-19|20260611|9f2e086d39ae4b855ba21604367109e8e9ce00f96010c5ec65c380d317986abc,6f5b25a6c59097f9,2022/23,2022/23|2023W03,2023-01-19,2023-01-19,2023-01-18,1,man_city,tottenham,0,0.05883354749813778,0.058960597815182494,-0.00012705031704471348
2025-01-26|20260611|9f2e086d39ae4b855ba21604367109e8e9ce00f96010c5ec65c380d317986abc,6f6205183312c927,2024/25,2024/25|2025W04,2025-01-26,2025-01-26,2025-01-20,6,tottenham,leicester,2,0.5994499098753913,0.5975948931966402,0.001855016678751098
2023-01-22|20260611|9f2e086d39ae4b855ba21604367109e8e9ce00f96010c5ec65c380d317986abc,6f6af9f35e83886c,2022/23,2022/23|2023W03,2023-01-22,2023-01-22,2023-01-18,4,arsenal,man_united,0,0.1476358765590126,0.1495248705950481,-0.001888994036035485
2024-03-02|20260611|9f2e086d39ae4b855ba21604367109e8e9ce00f96010c5ec65c380d317986abc,6fbba840ec600afd,2023/24,2023/24|2024W09,2024-03-02,2024-03-02,2024-02-26,5,nottm_forest,liverpool,2,0.04253578773566425,0.042239620716846504,0.00029616701881774593
2024-02-17|20260611|9f2e086d39ae4b855ba21604367109e8e9ce00f96010c5ec65c380d317986abc,6fcab27c8f85b08c,2023/24,2023/24|2024W07,2024-02-17,2024-02-17,2024-02-12,5,newcastle,bournemouth,1,0.23707350682777,0.23752227382677127,-0.00044876699900125994
2024-05-19|20260611|9f2e086d39ae4b855ba21604367109e8e9ce00f96010c5ec65c380d317986abc,6fd389de1f1c81de,2023/24,2023/24|2024W20,2024-05-19,2024-05-19,2024-05-13,6,brentford,newcastle,2,0.24089615884378282,0.23573342578255488,0.005162733061227942
2023-02-04|20260611|9f2e086d39ae4b855ba21604367109e8e9ce00f96010c5ec65c380d317986abc,6ff5b0db8fa47a7f,2022/23,2022/23|2023W05,2023-02-04,2023-02-04,2023-02-03,1,man_united,crystal_palace,0,0.09030445714539291,0.09029125716181348,1.319998357943164e-05
2025-04-19|20260611|9f2e086d39ae4b855ba21604367109e8e9ce00f96010c5ec65c380d317986abc,705257afc581db61,2024/25,2024/25|2025W16,2025-04-19,2025-04-19,2025-04-14,5,everton,man_city,2,0.08831658732910624,0.08753367069332965,0.0007829166357765927
2020-12-26|20260611|9f2e086d39ae4b855ba21604367109e8e9ce00f96010c5ec65c380d317986abc,705a5dd808717b7e,2020/21,2020/21|2020W52,2020-12-26,2020-12-26,2020-12-21,5,aston_villa,crystal_palace,0,0.19951113083383742,0.2000226459131293,-0.0005115150792918688
2022-01-22|20260611|9f2e086d39ae4b855ba21604367109e8e9ce00f96010c5ec65c380d317986abc,70630c2777bb30b2,2021/22,2021/22|2022W03,2022-01-22,2022-01-22,2022-01-18,4,brentford,wolves,2,0.20609644895190626,0.21784975845445,-0.011753309502543746
2024-08-24|20260611|9f2e086d39ae4b855ba21604367109e8e9ce00f96010c5ec65c380d317986abc,708b948e086a063e,2024/25,2024/25|2024W34,2024-08-24,2024-08-24,2024-08-19,5,southampton,nottm_forest,2,0.28721976037873326,0.2867862885783343,0.0004334718003989324
2020-02-01|20260611|9f2e086d39ae4b855ba21604367109e8e9ce00f96010c5ec65c380d317986abc,70adc2c0c18f4f2f,2019/20,2019/20|2020W05,2020-02-01,2020-02-01,2020-01-29,3,crystal_palace,sheffield_united,2,0.2688653760464314,0.2686647450681521,0.00020063097827932586
2023-05-25|20260611|9f2e086d39ae4b855ba21604367109e8e9ce00f96010c5ec65c380d317986abc,70ae32b3cfe5f50d,2022/23,2022/23|2023W21,2023-05-25,2023-05-25,2023-05-22,3,man_united,chelsea,0,0.18760624755419303,0.18832082362705957,-0.0007145760728665407
2025-04-12|20260611|9f2e086d39ae4b855ba21604367109e8e9ce00f96010c5ec65c380d317986abc,70b770bfe4808f01,2024/25,2024/25|2025W15,2025-04-12,2025-04-12,2025-04-07,5,brighton,leicester,1,0.23040221408045525,0.2254811626020109,0.004921051478444349
2024-01-21|20260611|9f2e086d39ae4b855ba21604367109e8e9ce00f96010c5ec65c380d317986abc,70df47616c1dae1d,2023/24,2023/24|2024W03,2024-01-21,2024-01-21,2024-01-20,1,sheffield_united,west_ham,1,0.20913648078501867,0.2100676835166625,-0.000931202731643821
2024-12-29|20260611|9f2e086d39ae4b855ba21604367109e8e9ce00f96010c5ec65c380d317986abc,70f60186a6ee902c,2024/25,2024/25|2024W52,2024-12-29,2024-12-29,2024-12-26,3,fulham,bournemouth,1,0.14602371192548172,0.14384979043426105,0.0021739214912206706
2021-05-16|20260611|9f2e086d39ae4b855ba21604367109e8e9ce00f96010c5ec65c380d317986abc,70f6e640dab03362,2020/21,2020/21|2021W19,2021-05-16,2021-05-16,2021-05-10,6,crystal_palace,aston_villa,0,0.3131638990425938,0.3010255238104664,0.012138375232127407
2022-04-30|20260611|9f2e086d39ae4b855ba21604367109e8e9ce00f96010c5ec65c380d317986abc,71011ae60368d876,2021/22,2021/22|2022W17,2022-04-30,2022-04-30,2022-04-25,5,newcastle,liverpool,2,0.03540008572872999,0.035538039260968504,-0.00013795353223851337
2024-12-15|20260611|9f2e086d39ae4b855ba21604367109e8e9ce00f96010c5ec65c380d317986abc,713e6e65cb5b7cb4,2024/25,2024/25|2024W50,2024-12-15,2024-12-15,2024-12-09,6,man_city,man_united,2,0.6334392784170536,0.6325812956624992,0.0008579827545543983
2023-10-29|20260611|9f2e086d39ae4b855ba21604367109e8e9ce00f96010c5ec65c380d317986abc,713fc5ea1ee1ddf6,2023/24,2023/24|2023W43,2023-10-29,2023-10-29,2023-10-23,6,brighton,fulham,1,0.18189987856109316,0.17951021583102453,0.0023896627300686313
2021-04-17|20260611|9f2e086d39ae4b855ba21604367109e8e9ce00f96010c5ec65c380d317986abc,716150a702873135,2020/21,2020/21|2021W15,2021-04-17,2021-04-17,2021-04-12,5,wolves,sheffield_united,0,0.10358806204476338,0.10415455308989409,-0.000566491045130707
2021-01-16|20260611|9f2e086d39ae4b855ba21604367109e8e9ce00f96010c5ec65c380d317986abc,7164c0b980d24593,2020/21,2020/21|2021W02,2021-01-16,2021-01-16,2021-01-12,4,leeds,brighton,2,0.42295614985577656,0.42891735038424295,-0.005961200528466382
2019-11-09|20260611|9f2e086d39ae4b855ba21604367109e8e9ce00f96010c5ec65c380d317986abc,71869efba4ad2c0b,2019/20,2019/20|2019W45,2019-11-09,2019-11-09,2019-11-08,1,leicester,arsenal,0,0.2156901064665338,0.21483049694075107,0.0008596095257827341
2020-07-05|20260611|9f2e086d39ae4b855ba21604367109e8e9ce00f96010c5ec65c380d317986abc,71a53a8b23678a4b,2019/20,2019/20|2020W27,2020-07-05,2020-07-05,2020-06-29,6,newcastle,west_ham,1,0.14423371317437542,0.13908520582614506,0.005148507348230358
2022-08-21|20260611|9f2e086d39ae4b855ba21604367109e8e9ce00f96010c5ec65c380d317986abc,71aa6fb55aff10bd,2022/23,2022/23|2022W33,2022-08-21,2022-08-21,2022-08-15,6,newcastle,man_city,1,0.31095915809173624,0.3105950440150221,0.0003641140767141615
2019-11-10|20260611|9f2e086d39ae4b855ba21604367109e8e9ce00f96010c5ec65c380d317986abc,71c47d2396c4f309,2019/20,2019/20|2019W45,2019-11-10,2019-11-10,2019-11-08,2,liverpool,man_city,0,0.25015478153876874,0.25189242531003486,-0.0017376437712661175
2023-12-16|20260611|9f2e086d39ae4b855ba21604367109e8e9ce00f96010c5ec65c380d317986abc,71c55492c4cd5f27,2023/24,2023/24|2023W50,2023-12-16,2023-12-16,2023-12-15,1,burnley,everton,2,0.2292237674639013,0.22940466629086206,-0.00018089882696076254
2019-10-26|20260611|9f2e086d39ae4b855ba21604367109e8e9ce00f96010c5ec65c380d317986abc,721c87241e8167ee,2019/20,2019/20|2019W43,2019-10-26,2019-10-26,2019-10-21,5,burnley,chelsea,2,0.13535615423304254,0.13803693468803144,-0.0026807804549889014
2020-06-27|20260611|9f2e086d39ae4b855ba21604367109e8e9ce00f96010c5ec65c380d317986abc,7261b7635997a0ab,2019/20,2019/20|2020W26,2020-06-27,2020-06-27,2020-06-22,5,aston_villa,wolves,2,0.11385406297888101,0.10920067391491944,0.004653389063961566
2024-05-15|20260611|9f2e086d39ae4b855ba21604367109e8e9ce00f96010c5ec65c380d317986abc,7294053b9d56eba8,2023/24,2023/24|2024W20,2024-05-15,2024-05-15,2024-05-13,2,man_united,newcastle,0,0.23926647700613907,0.239108603556554,0.00015787344958506644
2020-12-26|20260611|9f2e086d39ae4b855ba21604367109e8e9ce00f96010c5ec65c380d317986abc,72b7972bfdd76b1c,2020/21,2020/21|2020W52,2020-12-26,2020-12-26,2020-12-21,5,arsenal,chelsea,0,0.3040824681478722,0.29546818687853726,0.008614281269334945
2023-12-27|20260611|9f2e086d39ae4b855ba21604367109e8e9ce00f96010c5ec65c380d317986abc,72ea01a021cd1b23,2023/24,2023/24|2023W52,2023-12-27,2023-12-27,2023-12-26,1,everton,man_city,2,0.0490305509666617,0.0490679254481665,-3.737448150480105e-05
2024-03-10|20260611|9f2e086d39ae4b855ba21604367109e8e9ce00f96010c5ec65c380d317986abc,730d450a6561d655,2023/24,2023/24|2024W10,2024-03-10,2024-03-10,2024-03-04,6,west_ham,burnley,1,0.22067307099373523,0.2217232890246244,-0.0010502180308891718
2021-03-04|20260611|9f2e086d39ae4b855ba21604367109e8e9ce00f96010c5ec65c380d317986abc,73f0a2a9b6d37845,2020/21,2020/21|2021W09,2021-03-04,2021-03-04,2021-03-01,3,west_brom,everton,2,0.10044138959184999,0.100788615305156,-0.00034722571330600416
2019-08-24|20260611|9f2e086d39ae4b855ba21604367109e8e9ce00f96010c5ec65c380d317986abc,73feadd325d06349,2019/20,2019/20|2019W34,2019-08-24,2019-08-24,2019-08-19,5,watford,west_ham,2,0.2772221244259826,0.2763827334457417,0.0008393909802408839
2021-01-03|20260611|9f2e086d39ae4b855ba21604367109e8e9ce00f96010c5ec65c380d317986abc,740c5aed8eba8212,2020/21,2020/21|2020W53,2021-01-03,2021-01-03,2020-12-28,6,chelsea,man_city,2,0.1274830635589121,0.1312909883600848,-0.003807924801172702
2020-02-22|20260611|9f2e086d39ae4b855ba21604367109e8e9ce00f96010c5ec65c380d317986abc,742c517ebc619d0d,2019/20,2019/20|2020W08,2020-02-22,2020-02-22,2020-02-17,5,sheffield_united,brighton,1,0.16978938067777252,0.16984169431802001,-5.231364024749219e-05
2021-12-15|20260611|9f2e086d39ae4b855ba21604367109e8e9ce00f96010c5ec65c380d317986abc,7476871e08e4ec01,2021/22,2021/22|2021W50,2021-12-15,2021-12-15,2021-12-14,1,arsenal,west_ham,0,0.19503451809860806,0.19630592617965256,-0.001271408081044506
2020-11-22|20260611|9f2e086d39ae4b855ba21604367109e8e9ce00f96010c5ec65c380d317986abc,749a8b2c353b005f,2020/21,2020/21|2020W47,2020-11-22,2020-11-22,2020-11-21,1,sheffield_united,west_ham,2,0.26100745830293215,0.2620905832048293,-0.001083124901897159
2020-07-01|20260611|9f2e086d39ae4b855ba21604367109e8e9ce00f96010c5ec65c380d317986abc,74bc479665d044d5,2019/20,2019/20|2020W27,2020-07-01,2020-07-01,2020-06-29,2,arsenal,norwich,0,0.028439418123614512,0.028107765700079293,0.00033165242353521904
2025-04-06|20260611|9f2e086d39ae4b855ba21604367109e8e9ce00f96010c5ec65c380d317986abc,7539ea51cf6fd634,2024/25,2024/25|2025W14,2025-04-06,2025-04-06,2025-04-01,5,man_united,man_city,1,0.19167120585367947,0.18996482933524933,0.0017063765184301416
2022-09-18|20260611|9f2e086d39ae4b855ba21604367109e8e9ce00f96010c5ec65c380d317986abc,7563f53448e3bc74,2022/23,2022/23|2022W37,2022-09-18,2022-09-18,2022-09-16,2,everton,west_ham,0,0.3169957614346803,0.3165999222676207,0.0003958391670595973
2019-12-21|20260611|9f2e086d39ae4b855ba21604367109e8e9ce00f96010c5ec65c380d317986abc,75893a978263230b,2019/20,2019/20|2019W51,2019-12-21,2019-12-21,2019-12-16,5,brighton,sheffield_united,2,0.19647251150975603,0.19343330443513,0.0030392070746260436
2022-04-17|20260611|9f2e086d39ae4b855ba21604367109e8e9ce00f96010c5ec65c380d317986abc,75c2d0c4121a5205,2021/22,2021/22|2022W15,2022-04-17,2022-04-17,2022-04-16,1,west_ham,burnley,1,0.183458991159848,0.1830943899310761,0.00036460122877191026
2024-08-18|20260611|9f2e086d39ae4b855ba21604367109e8e9ce00f96010c5ec65c380d317986abc,75d6cd522be436a9,2024/25,2024/25|2024W33,2024-08-18,2024-08-18,2024-08-16,2,brentford,crystal_palace,0,0.2195663089278569,0.21764242333138822,0.0019238855964686663
2020-12-06|20260611|9f2e086d39ae4b855ba21604367109e8e9ce00f96010c5ec65c380d317986abc,761590b42ff4d2c4,2020/21,2020/21|2020W49,2020-12-06,2020-12-06,2020-11-30,6,liverpool,wolves,0,0.0753744369944233,0.07392238070362102,0.0014520562908022783
2022-10-09|20260611|9f2e086d39ae4b855ba21604367109e8e9ce00f96010c5ec65c380d317986abc,7620f28ec0a66d04,2022/23,2022/23|2022W40,2022-10-09,2022-10-09,2022-10-03,6,west_ham,fulham,0,0.11638442780336647,0.11894191922245165,-0.0025574914190851783
2019-12-27|20260611|9f2e086d39ae4b855ba21604367109e8e9ce00f96010c5ec65c380d317986abc,76a6366a43e9f52a,2019/20,2019/20|2019W52,2019-12-27,2019-12-27,2019-12-26,1,wolves,man_city,0,0.5700131152449445,0.5668956495936514,0.0031174656512931165
2022-05-11|20260611|9f2e086d39ae4b855ba21604367109e8e9ce00f96010c5ec65c380d317986abc,772957256f1039f1,2021/22,2021/22|2022W19,2022-05-11,2022-05-11,2022-05-10,1,wolves,man_city,2,0.04693776573620465,0.04675043046310685,0.00018733527309780507
2020-10-18|20260611|9f2e086d39ae4b855ba21604367109e8e9ce00f96010c5ec65c380d317986abc,776de54c09715fa7,2020/21,2020/21|2020W42,2020-10-18,2020-10-18,2020-10-17,1,sheffield_united,fulham,1,0.19946858741904688,0.19999851107557848,-0.0005299236565315946
2022-03-10|20260611|9f2e086d39ae4b855ba21604367109e8e9ce00f96010c5ec65c380d317986abc,77afb7453c7f6743,2021/22,2021/22|2022W10,2022-03-10,2022-03-10,2022-03-07,3,norwich,chelsea,2,0.0165712037112154,0.0163927531163185,0.00017845059489689924
2025-05-25|20260611|9f2e086d39ae4b855ba21604367109e8e9ce00f96010c5ec65c380d317986abc,77bc23cececf8533,2024/25,2024/25|2025W21,2025-05-25,2025-05-25,2025-05-19,6,man_united,aston_villa,0,0.32699168715517524,0.3279154407594625,-0.0009237536042872585
2021-12-28|20260611|9f2e086d39ae4b855ba21604367109e8e9ce00f96010c5ec65c380d317986abc,77e26aad24939c33,2021/22,2021/22|2021W52,2021-12-28,2021-12-28,2021-12-27,1,southampton,tottenham,1,0.1722823892886811,0.17256421302598923,-0.0002818237373081456
2024-10-05|20260611|9f2e086d39ae4b855ba21604367109e8e9ce00f96010c5ec65c380d317986abc,77e43c4ad5cb2c43,2024/25,2024/25|2024W40,2024-10-05,2024-10-05,2024-09-30,5,west_ham,ipswich,0,0.15168333781144627,0.15254526317786238,-0.0008619253664161053
2021-12-01|20260611|9f2e086d39ae4b855ba21604367109e8e9ce00f96010c5ec65c380d317986abc,77ed4079acf394c0,2021/22,2021/22|2021W48,2021-12-01,2021-12-01,2021-11-30,1,southampton,leicester,1,0.1599891703146033,0.15982291645746102,0.00016625385714227892
2023-10-07|20260611|9f2e086d39ae4b855ba21604367109e8e9ce00f96010c5ec65c380d317986abc,7805f9cd753104e3,2023/24,2023/24|2023W40,2023-10-07,2023-10-07,2023-10-02,5,crystal_palace,nottm_forest,1,0.15252545898392725,0.15291939686470282,-0.00039393788077557446
2020-11-06|20260611|9f2e086d39ae4b855ba21604367109e8e9ce00f96010c5ec65c380d317986abc,780e80eb8ee37288,2020/21,2020/21|2020W45,2020-11-06,2020-11-06,2020-11-02,4,southampton,newcastle,0,0.18092023814697852,0.18031433885246406,0.0006058992945144615
2022-02-26|20260611|9f2e086d39ae4b855ba21604367109e8e9ce00f96010c5ec65c380d317986abc,783406a571c36f8e,2021/22,2021/22|2022W08,2022-02-26,2022-02-26,2022-02-23,3,man_united,watford,1,0.30450920909928425,0.2912105748799106,0.013298634219373662
2020-06-25|20260611|9f2e086d39ae4b855ba21604367109e8e9ce00f96010c5ec65c380d317986abc,784d12add47847af,2019/20,2019/20|2020W26,2020-06-25,2020-06-25,2020-06-22,3,burnley,watford,0,0.1805739573853682,0.17455468636685215,0.0060192710185160425
2022-05-11|20260611|9f2e086d39ae4b855ba21604367109e8e9ce00f96010c5ec65c380d317986abc,785e1ee4ec5b5562,2021/22,2021/22|2022W19,2022-05-11,2022-05-11,2022-05-10,1,leeds,chelsea,2,0.0747462951666832,0.0745174159122884,0.00022887925439479817
2021-09-26|20260611|9f2e086d39ae4b855ba21604367109e8e9ce00f96010c5ec65c380d317986abc,7875489bd5c61b6a,2021/22,2021/22|2021W38,2021-09-26,2021-09-26,2021-09-25,1,arsenal,tottenham,0,0.2544890526944114,0.2535954618572991,0.0008935908371123236
2025-04-13|20260611|9f2e086d39ae4b855ba21604367109e8e9ce00f96010c5ec65c380d317986abc,78c5f864a0f21c34,2024/25,2024/25|2025W15,2025-04-13,2025-04-13,2025-04-07,6,chelsea,ipswich,1,0.2890241702531857,0.28985553856456525,-0.0008313683113795323
2021-10-23|20260611|9f2e086d39ae4b855ba21604367109e8e9ce00f96010c5ec65c380d317986abc,794b3c32e0eb65b7,2021/22,2021/22|2021W42,2021-10-23,2021-10-23,2021-10-18,5,everton,watford,2,0.5234690673662061,0.5235822506092886,-0.00011318324308251526
2021-12-01|20260611|9f2e086d39ae4b855ba21604367109e8e9ce00f96010c5ec65c380d317986abc,7959ca157fdbb01c,2021/22,2021/22|2021W48,2021-12-01,2021-12-01,2021-11-30,1,wolves,burnley,1,0.13291505537846623,0.1327404265087322,0.0001746288697340448
2023-12-23|20260611|9f2e086d39ae4b855ba21604367109e8e9ce00f96010c5ec65c380d317986abc,7965373c2a2d9d52,2023/24,2023/24|2023W51,2023-12-23,2023-12-23,2023-12-21,2,luton,newcastle,0,0.5488121280088323,0.546773541458288,0.00203858655054423
2023-10-28|20260611|9f2e086d39ae4b855ba21604367109e8e9ce00f96010c5ec65c380d317986abc,79c148b673a1d8af,2023/24,2023/24|2023W43,2023-10-28,2023-10-28,2023-10-23,5,bournemouth,burnley,0,0.22842088302166685,0.2283671108618412,5.377215982566019e-05
2024-11-09|20260611|9f2e086d39ae4b855ba21604367109e8e9ce00f96010c5ec65c380d317986abc,79edbb5641490d3b,2024/25,2024/25|2024W45,2024-11-09,2024-11-09,2024-11-04,5,liverpool,aston_villa,0,0.064114090621901,0.06417754667770806,-6.345605580705682e-05
2021-05-23|20260611|9f2e086d39ae4b855ba21604367109e8e9ce00f96010c5ec65c380d317986abc,7a06073186875bea,2020/21,2020/21|2021W20,2021-05-23,2021-05-23,2021-05-18,5,aston_villa,chelsea,0,0.4297638081652171,0.43741438986640346,-0.007650581701186376
2020-09-19|20260611|9f2e086d39ae4b855ba21604367109e8e9ce00f96010c5ec65c380d317986abc,7a10c8e9daff7f15,2020/21,2020/21|2020W38,2020-09-19,2020-09-19,2020-09-14,5,man_united,crystal_palace,2,0.6248906908893483,0.6266565713827897,-0.0017658804934413963
2020-12-29|20260611|9f2e086d39ae4b855ba21604367109e8e9ce00f96010c5ec65c380d317986abc,7a21886138cbed2f,2020/21,2020/21|2020W53,2020-12-29,2020-12-29,2020-12-28,1,southampton,west_ham,1,0.14666556253856802,0.1469722244641858,-0.0003066619256177905
2023-12-09|20260611|9f2e086d39ae4b855ba21604367109e8e9ce00f96010c5ec65c380d317986abc,7a61d9b45278aa47,2023/24,2023/24|2023W49,2023-12-09,2023-12-09,2023-12-05,4,sheffield_united,brentford,0,0.6149399831151277,0.6262602684106024,-0.011320285295474797
2020-09-19|20260611|9f2e086d39ae4b855ba21604367109e8e9ce00f96010c5ec65c380d317986abc,7a7a0dace8a701b9,2020/21,2020/21|2020W38,2020-09-19,2020-09-19,2020-09-14,5,everton,west_brom,0,0.09670075547403849,0.09587361657858905,0.0008271388954494419
2020-07-14|20260611|9f2e086d39ae4b855ba21604367109e8e9ce00f96010c5ec65c380d317986abc,7a81320157256e9c,2019/20,2019/20|2020W29,2020-07-14,2020-07-14,2020-07-13,1,chelsea,norwich,0,0.011995779710912495,0.01190361040617691,9.216930473558531e-05
2019-11-10|20260611|9f2e086d39ae4b855ba21604367109e8e9ce00f96010c5ec65c380d317986abc,7a929c79e533159a,2019/20,2019/20|2019W45,2019-11-10,2019-11-10,2019-11-08,2,wolves,aston_villa,0,0.11412701299301822,0.11694251837354647,-0.0028155053805282437
2025-01-18|20260611|9f2e086d39ae4b855ba21604367109e8e9ce00f96010c5ec65c380d317986abc,7acebaaa0de071e1,2024/25,2024/25|2025W03,2025-01-18,2025-01-18,2025-01-14,4,arsenal,aston_villa,1,0.24029769331175987,0.24393610621160103,-0.0036384128998411536
2025-04-26|20260611|9f2e086d39ae4b855ba21604367109e8e9ce00f96010c5ec65c380d317986abc,7afcb27ff642c074,2024/25,2024/25|2025W17,2025-04-26,2025-04-26,2025-04-21,5,southampton,fulham,2,0.07754088011341521,0.07798953668614211,-0.0004486565727268993
2019-08-25|20260611|9f2e086d39ae4b855ba21604367109e8e9ce00f96010c5ec65c380d317986abc,7b0fff7319ad5659,2019/20,2019/20|2019W34,2019-08-25,2019-08-25,2019-08-19,6,tottenham,newcastle,2,0.6368888028644857,0.6372192260785409,-0.0003304232140551866
2020-07-05|20260611|9f2e086d39ae4b855ba21604367109e8e9ce00f96010c5ec65c380d317986abc,7b236d0704219827,2019/20,2019/20|2020W27,2020-07-05,2020-07-05,2020-06-29,6,southampton,man_city,0,0.7167635939254142,0.7012589221587514,0.015504671766662814
2024-12-29|20260611|9f2e086d39ae4b855ba21604367109e8e9ce00f96010c5ec65c380d317986abc,7b328b4d1edeb9d5,2024/25,2024/25|2024W52,2024-12-29,2024-12-29,2024-12-26,3,everton,nottm_forest,2,0.2746217551019781,0.2743553471296805,0.0002664079722975998
2025-02-15|20260611|9f2e086d39ae4b855ba21604367109e8e9ce00f96010c5ec65c380d317986abc,7b34b22564a9cb98,2024/25,2024/25|2025W07,2025-02-15,2025-02-15,2025-02-12,3,west_ham,brentford,2,0.23917862153912622,0.23761670433110585,0.0015619172080203747
2022-11-06|20260611|9f2e086d39ae4b855ba21604367109e8e9ce00f96010c5ec65c380d317986abc,7b63a4d284e0ade6,2022/23,2022/23|2022W44,2022-11-06,2022-11-06,2022-11-05,1,southampton,newcastle,2,0.20299347047621968,0.20402582406816328,-0.0010323535919435911
2025-01-18|20260611|9f2e086d39ae4b855ba21604367109e8e9ce00f96010c5ec65c380d317986abc,7b6a7fc323931b0d,2024/25,2024/25|2025W03,2025-01-18,2025-01-18,2025-01-14,4,newcastle,bournemouth,2,0.4925111956239103,0.4891769974833733,0.003334198140537037
2023-01-15|20260611|9f2e086d39ae4b855ba21604367109e8e9ce00f96010c5ec65c380d317986abc,7b7c84c7d201b0f0,2022/23,2022/23|2023W02,2023-01-15,2023-01-15,2023-01-12,3,tottenham,arsenal,2,0.2903766447987164,0.28637422128346807,0.004002423515248321
2021-12-30|20260611|9f2e086d39ae4b855ba21604367109e8e9ce00f96010c5ec65c380d317986abc,7ba60c62cba104a0,2021/22,2021/22|2021W52,2021-12-30,2021-12-30,2021-12-27,3,man_united,burnley,0,0.06369718761957623,0.062515409217092,0.001181778402484221
2020-10-03|20260611|9f2e086d39ae4b855ba21604367109e8e9ce00f96010c5ec65c380d317986abc,7bbd773eaf1a9b34,2020/21,2020/21|2020W40,2020-10-03,2020-10-03,2020-09-28,5,chelsea,crystal_palace,0,0.08288369438589308,0.08243954869773414,0.0004441456881589395
2021-01-20|20260611|9f2e086d39ae4b855ba21604367109e8e9ce00f96010c5ec65c380d317986abc,7beae3270c2ed883,2020/21,2020/21|2021W03,2021-01-20,2021-01-20,2021-01-18,2,man_city,aston_villa,0,0.020895658214755294,0.02111892581630924,-0.00022326760155394476
2022-10-29|20260611|9f2e086d39ae4b855ba21604367109e8e9ce00f96010c5ec65c380d317986abc,7c04b72a6e4c07e6,2022/23,2022/23|2022W43,2022-10-29,2022-10-29,2022-10-24,5,bournemouth,tottenham,2,0.06268520507953008,0.06697425572077491,-0.004289050641244824
2025-01-18|20260611|9f2e086d39ae4b855ba21604367109e8e9ce00f96010c5ec65c380d317986abc,7c267dddba81bc33,2024/25,2024/25|2025W03,2025-01-18,2025-01-18,2025-01-14,4,leicester,fulham,2,0.18227362015513465,0.186104139917122,-0.003830519761987339
2023-08-12|20260611|9f2e086d39ae4b855ba21604367109e8e9ce00f96010c5ec65c380d317986abc,7c48f786efc14916,2023/24,2023/24|2023W32,2023-08-12,2023-08-12,2023-08-11,1,sheffield_united,crystal_palace,2,0.21884510736645485,0.21933257975716905,-0.0004874723907141998
2020-03-01|20260611|9f2e086d39ae4b855ba21604367109e8e9ce00f96010c5ec65c380d317986abc,7c499c5cb2be7765,2019/20,2019/20|2020W09,2020-03-01,2020-03-01,2020-02-24,6,everton,man_united,1,0.1357388779062836,0.1355836133587946,0.00015526454748901464
2023-12-17|20260611|9f2e086d39ae4b855ba21604367109e8e9ce00f96010c5ec65c380d317986abc,7c4e56880b20d254,2023/24,2023/24|2023W50,2023-12-17,2023-12-17,2023-12-15,2,liverpool,man_united,1,0.21735852401392283,0.21764666317993697,-0.0002881391660141397
2019-10-05|20260611|9f2e086d39ae4b855ba21604367109e8e9ce00f96010c5ec65c380d317986abc,7c598b505fc57d92,2019/20,2019/20|2019W40,2019-10-05,2019-10-05,2019-09-30,5,brighton,tottenham,0,0.5797105609463835,0.5791883574306921,0.0005222035156914329
2021-02-28|20260611|9f2e086d39ae4b855ba21604367109e8e9ce00f96010c5ec65c380d317986abc,7c6487717a071d47,2020/21,2020/21|2021W08,2021-02-28,2021-02-28,2021-02-22,6,leicester,arsenal,2,0.3444673174799376,0.3435465438893841,0.0009207735905534808
2021-02-27|20260611|9f2e086d39ae4b855ba21604367109e8e9ce00f96010c5ec65c380d317986abc,7c68e57049526c11,2020/21,2020/21|2021W08,2021-02-27,2021-02-27,2021-02-22,5,west_brom,brighton,0,0.393358078645893,0.4035049796148025,-0.010146900968909467
2021-05-11|20260611|9f2e086d39ae4b855ba21604367109e8e9ce00f96010c5ec65c380d317986abc,7c69d0a36cfa85df,2020/21,2020/21|2021W19,2021-05-11,2021-05-11,2021-05-10,1,man_united,leicester,2,0.46603589139933804,0.4665505508965144,-0.000514659497176384
2023-09-02|20260611|9f2e086d39ae4b855ba21604367109e8e9ce00f96010c5ec65c380d317986abc,7c94a6247808eb74,2023/24,2023/24|2023W35,2023-09-02,2023-09-02,2023-09-01,1,chelsea,nottm_forest,2,0.5453103922058318,0.5454084072325265,-9.801502669470885e-05
2020-01-22|20260611|9f2e086d39ae4b855ba21604367109e8e9ce00f96010c5ec65c380d317986abc,7cf2ba3d0b55fa90,2019/20,2019/20|2020W04,2020-01-22,2020-01-22,2020-01-21,1,man_united,burnley,2,0.5890976519998561,0.5902164600186699,-0.0011188080188138105
2019-10-26|20260611|9f2e086d39ae4b855ba21604367109e8e9ce00f96010c5ec65c380d317986abc,7cf8f5efbb658800,2019/20,2019/20|2019W43,2019-10-26,2019-10-26,2019-10-21,5,man_city,aston_villa,0,0.0070963129703862544,0.006907280330874056,0.00018903263951219884
2025-01-19|20260611|9f2e086d39ae4b855ba21604367109e8e9ce00f96010c5ec65c380d317986abc,7cfb1e554a6850a9,2024/25,2024/25|2025W03,2025-01-19,2025-01-19,2025-01-14,5,everton,tottenham,0,0.40807454427800677,0.398907832423361,0.009166711854645793
2022-10-23|20260611|9f2e086d39ae4b855ba21604367109e8e9ce00f96010c5ec65c380d317986abc,7d3776bcda21472e,2022/23,2022/23|2022W42,2022-10-23,2022-10-23,2022-10-18,5,leeds,fulham,2,0.3315084023668804,0.37090303150837733,-0.03939462914149694
2023-12-07|20260611|9f2e086d39ae4b855ba21604367109e8e9ce00f96010c5ec65c380d317986abc,7d4b9684a8359266,2023/24,2023/24|2023W49,2023-12-07,2023-12-07,2023-12-05,2,everton,newcastle,0,0.45559875645375053,0.45904165104519845,-0.0034428945914479203
2023-10-07|20260611|9f2e086d39ae4b855ba21604367109e8e9ce00f96010c5ec65c380d317986abc,7d814634fd75b629,2023/24,2023/24|2023W40,2023-10-07,2023-10-07,2023-10-02,5,man_united,brentford,0,0.1739083722337,0.17359577648071348,0.0003125957529865331
2024-03-13|20260611|9f2e086d39ae4b855ba21604367109e8e9ce00f96010c5ec65c380d317986abc,7dcfc1ae1e935cc4,2023/24,2023/24|2024W11,2024-03-13,2024-03-13,2024-03-11,2,bournemouth,luton,0,0.17670071918637698,0.17688283545805208,-0.00018211627167510902
2022-08-31|20260611|9f2e086d39ae4b855ba21604367109e8e9ce00f96010c5ec65c380d317986abc,7dd3e434d8991517,2022/23,2022/23|2022W35,2022-08-31,2022-08-31,2022-08-30,1,arsenal,aston_villa,0,0.09025649951470924,0.09135893108854347,-0.001102431573834231
2021-05-01|20260611|9f2e086d39ae4b855ba21604367109e8e9ce00f96010c5ec65c380d317986abc,7e8fc52acf330082,2020/21,2020/21|2021W17,2021-05-01,2021-05-01,2021-04-26,5,chelsea,fulham,0,0.053146686483332116,0.05333116235853729,-0.0001844758752051756
2024-01-14|20260611|9f2e086d39ae4b855ba21604367109e8e9ce00f96010c5ec65c380d317986abc,7f070eb2d93e3226,2023/24,2023/24|2024W02,2024-01-14,2024-01-14,2024-01-12,2,everton,aston_villa,1,0.15172118291627287,0.15177628976731014,-5.5106851037267646e-05
2025-01-04|20260611|9f2e086d39ae4b855ba21604367109e8e9ce00f96010c5ec65c380d317986abc,7f4bf33f9b3fceff,2024/25,2024/25|2025W01,2025-01-04,2025-01-04,2024-12-30,5,bournemouth,everton,0,0.17248527203414424,0.17263459196293285,-0.00014931992878861045
2023-11-11|20260611|9f2e086d39ae4b855ba21604367109e8e9ce00f96010c5ec65c380d317986abc,7f69579d547003e4,2023/24,2023/24|2023W45,2023-11-11,2023-11-11,2023-11-06,5,crystal_palace,everton,2,0.3970138019874788,0.3986945869839762,-0.0016807849964973753
2023-04-08|20260611|9f2e086d39ae4b855ba21604367109e8e9ce00f96010c5ec65c380d317986abc,7f6c2a2fc399a974,2022/23,2022/23|2023W14,2023-04-08,2023-04-08,2023-04-03,5,fulham,west_ham,2,0.32224339784397726,0.307644324972505,0.014599072871472274
2020-06-25|20260611|9f2e086d39ae4b855ba21604367109e8e9ce00f96010c5ec65c380d317986abc,7f6c64bdd3c13225,2019/20,2019/20|2020W26,2020-06-25,2020-06-25,2020-06-22,3,chelsea,man_city,0,0.45539683814337184,0.4469339687771345,0.008462869366237358
2021-02-28|20260611|9f2e086d39ae4b855ba21604367109e8e9ce00f96010c5ec65c380d317986abc,7f6fe769ce461643,2020/21,2020/21|2021W08,2021-02-28,2021-02-28,2021-02-22,6,sheffield_united,liverpool,2,0.051654457719188446,0.05166460355908639,-1.014583989794593e-05
2023-05-14|20260611|9f2e086d39ae4b855ba21604367109e8e9ce00f96010c5ec65c380d317986abc,7fb791ed46d6e72d,2022/23,2022/23|2023W19,2023-05-14,2023-05-14,2023-05-08,6,brentford,west_ham,0,0.17762555015013784,0.176760375862761,0.0008651742873768409
2024-11-09|20260611|9f2e086d39ae4b855ba21604367109e8e9ce00f96010c5ec65c380d317986abc,7fbbef51b4d036e6,2024/25,2024/25|2024W45,2024-11-09,2024-11-09,2024-11-04,5,crystal_palace,fulham,2,0.3120289145250841,0.3179176541532182,-0.005888739628134132
2023-01-03|20260611|9f2e086d39ae4b855ba21604367109e8e9ce00f96010c5ec65c380d317986abc,7fe607798eadafea,2022/23,2022/23|2023W01,2023-01-03,2023-01-03,2023-01-02,1,arsenal,newcastle,1,0.18580943327549826,0.18511942435526724,0.0006900089202310222
2020-10-25|20260611|9f2e086d39ae4b855ba21604367109e8e9ce00f96010c5ec65c380d317986abc,7ff70c0058d16fd6,2020/21,2020/21|2020W43,2020-10-25,2020-10-25,2020-10-19,6,arsenal,leicester,2,0.36067375346140096,0.36112420700800657,-0.00045045354660561143
2021-01-27|20260611|9f2e086d39ae4b855ba21604367109e8e9ce00f96010c5ec65c380d317986abc,800bacacb2824695,2020/21,2020/21|2021W04,2021-01-27,2021-01-27,2021-01-26,1,everton,leicester,1,0.13793751285137226,0.1378254609912872,0.00011205186008506063
2021-10-17|20260611|9f2e086d39ae4b855ba21604367109e8e9ce00f96010c5ec65c380d317986abc,805b64267fa6c8f5,2021/22,2021/22|2021W41,2021-10-17,2021-10-17,2021-10-16,1,everton,west_ham,2,0.2926692452030496,0.29298281035494655,-0.0003135651518969551
2021-05-15|20260611|9f2e086d39ae4b855ba21604367109e8e9ce00f96010c5ec65c380d317986abc,8088ae03bb01757f,2020/21,2020/21|2021W19,2021-05-15,2021-05-15,2021-05-10,5,burnley,leeds,2,0.22170530787551004,0.2130414628265413,0.008663845048968749
2024-02-10|20260611|9f2e086d39ae4b855ba21604367109e8e9ce00f96010c5ec65c380d317986abc,80d82d985bcd6494,2023/24,2023/24|2024W06,2024-02-10,2024-02-10,2024-02-05,5,nottm_forest,newcastle,2,0.13739537903635204,0.13765862000892504,-0.0002632409725729923
2023-03-11|20260611|9f2e086d39ae4b855ba21604367109e8e9ce00f96010c5ec65c380d317986abc,81555566bbcbbebf,2022/23,2022/23|2023W10,2023-03-11,2023-03-11,2023-03-06,5,leicester,chelsea,2,0.22386061771303445,0.22382062270915629,3.999500387816268e-05
2020-12-26|20260611|9f2e086d39ae4b855ba21604367109e8e9ce00f96010c5ec65c380d317986abc,817325a1018ca4e2,2020/21,2020/21|2020W52,2020-12-26,2020-12-26,2020-12-21,5,sheffield_united,everton,2,0.18739205593569136,0.18704720017549323,0.0003448557601981317
2020-07-05|20260611|9f2e086d39ae4b855ba21604367109e8e9ce00f96010c5ec65c380d317986abc,8174972da2fec568,2019/20,2019/20|2020W27,2020-07-05,2020-07-05,2020-06-29,6,burnley,sheffield_united,1,0.11663371065500885,0.11556129915335524,0.0010724115016536168
2023-12-06|20260611|9f2e086d39ae4b855ba21604367109e8e9ce00f96010c5ec65c380d317986abc,818739f7b327ef19,2023/24,2023/24|2023W49,2023-12-06,2023-12-06,2023-12-05,1,brighton,brentford,0,0.2052157303146108,0.20551734430159607,-0.0003016139869852774
2020-06-21|20260611|9f2e086d39ae4b855ba21604367109e8e9ce00f96010c5ec65c380d317986abc,8193641dae2fb3de,2019/20,2019/20|2020W25,2020-06-21,2020-06-21,2020-06-17,4,aston_villa,chelsea,2,0.07723133630496799,0.07542527460251486,0.001806061702453135
2019-12-07|20260611|9f2e086d39ae4b855ba21604367109e8e9ce00f96010c5ec65c380d317986abc,8199c145e6860f5c,2019/20,2019/20|2019W49,2019-12-07,2019-12-07,2019-12-03,4,everton,chelsea,0,0.4032458933479765,0.3960810900816672,0.007164803266309305
2023-09-24|20260611|9f2e086d39ae4b855ba21604367109e8e9ce00f96010c5ec65c380d317986abc,81b147cb6ea57105,2023/24,2023/24|2023W38,2023-09-24,2023-09-24,2023-09-18,6,liverpool,west_ham,0,0.050721807949569715,0.05034042996968784,0.0003813779798818723
2021-01-30|20260611|9f2e086d39ae4b855ba21604367109e8e9ce00f96010c5ec65c380d317986abc,81b211763f76dc0d,2020/21,2020/21|2021W04,2021-01-30,2021-01-30,2021-01-26,4,southampton,aston_villa,2,0.33635825931253166,0.34187014865582943,-0.005511889343297771
2020-11-01|20260611|9f2e086d39ae4b855ba21604367109e8e9ce00f96010c5ec65c380d317986abc,81dcf9f5e75952b9,2020/21,2020/21|2020W44,2020-11-01,2020-11-01,2020-10-26,6,aston_villa,southampton,2,0.2813313561773696,0.28210988980554524,-0.0007785336281756483
2024-05-11|20260611|9f2e086d39ae4b855ba21604367109e8e9ce00f96010c5ec65c380d317986abc,82591a117db34f9d,2023/24,2023/24|2024W19,2024-05-11,2024-05-11,2024-05-06,5,newcastle,brighton,1,0.17655121107561864,0.17608129778634246,0.0004699132892761748
2023-09-24|20260611|9f2e086d39ae4b855ba21604367109e8e9ce00f96010c5ec65c380d317986abc,828e35dbef652c9e,2023/24,2023/24|2023W38,2023-09-24,2023-09-24,2023-09-18,6,arsenal,tottenham,1,0.1814342505974065,0.18190248779359205,-0.00046823719618555026
2019-10-06|20260611|9f2e086d39ae4b855ba21604367109e8e9ce00f96010c5ec65c380d317986abc,832fad84a703bcb6,2019/20,2019/20|2019W40,2019-10-06,2019-10-06,2019-09-30,6,man_city,wolves,2,0.789945019574426,0.792034729103772,-0.002089709529346062
2022-03-20|20260611|9f2e086d39ae4b855ba21604367109e8e9ce00f96010c5ec65c380d317986abc,8355fa9d054d732b,2021/22,2021/22|2022W11,2022-03-20,2022-03-20,2022-03-14,6,leicester,brentford,0,0.09452056520197127,0.09490917384101344,-0.00038860863904216503
2024-08-17|20260611|9f2e086d39ae4b855ba21604367109e8e9ce00f96010c5ec65c380d317986abc,83b7c62ba6a726e5,2024/25,2024/25|2024W33,2024-08-17,2024-08-17,2024-08-16,1,nottm_forest,bournemouth,1,0.14262569854577106,0.1423253463178541,0.0003003522279169668
2020-12-29|20260611|9f2e086d39ae4b855ba21604367109e8e9ce00f96010c5ec65c380d317986abc,84089e64c64ee1d0,2020/21,2020/21|2020W53,2020-12-29,2020-12-29,2020-12-28,1,burnley,sheffield_united,0,0.191826784906164,0.19182299999108407,3.7849150799351694e-06
2020-07-09|20260611|9f2e086d39ae4b855ba21604367109e8e9ce00f96010c5ec65c380d317986abc,842e84d5c52bd350,2019/20,2019/20|2020W28,2020-07-09,2020-07-09,2020-07-06,3,everton,southampton,1,0.1650754717408186,0.16702025761393027,-0.0019447858731116707
2020-10-03|20260611|9f2e086d39ae4b855ba21604367109e8e9ce00f96010c5ec65c380d317986abc,8444d274777733ee,2020/21,2020/21|2020W40,2020-10-03,2020-10-03,2020-09-28,5,newcastle,burnley,0,0.22611521488104147,0.22531606143857666,0.0007991534424648117
2020-09-19|20260611|9f2e086d39ae4b855ba21604367109e8e9ce00f96010c5ec65c380d317986abc,844b9fe520559023,2020/21,2020/21|2020W38,2020-09-19,2020-09-19,2020-09-14,5,leeds,fulham,0,0.13330489048984687,0.13136806882012497,0.0019368216697218943
2022-05-15|20260611|9f2e086d39ae4b855ba21604367109e8e9ce00f96010c5ec65c380d317986abc,8454149dea0885aa,2021/22,2021/22|2022W19,2022-05-15,2022-05-15,2022-05-10,5,leeds,brighton,1,0.13448992259815248,0.134553463341122,-6.354074296952006e-05
2025-05-11|20260611|9f2e086d39ae4b855ba21604367109e8e9ce00f96010c5ec65c380d317986abc,8460c120a4171b0c,2024/25,2024/25|2025W19,2025-05-11,2025-05-11,2025-05-05,6,newcastle,chelsea,0,0.20801751134962104,0.20740743471258255,0.0006100766370384925
2020-07-15|20260611|9f2e086d39ae4b855ba21604367109e8e9ce00f96010c5ec65c380d317986abc,8565f3dbbca76556,2019/20,2019/20|2020W29,2020-07-15,2020-07-15,2020-07-13,2,man_city,bournemouth,0,0.0034495098027545047,0.003404792547217002,4.4717255537502724e-05
2019-12-04|20260611|9f2e086d39ae4b855ba21604367109e8e9ce00f96010c5ec65c380d317986abc,856d9993c4b47173,2019/20,2019/20|2019W49,2019-12-04,2019-12-04,2019-12-03,1,wolves,west_ham,0,0.1346676928058761,0.13448610896141766,0.00018158384445843279
2020-07-02|20260611|9f2e086d39ae4b855ba21604367109e8e9ce00f96010c5ec65c380d317986abc,85843c0549a72a30,2019/20,2019/20|2020W27,2020-07-02,2020-07-02,2020-06-29,3,sheffield_united,tottenham,0,0.35569898239705844,0.35420054235775633,0.001498440039302107
2024-02-24|20260611|9f2e086d39ae4b855ba21604367109e8e9ce00f96010c5ec65c380d317986abc,858e5b537f2e1e58,2023/24,2023/24|2024W08,2024-02-24,2024-02-24,2024-02-19,5,arsenal,newcastle,0,0.08874391233949604,0.08868603976565842,5.787257383761679e-05
2021-12-16|20260611|9f2e086d39ae4b855ba21604367109e8e9ce00f96010c5ec65c380d317986abc,8605d84956196993,2021/22,2021/22|2021W50,2021-12-16,2021-12-16,2021-12-14,2,chelsea,everton,1,0.23568930429804497,0.23507431751977653,0.0006149867782684337
2020-10-04|20260611|9f2e086d39ae4b855ba21604367109e8e9ce00f96010c5ec65c380d317986abc,861599b52051ef2a,2020/21,2020/21|2020W40,2020-10-04,2020-10-04,2020-09-28,6,aston_villa,liverpool,0,0.7093572239307706,0.7296599344053676,-0.020302710474596974
2021-01-02|20260611|9f2e086d39ae4b855ba21604367109e8e9ce00f96010c5ec65c380d317986abc,8667f1ffe4bc61f3,2020/21,2020/21|2020W53,2021-01-02,2021-01-02,2020-12-28,5,crystal_palace,sheffield_united,0,0.18510146252790244,0.19178934767284,-0.0066878851449375665
2023-04-30|20260611|9f2e086d39ae4b855ba21604367109e8e9ce00f96010c5ec65c380d317986abc,8678768be0dd66e2,2022/23,2022/23|2023W17,2023-04-30,2023-04-30,2023-04-25,5,man_united,aston_villa,0,0.15383144120155942,0.15204381224684826,0.0017876289547111568
2020-07-08|20260611|9f2e086d39ae4b855ba21604367109e8e9ce00f96010c5ec65c380d317986abc,867da48da4b2cdb0,2019/20,2019/20|2020W28,2020-07-08,2020-07-08,2020-07-06,2,man_city,newcastle,0,0.017357588961748202,0.017349203510292264,8.385451455938248e-06
2024-12-04|20260611|9f2e086d39ae4b855ba21604367109e8e9ce00f96010c5ec65c380d317986abc,86a517e0c7d35572,2024/25,2024/25|2024W49,2024-12-04,2024-12-04,2024-12-03,1,man_city,nottm_forest,0,0.02374699722833141,0.02391580820808399,-0.00016881097975257955
2023-03-05|20260611|9f2e086d39ae4b855ba21604367109e8e9ce00f96010c5ec65c380d317986abc,86c00e5ee2f88c89,2022/23,2022/23|2023W09,2023-03-05,2023-03-05,2023-03-01,4,nottm_forest,everton,1,0.12107041445590967,0.11970514491776243,0.0013652695381472374
2023-04-08|20260611|9f2e086d39ae4b855ba21604367109e8e9ce00f96010c5ec65c380d317986abc,873e479a9fadc17f,2022/23,2022/23|2023W14,2023-04-08,2023-04-08,2023-04-03,5,aston_villa,nottm_forest,0,0.07164134624122626,0.07772878410362648,-0.006087437862400222
2020-09-20|20260611|9f2e086d39ae4b855ba21604367109e8e9ce00f96010c5ec65c380d317986abc,8772cc23ae9a99d0,2020/21,2020/21|2020W38,2020-09-20,2020-09-20,2020-09-14,6,newcastle,brighton,2,0.4026079703643696,0.39781047816597326,0.004797492198396369
2024-10-27|20260611|9f2e086d39ae4b855ba21604367109e8e9ce00f96010c5ec65c380d317986abc,87bba1bd9360efce,2024/25,2024/25|2024W43,2024-10-27,2024-10-27,2024-10-21,6,chelsea,newcastle,0,0.19705758108666652,0.1953660551593361,0.0016915259273304062
2022-02-10|20260611|9f2e086d39ae4b855ba21604367109e8e9ce00f96010c5ec65c380d317986abc,87d02bc62aeb845c,2021/22,2021/22|2022W06,2022-02-10,2022-02-10,2022-02-08,2,wolves,arsenal,2,0.22194668396417988,0.2217481531893045,0.0001985307748753884
2022-08-06|20260611|9f2e086d39ae4b855ba21604367109e8e9ce00f96010c5ec65c380d317986abc,87e60686d78d09ed,2022/23,2022/23|2022W31,2022-08-06,2022-08-06,2022-08-05,1,everton,chelsea,2,0.09326429682028806,0.0935386402793426,-0.0002743434590545407
2022-02-13|20260611|9f2e086d39ae4b855ba21604367109e8e9ce00f96010c5ec65c380d317986abc,88150066bab977cd,2021/22,2021/22|2022W06,2022-02-13,2022-02-13,2022-02-08,5,leicester,west_ham,1,0.15023185237142125,0.152245097892901,-0.002013245521479745
2025-02-26|20260611|9f2e086d39ae4b855ba21604367109e8e9ce00f96010c5ec65c380d317986abc,8862b5d9c6eec599,2024/25,2024/25|2025W09,2025-02-26,2025-02-26,2025-02-25,1,brentford,everton,1,0.14751555086776522,0.14724838600559764,0.00026716486216757374
2021-04-25|20260611|9f2e086d39ae4b855ba21604367109e8e9ce00f96010c5ec65c380d317986abc,886df0a9253b5525,2020/21,2020/21|2021W16,2021-04-25,2021-04-25,2021-04-19,6,aston_villa,west_brom,1,0.18411820633825363,0.1786143772795049,0.005503829058748716
2021-04-09|20260611|9f2e086d39ae4b855ba21604367109e8e9ce00f96010c5ec65c380d317986abc,88be99b41c9151a1,2020/21,2020/21|2021W14,2021-04-09,2021-04-09,2021-04-05,4,fulham,wolves,2,0.17878552151277327,0.17430633854035935,0.004479182972413925
2022-01-23|20260611|9f2e086d39ae4b855ba21604367109e8e9ce00f96010c5ec65c380d317986abc,88c8b70668354e5e,2021/22,2021/22|2022W03,2022-01-23,2022-01-23,2022-01-18,5,leicester,brighton,1,0.16078015677529,0.16359030611890024,-0.0028101493436102354
2024-01-14|20260611|9f2e086d39ae4b855ba21604367109e8e9ce00f96010c5ec65c380d317986abc,88f33e8e21f0ccae,2023/24,2023/24|2024W02,2024-01-14,2024-01-14,2024-01-12,2,man_united,tottenham,1,0.147553094647053,0.14750007651490088,5.30181321521106e-05
2024-11-30|20260611|9f2e086d39ae4b855ba21604367109e8e9ce00f96010c5ec65c380d317986abc,88f4a9ca2054a1d0,2024/25,2024/25|2024W48,2024-11-30,2024-11-30,2024-11-25,5,west_ham,arsenal,2,0.06666793826862825,0.061564338276349,0.005103599992279252
2021-11-21|20260611|9f2e086d39ae4b855ba21604367109e8e9ce00f96010c5ec65c380d317986abc,89346dd6467743f9,2021/22,2021/22|2021W46,2021-11-21,2021-11-21,2021-11-20,1,tottenham,leeds,0,0.1480666096301873,0.1505672413770257,-0.0025006317468384
2023-04-30|20260611|9f2e086d39ae4b855ba21604367109e8e9ce00f96010c5ec65c380d317986abc,895630d2fb2a1311,2022/23,2022/23|2023W17,2023-04-30,2023-04-30,2023-04-25,5,liverpool,tottenham,0,0.09060175941523368,0.09366802136554048,-0.0030662619503067923
2019-12-28|20260611|9f2e086d39ae4b855ba21604367109e8e9ce00f96010c5ec65c380d317986abc,896474ab447740c4,2019/20,2019/20|2019W52,2019-12-28,2019-12-28,2019-12-26,2,southampton,crystal_palace,1,0.13112076060891487,0.13157753494456564,-0.0004567743356507781
2019-12-15|20260611|9f2e086d39ae4b855ba21604367109e8e9ce00f96010c5ec65c380d317986abc,89bb58681ddf4003,2019/20,2019/20|2019W50,2019-12-15,2019-12-15,2019-12-09,6,man_united,everton,1,0.18941261677839205,0.18876343928998865,0.0006491774884034018
2023-10-01|20260611|9f2e086d39ae4b855ba21604367109e8e9ce00f96010c5ec65c380d317986abc,89f666d240b3d09b,2023/24,2023/24|2023W39,2023-10-01,2023-10-01,2023-09-30,1,nottm_forest,brentford,1,0.15092743940368253,0.15086982692603285,5.761247764968225e-05
2023-12-23|20260611|9f2e086d39ae4b855ba21604367109e8e9ce00f96010c5ec65c380d317986abc,8a05b7c70223729e,2023/24,2023/24|2023W51,2023-12-23,2023-12-23,2023-12-21,2,west_ham,man_united,0,0.2864337191715016,0.28530260813865665,0.001131111032844967
2022-08-28|20260611|9f2e086d39ae4b855ba21604367109e8e9ce00f96010c5ec65c380d317986abc,8a0e5221b2f63d45,2022/23,2022/23|2022W34,2022-08-28,2022-08-28,2022-08-22,6,wolves,newcastle,1,0.12431885042124247,0.12388279513491851,0.0004360552863239553
2025-02-15|20260611|9f2e086d39ae4b855ba21604367109e8e9ce00f96010c5ec65c380d317986abc,8a112945bcb00729,2024/25,2024/25|2025W07,2025-02-15,2025-02-15,2025-02-12,3,crystal_palace,everton,2,0.3716697253377589,0.3769592819290213,-0.005289556591262401
2022-08-31|20260611|9f2e086d39ae4b855ba21604367109e8e9ce00f96010c5ec65c380d317986abc,8a843729e88b17c9,2022/23,2022/23|2022W35,2022-08-31,2022-08-31,2022-08-30,1,man_city,nottm_forest,0,0.020391649380749253,0.020636742828010497,-0.0002450934472612437
2020-09-13|20260611|9f2e086d39ae4b855ba21604367109e8e9ce00f96010c5ec65c380d317986abc,8a890f31070ce5aa,2020/21,2020/21|2020W37,2020-09-13,2020-09-13,2020-09-12,1,west_brom,leicester,2,0.16092769066961424,0.16272396019049118,-0.001796269520876942
2019-10-27|20260611|9f2e086d39ae4b855ba21604367109e8e9ce00f96010c5ec65c380d317986abc,8af27ce2727d7421,2019/20,2019/20|2019W43,2019-10-27,2019-10-27,2019-10-21,6,norwich,man_united,2,0.08493428829320346,0.08642634264750246,-0.0014920543542989995
2023-05-20|20260611|9f2e086d39ae4b855ba21604367109e8e9ce00f96010c5ec65c380d317986abc,8b00f2783f42d030,2022/23,2022/23|2023W20,2023-05-20,2023-05-20,2023-05-15,5,liverpool,aston_villa,1,0.23201938398972963,0.22843187494070943,0.0035875090490201933
2022-09-03|20260611|9f2e086d39ae4b855ba21604367109e8e9ce00f96010c5ec65c380d317986abc,8b041f2391fac8eb,2022/23,2022/23|2022W35,2022-09-03,2022-09-03,2022-08-30,4,nottm_forest,bournemouth,2,0.2790771630081076,0.32483235926449927,-0.045755196256391684
2021-02-28|20260611|9f2e086d39ae4b855ba21604367109e8e9ce00f96010c5ec65c380d317986abc,8b062b5e7331d2a4,2020/21,2020/21|2021W08,2021-02-28,2021-02-28,2021-02-22,6,crystal_palace,fulham,1,0.13667208592988028,0.133329078249524,0.0033430076803562803
2020-10-25|20260611|9f2e086d39ae4b855ba21604367109e8e9ce00f96010c5ec65c380d317986abc,8b37725037af0b24,2020/21,2020/21|2020W43,2020-10-25,2020-10-25,2020-10-19,6,wolves,newcastle,1,0.16385818341573005,0.16168840936827605,0.0021697740474539984
2022-01-23|20260611|9f2e086d39ae4b855ba21604367109e8e9ce00f96010c5ec65c380d317986abc,8b6cf03031b690fb,2021/22,2021/22|2022W03,2022-01-23,2022-01-23,2022-01-18,5,arsenal,burnley,1,0.21964818245097564,0.21950191497463387,0.00014626747634177706
2022-10-15|20260611|9f2e086d39ae4b855ba21604367109e8e9ce00f96010c5ec65c380d317986abc,8ba838277a816f1d,2022/23,2022/23|2022W41,2022-10-15,2022-10-15,2022-10-10,5,fulham,bournemouth,1,0.14095392159787803,0.1409471818247074,6.7397731706442254e-06
2022-05-22|20260611|9f2e086d39ae4b855ba21604367109e8e9ce00f96010c5ec65c380d317986abc,8bb1580610110103,2021/22,2021/22|2022W20,2022-05-22,2022-05-22,2022-05-16,6,crystal_palace,man_united,0,0.3764283335930583,0.36968613534853456,0.006742198244523712
2021-05-12|20260611|9f2e086d39ae4b855ba21604367109e8e9ce00f96010c5ec65c380d317986abc,8bc1cdb9becb2ee3,2020/21,2020/21|2021W19,2021-05-12,2021-05-12,2021-05-10,2,chelsea,arsenal,2,0.38110590463334654,0.38194456628864887,-0.0008386616553023307
2022-03-13|20260611|9f2e086d39ae4b855ba21604367109e8e9ce00f96010c5ec65c380d317986abc,8be6085c10c973ef,2021/22,2021/22|2022W10,2022-03-13,2022-03-13,2022-03-07,6,west_ham,aston_villa,0,0.17734017278045963,0.16694195865966127,0.01039821412079836
2021-12-29|20260611|9f2e086d39ae4b855ba21604367109e8e9ce00f96010c5ec65c380d317986abc,8bea4b60640dbf58,2021/22,2021/22|2021W52,2021-12-29,2021-12-29,2021-12-27,2,chelsea,brighton,1,0.22116645868538126,0.21982439084133126,0.001342067844049999
2022-04-20|20260611|9f2e086d39ae4b855ba21604367109e8e9ce00f96010c5ec65c380d317986abc,8ca0343d7b35a775,2021/22,2021/22|2022W16,2022-04-20,2022-04-20,2022-04-19,1,man_city,brighton,0,0.02219451590110901,0.02230586050118766,-0.00011134460007865277
2021-04-10|20260611|9f2e086d39ae4b855ba21604367109e8e9ce00f96010c5ec65c380d317986abc,8ca7e6e1eef8a89d,2020/21,2020/21|2021W14,2021-04-10,2021-04-10,2021-04-05,5,crystal_palace,chelsea,2,0.11834412046205725,0.11672821202890848,0.001615908433148766
2022-05-22|20260611|9f2e086d39ae4b855ba21604367109e8e9ce00f96010c5ec65c380d317986abc,8cb0e0c2f1272c94,2021/22,2021/22|2022W20,2022-05-22,2022-05-22,2022-05-16,6,arsenal,everton,0,0.10551244980056106,0.09671591085356979,0.00879653894699127
2025-04-26|20260611|9f2e086d39ae4b855ba21604367109e8e9ce00f96010c5ec65c380d317986abc,8cd422f673b882fb,2024/25,2024/25|2025W17,2025-04-26,2025-04-26,2025-04-21,5,wolves,leicester,0,0.12276004536506002,0.12214137113264122,0.000618674232418806
2021-10-17|20260611|9f2e086d39ae4b855ba21604367109e8e9ce00f96010c5ec65c380d317986abc,8cd625a99d22f03f,2021/22,2021/22|2021W41,2021-10-17,2021-10-17,2021-10-16,1,newcastle,tottenham,2,0.11711881383219265,0.11740364039689624,-0.00028482656470359136
2025-04-26|20260611|9f2e086d39ae4b855ba21604367109e8e9ce00f96010c5ec65c380d317986abc,8cf37a7203721de8,2024/25,2024/25|2025W17,2025-04-26,2025-04-26,2025-04-21,5,chelsea,everton,0,0.13003201079986726,0.12927186727207837,0.0007601435277888868
2024-05-19|20260611|9f2e086d39ae4b855ba21604367109e8e9ce00f96010c5ec65c380d317986abc,8cf8a5c9f54fcf96,2023/24,2023/24|2024W20,2024-05-19,2024-05-19,2024-05-13,6,luton,fulham,2,0.18841988678221522,0.1886048906312729,-0.00018500384905767442
2023-03-12|20260611|9f2e086d39ae4b855ba21604367109e8e9ce00f96010c5ec65c380d317986abc,8cfa67a4301071a2,2022/23,2022/23|2023W10,2023-03-12,2023-03-12,2023-03-06,6,west_ham,aston_villa,1,0.1420292726895685,0.14087652006720444,0.001152752622364056
2023-04-04|20260611|9f2e086d39ae4b855ba21604367109e8e9ce00f96010c5ec65c380d317986abc,8cfbe92c7e165424,2022/23,2022/23|2023W14,2023-04-04,2023-04-04,2023-04-03,1,bournemouth,brighton,2,0.14666229660336985,0.14638200976719304,0.00028028683617681294
2020-07-15|20260611|9f2e086d39ae4b855ba21604367109e8e9ce00f96010c5ec65c380d317986abc,8d23bf8c8347396d,2019/20,2019/20|2020W29,2020-07-15,2020-07-15,2020-07-13,2,arsenal,liverpool,0,0.462968768260239,0.46185726746843053,0.0011115007918084951
2019-10-27|20260611|9f2e086d39ae4b855ba21604367109e8e9ce00f96010c5ec65c380d317986abc,8d36fc11b75b9e01,2019/20,2019/20|2019W43,2019-10-27,2019-10-27,2019-10-21,6,liverpool,tottenham,0,0.08445624483654172,0.08269066776774028,0.001765577068801441
2023-02-18|20260611|9f2e086d39ae4b855ba21604367109e8e9ce00f96010c5ec65c380d317986abc,8d5c94c758ba56ab,2022/23,2022/23|2023W07,2023-02-18,2023-02-18,2023-02-13,5,brighton,fulham,2,0.3900308042414463,0.39062853090014094,-0.0005977266586946195
2023-04-29|20260611|9f2e086d39ae4b855ba21604367109e8e9ce00f96010c5ec65c380d317986abc,8d714abe5789a499,2022/23,2022/23|2023W17,2023-04-29,2023-04-29,2023-04-25,4,brighton,wolves,0,0.14698621548987606,0.13184743380434405,0.01513878168553201
2023-02-11|20260611|9f2e086d39ae4b855ba21604367109e8e9ce00f96010c5ec65c380d317986abc,8e19c0c34dbe4062,2022/23,2022/23|2023W06,2023-02-11,2023-02-11,2023-02-08,3,bournemouth,newcastle,1,0.17941414835947803,0.17887241876022097,0.0005417295992570514
2024-04-28|20260611|9f2e086d39ae4b855ba21604367109e8e9ce00f96010c5ec65c380d317986abc,8e4464bc5beb032f,2023/24,2023/24|2024W17,2024-04-28,2024-04-28,2024-04-23,5,bournemouth,brighton,0,0.30879933161140827,0.331373985340122,-0.022574653728713756
2023-05-13|20260611|9f2e086d39ae4b855ba21604367109e8e9ce00f96010c5ec65c380d317986abc,8e8672edac4feed1,2022/23,2022/23|2023W19,2023-05-13,2023-05-13,2023-05-08,5,man_united,wolves,0,0.10369851579356208,0.10240577048426493,0.0012927453092971553
2024-05-12|20260611|9f2e086d39ae4b855ba21604367109e8e9ce00f96010c5ec65c380d317986abc,8ededf0bb301e229,2023/24,2023/24|2024W19,2024-05-12,2024-05-12,2024-05-06,6,man_united,arsenal,2,0.12699027396782187,0.139723267605161,-0.012732993637339124
2023-04-30|20260611|9f2e086d39ae4b855ba21604367109e8e9ce00f96010c5ec65c380d317986abc,8f6bcdf2af71bb6c,2022/23,2022/23|2023W17,2023-04-30,2023-04-30,2023-04-25,5,newcastle,southampton,0,0.05653419023445609,0.0639024790600793,-0.007368288825623209
2024-01-31|20260611|9f2e086d39ae4b855ba21604367109e8e9ce00f96010c5ec65c380d317986abc,8f75438a09565a04,2023/24,2023/24|2024W05,2024-01-31,2024-01-31,2024-01-30,1,tottenham,brentford,0,0.10716843313095786,0.1071969819370898,-2.8548806131942217e-05
2020-06-23|20260611|9f2e086d39ae4b855ba21604367109e8e9ce00f96010c5ec65c380d317986abc,8fa7b1203b341d30,2019/20,2019/20|2020W26,2020-06-23,2020-06-23,2020-06-22,1,tottenham,west_ham,0,0.05794931179467622,0.058238025918939264,-0.0002887141242630467
2021-01-31|20260611|9f2e086d39ae4b855ba21604367109e8e9ce00f96010c5ec65c380d317986abc,8fcaf70c3eb7184a,2020/21,2020/21|2021W04,2021-01-31,2021-01-31,2021-01-26,5,leicester,leeds,2,0.5168405819797498,0.5456355135493423,-0.028794931569592452
2022-12-31|20260611|9f2e086d39ae4b855ba21604367109e8e9ce00f96010c5ec65c380d317986abc,9016fb9dd4d220b0,2022/23,2022/23|2022W52,2022-12-31,2022-12-31,2022-12-26,5,man_city,everton,1,0.37648977140524625,0.3745415536679744,0.001948217737271829
2025-03-15|20260611|9f2e086d39ae4b855ba21604367109e8e9ce00f96010c5ec65c380d317986abc,9035fc6014e261b6,2024/25,2024/25|2025W11,2025-03-15,2025-03-15,2025-03-10,5,ipswich,nottm_forest,2,0.10136483707341304,0.1016116861725793,-0.00024684909916626585
2019-12-14|20260611|9f2e086d39ae4b855ba21604367109e8e9ce00f96010c5ec65c380d317986abc,905de3b49e4da9bc,2019/20,2019/20|2019W50,2019-12-14,2019-12-14,2019-12-09,5,southampton,west_ham,2,0.28469689779285484,0.2770692271594682,0.007627670633386652
2022-02-19|20260611|9f2e086d39ae4b855ba21604367109e8e9ce00f96010c5ec65c380d317986abc,90bb287e8d69aa2a,2021/22,2021/22|2022W07,2022-02-19,2022-02-19,2022-02-15,4,liverpool,norwich,0,0.0034804168312166485,0.0034982545842764993,-1.7837753059850737e-05
2023-02-18|20260611|9f2e086d39ae4b855ba21604367109e8e9ce00f96010c5ec65c380d317986abc,90c1d5d8d75fb90d,2022/23,2022/23|2023W07,2023-02-18,2023-02-18,2023-02-13,5,chelsea,southampton,2,0.666077237058201,0.6666326336397026,-0.0005553965815016104
2019-09-15|20260611|9f2e086d39ae4b855ba21604367109e8e9ce00f96010c5ec65c380d317986abc,90d935ae9b302249,2019/20,2019/20|2019W37,2019-09-15,2019-09-15,2019-09-14,1,watford,arsenal,1,0.18823182121363682,0.18859681818772248,-0.0003649969740856518
2022-10-19|20260611|9f2e086d39ae4b855ba21604367109e8e9ce00f96010c5ec65c380d317986abc,910b830c3fd6f1ab,2022/23,2022/23|2022W42,2022-10-19,2022-10-19,2022-10-18,1,liverpool,west_ham,0,0.04024046160895608,0.04010854715281691,0.00013191445613916497
2024-05-11|20260611|9f2e086d39ae4b855ba21604367109e8e9ce00f96010c5ec65c380d317986abc,912d5849aed1d916,2023/24,2023/24|2024W19,2024-05-11,2024-05-11,2024-05-06,5,bournemouth,brentford,2,0.26443716997173566,0.2628246956958562,0.0016124742758794608
2020-12-16|20260611|9f2e086d39ae4b855ba21604367109e8e9ce00f96010c5ec65c380d317986abc,912df4a6f2518886,2020/21,2020/21|2020W51,2020-12-16,2020-12-16,2020-12-15,1,leeds,newcastle,0,0.24176611356565503,0.24052076643097448,0.0012453471346805522
2024-04-14|20260611|9f2e086d39ae4b855ba21604367109e8e9ce00f96010c5ec65c380d317986abc,916be6dffabaa688,2023/24,2023/24|2024W15,2024-04-14,2024-04-14,2024-04-13,1,liverpool,crystal_palace,2,0.7341189107803024,0.7320514425300153,0.002067468250287141
2023-08-19|20260611|9f2e086d39ae4b855ba21604367109e8e9ce00f96010c5ec65c380d317986abc,918f3d5910e3dea5,2023/24,2023/24|2023W33,2023-08-19,2023-08-19,2023-08-14,5,fulham,brentford,2,0.25931828869534707,0.25938188345240903,-6.359475706196882e-05
2021-08-15|20260611|9f2e086d39ae4b855ba21604367109e8e9ce00f96010c5ec65c380d317986abc,91efc5951528518b,2021/22,2021/22|2021W32,2021-08-15,2021-08-15,2021-08-13,2,tottenham,man_city,0,0.48343779211401305,0.47409884267298874,0.009338949441024313
2020-07-07|20260611|9f2e086d39ae4b855ba21604367109e8e9ce00f96010c5ec65c380d317986abc,9203e5f73f1e2394,2019/20,2019/20|2020W28,2020-07-07,2020-07-07,2020-07-06,1,watford,norwich,0,0.10356174798802407,0.10388722414981465,-0.00032547616179057215
2023-02-04|20260611|9f2e086d39ae4b855ba21604367109e8e9ce00f96010c5ec65c380d317986abc,920b52129ceddde7,2022/23,2022/23|2023W05,2023-02-04,2023-02-04,2023-02-03,1,brentford,southampton,0,0.09317626849559422,0.09305418552431945,0.0001220829712747784
2021-12-11|20260611|9f2e086d39ae4b855ba21604367109e8e9ce00f96010c5ec65c380d317986abc,92373140def41fcd,2021/22,2021/22|2021W49,2021-12-11,2021-12-11,2021-12-06,5,chelsea,leeds,0,0.07551348032267574,0.07571025219440522,-0.00019677187172947863
2021-02-13|20260611|9f2e086d39ae4b855ba21604367109e8e9ce00f96010c5ec65c380d317986abc,92502f0ee7b30404,2020/21,2020/21|2021W06,2021-02-13,2021-02-13,2021-02-08,5,brighton,aston_villa,1,0.1282844529936052,0.12830505470018122,-2.060170657602889e-05
2020-07-04|20260611|9f2e086d39ae4b855ba21604367109e8e9ce00f96010c5ec65c380d317986abc,926e853d68edc0cf,2019/20,2019/20|2020W27,2020-07-04,2020-07-04,2020-06-29,5,wolves,arsenal,2,0.3409644085373281,0.34969862222369325,-0.008734213686365122
2023-12-16|20260611|9f2e086d39ae4b855ba21604367109e8e9ce00f96010c5ec65c380d317986abc,926ed0cf39f300f5,2023/24,2023/24|2023W50,2023-12-16,2023-12-16,2023-12-15,1,newcastle,fulham,0,0.12016145818112127,0.12013252492910824,2.893325201303032e-05
2021-05-19|20260611|9f2e086d39ae4b855ba21604367109e8e9ce00f96010c5ec65c380d317986abc,927b9cee822a2011,2020/21,2020/21|2021W20,2021-05-19,2021-05-19,2021-05-18,1,burnley,liverpool,2,0.0719421579280117,0.07241170734771964,-0.00046954941970793473
2021-02-14|20260611|9f2e086d39ae4b855ba21604367109e8e9ce00f96010c5ec65c380d317986abc,92b229074519a85c,2020/21,2020/21|2021W06,2021-02-14,2021-02-14,2021-02-08,6,everton,fulham,2,0.5621453670729314,0.5597498725416656,0.0023954945312657516
2024-09-29|20260611|9f2e086d39ae4b855ba21604367109e8e9ce00f96010c5ec65c380d317986abc,92b735709d1054d6,2024/25,2024/25|2024W39,2024-09-29,2024-09-29,2024-09-28,1,ipswich,aston_villa,1,0.1690984016997124,0.16993144531832446,-0.000833043618612056
2022-03-16|20260611|9f2e086d39ae4b855ba21604367109e8e9ce00f96010c5ec65c380d317986abc,92dc60cfd74e927b,2021/22,2021/22|2022W11,2022-03-16,2022-03-16,2022-03-14,2,arsenal,liverpool,2,0.14778589286256208,0.14763832619275452,0.0001475666698075584
2023-03-18|20260611|9f2e086d39ae4b855ba21604367109e8e9ce00f96010c5ec65c380d317986abc,92f061ca1e97ec79,2022/23,2022/23|2023W11,2023-03-18,2023-03-18,2023-03-15,3,wolves,leeds,2,0.36425988707848417,0.365007185535317,-0.0007472984568328567
2024-05-11|20260611|9f2e086d39ae4b855ba21604367109e8e9ce00f96010c5ec65c380d317986abc,9347a02a5023985c,2023/24,2023/24|2024W19,2024-05-11,2024-05-11,2024-05-06,5,tottenham,burnley,0,0.044593964466156266,0.04509690194597961,-0.0005029374798233427
2020-07-26|20260611|9f2e086d39ae4b855ba21604367109e8e9ce00f96010c5ec65c380d317986abc,9347d98e1cb5aebe,2019/20,2019/20|2020W30,2020-07-26,2020-07-26,2020-07-20,6,arsenal,watford,0,0.05182725959947625,0.050374294437711256,0.0014529651617649908
2020-01-11|20260611|9f2e086d39ae4b855ba21604367109e8e9ce00f96010c5ec65c380d317986abc,938311148e21206c,2019/20,2019/20|2020W02,2020-01-11,2020-01-11,2020-01-10,1,chelsea,burnley,0,0.0607667445168274,0.06094466863451077,-0.0001779241176833729
2023-02-18|20260611|9f2e086d39ae4b855ba21604367109e8e9ce00f96010c5ec65c380d317986abc,939b8d806e490895,2022/23,2022/23|2023W07,2023-02-18,2023-02-18,2023-02-13,5,everton,leeds,0,0.2285343717327194,0.2254220342875804,0.003112337445139002
2024-03-09|20260611|9f2e086d39ae4b855ba21604367109e8e9ce00f96010c5ec65c380d317986abc,93b9900653311a76,2023/24,2023/24|2024W10,2024-03-09,2024-03-09,2024-03-04,5,arsenal,brentford,0,0.04354165679595745,0.04678954215370423,-0.0032478853577467826
2022-04-24|20260611|9f2e086d39ae4b855ba21604367109e8e9ce00f96010c5ec65c380d317986abc,93d959c42adb73bf,2021/22,2021/22|2022W16,2022-04-24,2022-04-24,2022-04-19,5,burnley,wolves,0,0.34486344624093934,0.3558767612429273,-0.011013315001987933
2020-10-24|20260611|9f2e086d39ae4b855ba21604367109e8e9ce00f96010c5ec65c380d317986abc,94019ce1d24029be,2020/21,2020/21|2020W43,2020-10-24,2020-10-24,2020-10-19,5,fulham,crystal_palace,2,0.15865679146075207,0.15893087753682322,-0.0002740860760711561
2023-08-25|20260611|9f2e086d39ae4b855ba21604367109e8e9ce00f96010c5ec65c380d317986abc,941a46d8e81f60dd,2023/24,2023/24|2023W34,2023-08-25,2023-08-25,2023-08-21,4,chelsea,luton,0,0.06549297614324068,0.06529126040063046,0.00020171574261021452
2024-10-26|20260611|9f2e086d39ae4b855ba21604367109e8e9ce00f96010c5ec65c380d317986abc,941a851be8b6db1b,2024/25,2024/25|2024W43,2024-10-26,2024-10-26,2024-10-21,5,brentford,ipswich,0,0.0733032672583208,0.07321402911448928,8.923814383152151e-05
2021-01-17|20260611|9f2e086d39ae4b855ba21604367109e8e9ce00f96010c5ec65c380d317986abc,941bf3edb8b1575a,2020/21,2020/21|2021W02,2021-01-17,2021-01-17,2021-01-12,5,man_city,crystal_palace,0,0.0160718582539364,0.01459804958153125,0.0014738086724051507
2024-10-05|20260611|9f2e086d39ae4b855ba21604367109e8e9ce00f96010c5ec65c380d317986abc,943832f9ec62201a,2024/25,2024/25|2024W40,2024-10-05,2024-10-05,2024-09-30,5,everton,newcastle,1,0.16295548528686904,0.16319762377259303,-0.00024213848572399166
2020-07-04|20260611|9f2e086d39ae4b855ba21604367109e8e9ce00f96010c5ec65c380d317986abc,9455fb4c38ee1b9b,2019/20,2019/20|2020W27,2020-07-04,2020-07-04,2020-06-29,5,norwich,brighton,2,0.2123369962342273,0.21459902377032292,-0.002262027536095612
2021-10-23|20260611|9f2e086d39ae4b855ba21604367109e8e9ce00f96010c5ec65c380d317986abc,948345988c1febae,2021/22,2021/22|2021W42,2021-10-23,2021-10-23,2021-10-18,5,leeds,wolves,1,0.13729853784861626,0.1373281989001081,-2.966105149185272e-05
2024-11-10|20260611|9f2e086d39ae4b855ba21604367109e8e9ce00f96010c5ec65c380d317986abc,948dd67a22fd7d11,2024/25,2024/25|2024W45,2024-11-10,2024-11-10,2024-11-04,6,nottm_forest,newcastle,2,0.1851407632942801,0.18444364956304898,0.0006971137312311027
2020-10-24|20260611|9f2e086d39ae4b855ba21604367109e8e9ce00f96010c5ec65c380d317986abc,94b3638045e745fc,2020/21,2020/21|2020W43,2020-10-24,2020-10-24,2020-10-19,5,man_united,chelsea,1,0.15428641933781906,0.15455066161867984,-0.00026424228086077695
2025-04-13|20260611|9f2e086d39ae4b855ba21604367109e8e9ce00f96010c5ec65c380d317986abc,94e27a1485ada9fe,2024/25,2024/25|2025W15,2025-04-13,2025-04-13,2025-04-07,6,liverpool,west_ham,0,0.027105619293139267,0.02675595662708223,0.0003496626660570365
2024-10-06|20260611|9f2e086d39ae4b855ba21604367109e8e9ce00f96010c5ec65c380d317986abc,9501eab4aa5f70d5,2024/25,2024/25|2024W40,2024-10-06,2024-10-06,2024-09-30,6,aston_villa,man_united,1,0.15239495236943126,0.15226028920106688,0.00013466316836438508
2021-02-20|20260611|9f2e086d39ae4b855ba21604367109e8e9ce00f96010c5ec65c380d317986abc,951b7cf993002a69,2020/21,2020/21|2021W07,2021-02-20,2021-02-20,2021-02-15,5,fulham,sheffield_united,0,0.2543722998878425,0.2720196004815145,-0.017647300593672033
2025-03-16|20260611|9f2e086d39ae4b855ba21604367109e8e9ce00f96010c5ec65c380d317986abc,9526b89ca234338a,2024/25,2024/25|2025W11,2025-03-16,2025-03-16,2025-03-10,6,fulham,tottenham,0,0.2904499603308427,0.2890911015025424,0.00135885882830028
2022-01-15|20260611|9f2e086d39ae4b855ba21604367109e8e9ce00f96010c5ec65c380d317986abc,953e1f9034d7bb26,2021/22,2021/22|2022W02,2022-01-15,2022-01-15,2022-01-11,4,aston_villa,man_united,1,0.15783997781295758,0.15800009483966185,-0.00016011702670426509
2019-12-29|20260611|9f2e086d39ae4b855ba21604367109e8e9ce00f96010c5ec65c380d317986abc,956896839cc7a647,2019/20,2019/20|2019W52,2019-12-29,2019-12-29,2019-12-26,3,liverpool,wolves,0,0.041390717169724645,0.04164975068613052,-0.0002590335164058752
2020-11-08|20260611|9f2e086d39ae4b855ba21604367109e8e9ce00f96010c5ec65c380d317986abc,956bd25182a159b0,2020/21,2020/21|2020W45,2020-11-08,2020-11-08,2020-11-02,6,west_brom,tottenham,2,0.05070589732031569,0.06005603083029546,-0.00935013350997977
2019-12-04|20260611|9f2e086d39ae4b855ba21604367109e8e9ce00f96010c5ec65c380d317986abc,956ffba1d8661462,2019/20,2019/20|2019W49,2019-12-04,2019-12-04,2019-12-03,1,liverpool,everton,0,0.023843535570011242,0.02376703894149565,7.649662851559255e-05
2020-06-20|20260611|9f2e086d39ae4b855ba21604367109e8e9ce00f96010c5ec65c380d317986abc,958722f4e263b3e3,2019/20,2019/20|2020W25,2020-06-20,2020-06-20,2020-06-17,3,bournemouth,crystal_palace,2,0.24284417046600185,0.24344136444833225,-0.0005971939823304073
2025-01-25|20260611|9f2e086d39ae4b855ba21604367109e8e9ce00f96010c5ec65c380d317986abc,95aeb20ddce008cb,2024/25,2024/25|2025W04,2025-01-25,2025-01-25,2025-01-20,5,liverpool,ipswich,0,0.010471649435894057,0.010487800459902599,-1.615102400854239e-05
2024-02-17|20260611|9f2e086d39ae4b855ba21604367109e8e9ce00f96010c5ec65c380d317986abc,95e54c5ceb8783fb,2023/24,2023/24|2024W07,2024-02-17,2024-02-17,2024-02-12,5,brentford,liverpool,2,0.10109700849902122,0.10173731305654085,-0.0006403045575196359
2020-11-07|20260611|9f2e086d39ae4b855ba21604367109e8e9ce00f96010c5ec65c380d317986abc,95faf2f6759323e7,2020/21,2020/21|2020W45,2020-11-07,2020-11-07,2020-11-02,5,chelsea,sheffield_united,0,0.09142989831584497,0.09234996296665028,-0.0009200646508053106
2021-03-21|20260611|9f2e086d39ae4b855ba21604367109e8e9ce00f96010c5ec65c380d317986abc,9620fba04f1c0711,2020/21,2020/21|2021W11,2021-03-21,2021-03-21,2021-03-15,6,west_ham,arsenal,1,0.13794092189183538,0.13779869483504523,0.00014222705679015069
2024-09-15|20260611|9f2e086d39ae4b855ba21604367109e8e9ce00f96010c5ec65c380d317986abc,962a1faaabe7bbbe,2024/25,2024/25|2024W37,2024-09-15,2024-09-15,2024-09-14,1,wolves,newcastle,2,0.1306716194172644,0.13275038770666225,-0.0020787682893978476
2021-01-31|20260611|9f2e086d39ae4b855ba21604367109e8e9ce00f96010c5ec65c380d317986abc,964f3f364effcc18,2020/21,2020/21|2021W04,2021-01-31,2021-01-31,2021-01-26,5,chelsea,burnley,0,0.09568732136324286,0.08855611045890006,0.007131210904342794
2023-04-26|20260611|9f2e086d39ae4b855ba21604367109e8e9ce00f96010c5ec65c380d317986abc,96589d3db7dac562,2022/23,2022/23|2023W17,2023-04-26,2023-04-26,2023-04-25,1,chelsea,brentford,2,0.4138866804483938,0.41264654943862655,0.0012401310097672202
2022-02-26|20260611|9f2e086d39ae4b855ba21604367109e8e9ce00f96010c5ec65c380d317986abc,9658e77ecd302d98,2021/22,2021/22|2022W08,2022-02-26,2022-02-26,2022-02-23,3,brighton,aston_villa,2,0.2999478104996693,0.29784032243024217,0.0021074880694271214
2022-03-17|20260611|9f2e086d39ae4b855ba21604367109e8e9ce00f96010c5ec65c380d317986abc,96951def80a8c511,2021/22,2021/22|2022W11,2022-03-17,2022-03-17,2022-03-14,3,everton,newcastle,0,0.2275664902754477,0.22725929913432052,0.0003071911411271777
2025-03-15|20260611|9f2e086d39ae4b855ba21604367109e8e9ce00f96010c5ec65c380d317986abc,96bf259069c361d4,2024/25,2024/25|2025W11,2025-03-15,2025-03-15,2025-03-10,5,everton,west_ham,1,0.1358464572042664,0.1356863233472825,0.00016013385698390725
2021-04-17|20260611|9f2e086d39ae4b855ba21604367109e8e9ce00f96010c5ec65c380d317986abc,96f8ffe38058728d,2020/21,2020/21|2021W15,2021-04-17,2021-04-17,2021-04-12,5,newcastle,west_ham,0,0.3830940222529066,0.3848671323456264,-0.0017731100927197985
2020-06-21|20260611|9f2e086d39ae4b855ba21604367109e8e9ce00f96010c5ec65c380d317986abc,9709548df552cf4e,2019/20,2019/20|2020W25,2020-06-21,2020-06-21,2020-06-17,4,newcastle,sheffield_united,0,0.3261048139230404,0.331333528971121,-0.00522871504808059
2024-04-14|20260611|9f2e086d39ae4b855ba21604367109e8e9ce00f96010c5ec65c380d317986abc,970a2487f445b169,2023/24,2023/24|2024W15,2024-04-14,2024-04-14,2024-04-13,1,arsenal,aston_villa,2,0.5724063012202905,0.5697954415711008,0.002610859649189612
2022-09-03|20260611|9f2e086d39ae4b855ba21604367109e8e9ce00f96010c5ec65c380d317986abc,975461af20558247,2022/23,2022/23|2022W35,2022-09-03,2022-09-03,2022-08-30,4,aston_villa,man_city,1,0.3036912312061874,0.2975600140171801,0.006131217189007332
2023-03-11|20260611|9f2e086d39ae4b855ba21604367109e8e9ce00f96010c5ec65c380d317986abc,97bfad9570b48172,2022/23,2022/23|2023W10,2023-03-11,2023-03-11,2023-03-06,5,everton,brentford,0,0.37893885012866046,0.37184222452579563,0.007096625602864837
2024-05-19|20260611|9f2e086d39ae4b855ba21604367109e8e9ce00f96010c5ec65c380d317986abc,97c9bc76fa952117,2023/24,2023/24|2024W20,2024-05-19,2024-05-19,2024-05-13,6,liverpool,wolves,0,0.031423241255984495,0.030953184497051207,0.0004700567589332877
2024-12-15|20260611|9f2e086d39ae4b855ba21604367109e8e9ce00f96010c5ec65c380d317986abc,97cbb41f66df8289,2024/25,2024/25|2024W50,2024-12-15,2024-12-15,2024-12-09,6,brighton,crystal_palace,2,0.3805060003379738,0.38044723791643703,5.876242153679545e-05
2022-10-16|20260611|9f2e086d39ae4b855ba21604367109e8e9ce00f96010c5ec65c380d317986abc,97e2bfe8b70cb885,2022/23,2022/23|2022W41,2022-10-16,2022-10-16,2022-10-10,6,southampton,west_ham,1,0.1450126196115336,0.14560636808740246,-0.0005937484758688494
2019-12-21|20260611|9f2e086d39ae4b855ba21604367109e8e9ce00f96010c5ec65c380d317986abc,980fd2bb8229b9c4,2019/20,2019/20|2019W51,2019-12-21,2019-12-21,2019-12-16,5,bournemouth,burnley,2,0.3505055601780921,0.3508585893342068,-0.00035302915611473695
2022-05-15|20260611|9f2e086d39ae4b855ba21604367109e8e9ce00f96010c5ec65c380d317986abc,982469b16fc2c32e,2021/22,2021/22|2022W19,2022-05-15,2022-05-15,2022-05-10,5,wolves,norwich,1,0.2351328945767477,0.23373403026973572,0.001398864307011971
2022-12-31|20260611|9f2e086d39ae4b855ba21604367109e8e9ce00f96010c5ec65c380d317986abc,982a1fcb08d3e027,2022/23,2022/23|2022W52,2022-12-31,2022-12-31,2022-12-26,5,newcastle,leeds,1,0.19487272209408385,0.1906666977490577,0.004206024345026149
2020-11-07|20260611|9f2e086d39ae4b855ba21604367109e8e9ce00f96010c5ec65c380d317986abc,98597f2d8e1998ca,2020/21,2020/21|2020W45,2020-11-07,2020-11-07,2020-11-02,5,west_ham,fulham,0,0.05294693220918742,0.0454832674932586,0.007463664715928818
2024-03-10|20260611|9f2e086d39ae4b855ba21604367109e8e9ce00f96010c5ec65c380d317986abc,98bda698a9753723,2023/24,2023/24|2024W10,2024-03-10,2024-03-10,2024-03-04,6,aston_villa,tottenham,2,0.3299337705841465,0.33181586406733704,-0.0018820934831905167
2021-01-30|20260611|9f2e086d39ae4b855ba21604367109e8e9ce00f96010c5ec65c380d317986abc,98c9ee2534254215,2020/21,2020/21|2021W04,2021-01-30,2021-01-30,2021-01-26,4,arsenal,man_united,1,0.1363453984694196,0.1377863583926458,-0.0014409599232262094
2021-02-07|20260611|9f2e086d39ae4b855ba21604367109e8e9ce00f96010c5ec65c380d317986abc,98fb2f8d7941951b,2020/21,2020/21|2021W05,2021-02-07,2021-02-07,2021-02-02,5,liverpool,man_city,2,0.2141830784458969,0.22951574013552706,-0.015332661689630156
2022-08-07|20260611|9f2e086d39ae4b855ba21604367109e8e9ce00f96010c5ec65c380d317986abc,9915b64f514e82ca,2022/23,2022/23|2022W31,2022-08-07,2022-08-07,2022-08-05,2,west_ham,man_city,2,0.044287184467351845,0.04579696739495306,-0.0015097829276012123
2022-10-29|20260611|9f2e086d39ae4b855ba21604367109e8e9ce00f96010c5ec65c380d317986abc,993567d745b54e23,2022/23,2022/23|2022W43,2022-10-29,2022-10-29,2022-10-24,5,newcastle,aston_villa,0,0.17740655396470123,0.1779816527398226,-0.0005750987751213799
2021-01-02|20260611|9f2e086d39ae4b855ba21604367109e8e9ce00f96010c5ec65c380d317986abc,994c4796667fd5b7,2020/21,2020/21|2020W53,2021-01-02,2021-01-02,2020-12-28,5,brighton,wolves,1,0.13020176583130644,0.13055842301403742,-0.00035665718273097946
2021-08-28|20260611|9f2e086d39ae4b855ba21604367109e8e9ce00f96010c5ec65c380d317986abc,995ac0e0b292e0dd,2021/22,2021/22|2021W34,2021-08-28,2021-08-28,2021-08-23,5,norwich,leicester,2,0.051620716016175044,0.0473493272845282,0.004271388731646841
2025-01-25|20260611|9f2e086d39ae4b855ba21604367109e8e9ce00f96010c5ec65c380d317986abc,997c37aa830a9879,2024/25,2024/25|2025W04,2025-01-25,2025-01-25,2025-01-20,5,brighton,everton,2,0.43522645405261295,0.43501319055561277,0.00021326349700018232
2023-05-13|20260611|9f2e086d39ae4b855ba21604367109e8e9ce00f96010c5ec65c380d317986abc,99c647175593dbb0,2022/23,2022/23|2023W19,2023-05-13,2023-05-13,2023-05-08,5,southampton,fulham,2,0.19524504667551762,0.21283752913873644,-0.017592482463218817
2023-02-04|20260611|9f2e086d39ae4b855ba21604367109e8e9ce00f96010c5ec65c380d317986abc,99c9fb7eec17c106,2022/23,2022/23|2023W05,2023-02-04,2023-02-04,2023-02-03,1,aston_villa,leicester,2,0.3029531859718437,0.3031823593327706,-0.00022917336092692642
2022-12-28|20260611|9f2e086d39ae4b855ba21604367109e8e9ce00f96010c5ec65c380d317986abc,9a0303a9bdb36c48,2022/23,2022/23|2022W52,2022-12-28,2022-12-28,2022-12-26,2,leeds,man_city,2,0.018082873348364902,0.018276419003668002,-0.0001935456553030998
2023-12-03|20260611|9f2e086d39ae4b855ba21604367109e8e9ce00f96010c5ec65c380d317986abc,9a3bc6f67e4a0112,2023/24,2023/24|2023W48,2023-12-03,2023-12-03,2023-11-27,6,man_city,tottenham,1,0.2866859388969519,0.28580932922465885,0.0008766096722930272
2021-04-21|20260611|9f2e086d39ae4b855ba21604367109e8e9ce00f96010c5ec65c380d317986abc,9a6d9762b526817b,2020/21,2020/21|2021W16,2021-04-21,2021-04-21,2021-04-19,2,tottenham,southampton,0,0.0633913357129522,0.06354405061831626,-0.00015271490536405974
2021-02-07|20260611|9f2e086d39ae4b855ba21604367109e8e9ce00f96010c5ec65c380d317986abc,9a7210985ea08807,2020/21,2020/21|2021W05,2021-02-07,2021-02-07,2021-02-02,5,sheffield_united,chelsea,2,0.10873798467108424,0.10959644930803969,-0.0008584646369554499
2022-10-08|20260611|9f2e086d39ae4b855ba21604367109e8e9ce00f96010c5ec65c380d317986abc,9a843612bbaaa0fd,2022/23,2022/23|2022W40,2022-10-08,2022-10-08,2022-10-03,5,chelsea,wolves,0,0.08509426091644567,0.08576421103360422,-0.0006699501171585492
2022-04-24|20260611|9f2e086d39ae4b855ba21604367109e8e9ce00f96010c5ec65c380d317986abc,9a8aaacb5cb4bbbb,2021/22,2021/22|2022W16,2022-04-24,2022-04-24,2022-04-19,5,chelsea,west_ham,0,0.0956240156120437,0.0891036944839597,0.006520321128083997
2022-04-09|20260611|9f2e086d39ae4b855ba21604367109e8e9ce00f96010c5ec65c380d317986abc,9a90659620ee75f2,2021/22,2021/22|2022W14,2022-04-09,2022-04-09,2022-04-04,5,arsenal,brighton,2,0.5316288643890305,0.5465020115642272,-0.014873147175196721
2023-12-16|20260611|9f2e086d39ae4b855ba21604367109e8e9ce00f96010c5ec65c380d317986abc,9aa62c9a87e5b63c,2023/24,2023/24|2023W50,2023-12-16,2023-12-16,2023-12-15,1,chelsea,sheffield_united,0,0.026986663637091263,0.026922386790984087,6.42768461071759e-05
2023-02-25|20260611|9f2e086d39ae4b855ba21604367109e8e9ce00f96010c5ec65c380d317986abc,9b2629471ebefbbd,2022/23,2022/23|2023W08,2023-02-25,2023-02-25,2023-02-24,1,west_ham,nottm_forest,0,0.12726605893620863,0.12713773941163864,0.0001283195245699864
2025-04-05|20260611|9f2e086d39ae4b855ba21604367109e8e9ce00f96010c5ec65c380d317986abc,9b3fcbfd6f130b40,2024/25,2024/25|2025W14,2025-04-05,2025-04-05,2025-04-01,4,ipswich,wolves,2,0.19286410688885247,0.17688441688036824,0.015979690008484232
2022-05-08|20260611|9f2e086d39ae4b855ba21604367109e8e9ce00f96010c5ec65c380d317986abc,9b6319ec7930b511,2021/22,2021/22|2022W18,2022-05-08,2022-05-08,2022-05-02,6,arsenal,leeds,0,0.06627080526977364,0.06730334574705157,-0.0010325404772779379
2025-02-16|20260611|9f2e086d39ae4b855ba21604367109e8e9ce00f96010c5ec65c380d317986abc,9b6697ee6e68b5da,2024/25,2024/25|2025W07,2025-02-16,2025-02-16,2025-02-12,4,liverpool,wolves,0,0.01904822259196205,0.0187536297968186,0.0002945927951434474
2023-12-02|20260611|9f2e086d39ae4b855ba21604367109e8e9ce00f96010c5ec65c380d317986abc,9b674ab3716176d7,2023/24,2023/24|2023W48,2023-12-02,2023-12-02,2023-11-27,5,nottm_forest,everton,2,0.3287871305570521,0.32858705566021873,0.00020007489683337987
2024-05-19|20260611|9f2e086d39ae4b855ba21604367109e8e9ce00f96010c5ec65c380d317986abc,9b86d6c2464106cd,2023/24,2023/24|2024W20,2024-05-19,2024-05-19,2024-05-13,6,crystal_palace,aston_villa,0,0.31199964863372187,0.31077555653555483,0.00122409209816704
2023-01-05|20260611|9f2e086d39ae4b855ba21604367109e8e9ce00f96010c5ec65c380d317986abc,9b9fc37016cf3d47,2022/23,2022/23|2023W01,2023-01-05,2023-01-05,2023-01-02,3,chelsea,man_city,2,0.11817559990797649,0.11980841748911167,-0.0016328175811351764
2023-09-24|20260611|9f2e086d39ae4b855ba21604367109e8e9ce00f96010c5ec65c380d317986abc,9ba5c72e861c26f5,2023/24,2023/24|2023W38,2023-09-24,2023-09-24,2023-09-18,6,sheffield_united,newcastle,2,0.10152009865553129,0.10205414095275306,-0.0005340422972217734
2023-01-14|20260611|9f2e086d39ae4b855ba21604367109e8e9ce00f96010c5ec65c380d317986abc,9bb1447499300c5d,2022/23,2022/23|2023W02,2023-01-14,2023-01-14,2023-01-12,2,wolves,west_ham,0,0.30421495243997,0.30490524188394924,-0.0006902894439792528
2022-12-31|20260611|9f2e086d39ae4b855ba21604367109e8e9ce00f96010c5ec65c380d317986abc,9bbb315b7bc162c4,2022/23,2022/23|2022W52,2022-12-31,2022-12-31,2022-12-26,5,fulham,southampton,0,0.15337333531479289,0.18172347730097413,-0.028350141986181243
2022-04-30|20260611|9f2e086d39ae4b855ba21604367109e8e9ce00f96010c5ec65c380d317986abc,9bf8b9da11cb2144,2021/22,2021/22|2022W17,2022-04-30,2022-04-30,2022-04-25,5,leeds,man_city,2,0.0179840807118842,0.01724678199230405,0.0007372987195801498
2019-10-05|20260611|9f2e086d39ae4b855ba21604367109e8e9ce00f96010c5ec65c380d317986abc,9bfb720da03a4fc8,2019/20,2019/20|2019W40,2019-10-05,2019-10-05,2019-09-30,5,west_ham,crystal_palace,2,0.3442939159977342,0.34426013414893597,3.378184879820889e-05
2023-03-11|20260611|9f2e086d39ae4b855ba21604367109e8e9ce00f96010c5ec65c380d317986abc,9c2964ce7a78dff5,2022/23,2022/23|2023W10,2023-03-11,2023-03-11,2023-03-06,5,tottenham,nottm_forest,0,0.030812413447417038,0.03072331997257005,8.909347484698654e-05
2019-08-11|20260611|9f2e086d39ae4b855ba21604367109e8e9ce00f96010c5ec65c380d317986abc,9c595ea9a7b1884d,2019/20,2019/20|2019W32,2019-08-11,2019-08-11,2019-08-09,2,man_united,chelsea,0,0.23327673396832405,0.2344668819068632,-0.0011901479385391656
2021-01-03|20260611|9f2e086d39ae4b855ba21604367109e8e9ce00f96010c5ec65c380d317986abc,9c5afd842543651a,2020/21,2020/21|2020W53,2021-01-03,2021-01-03,2020-12-28,6,newcastle,leicester,2,0.17398775467528568,0.16680713571887146,0.007180618956414225
2021-05-09|20260611|9f2e086d39ae4b855ba21604367109e8e9ce00f96010c5ec65c380d317986abc,9c6b2d5c58f82c90,2020/21,2020/21|2021W18,2021-05-09,2021-05-09,2021-05-03,6,wolves,brighton,0,0.19477874185236527,0.19121305151205945,0.0035656903403058215
2023-08-19|20260611|9f2e086d39ae4b855ba21604367109e8e9ce00f96010c5ec65c380d317986abc,9c86f20c972abc24,2023/24,2023/24|2023W33,2023-08-19,2023-08-19,2023-08-14,5,tottenham,man_united,0,0.22731801372096344,0.22476275694827694,0.002555256772686504
2022-05-15|20260611|9f2e086d39ae4b855ba21604367109e8e9ce00f96010c5ec65c380d317986abc,9c8a44ee78f7906f,2021/22,2021/22|2022W19,2022-05-15,2022-05-15,2022-05-10,5,aston_villa,crystal_palace,1,0.1397800274734132,0.14015943137846185,-0.0003794039050486475
2022-05-22|20260611|9f2e086d39ae4b855ba21604367109e8e9ce00f96010c5ec65c380d317986abc,9c914292bbc6585a,2021/22,2021/22|2022W20,2022-05-22,2022-05-22,2022-05-16,6,norwich,tottenham,2,0.021174352991046797,0.020970007449267053,0.0002043455417797442
2023-11-12|20260611|9f2e086d39ae4b855ba21604367109e8e9ce00f96010c5ec65c380d317986abc,9cceb4ead3233c2f,2023/24,2023/24|2023W45,2023-11-12,2023-11-12,2023-11-06,6,brighton,sheffield_united,1,0.3178497933294025,0.31664758180709857,0.001202211522303931
2020-09-26|20260611|9f2e086d39ae4b855ba21604367109e8e9ce00f96010c5ec65c380d317986abc,9ceea4061830848e,2020/21,2020/21|2020W39,2020-09-26,2020-09-26,2020-09-21,5,west_brom,chelsea,1,0.2224682985874984,0.22243038867742643,3.790991007196487e-05
2020-12-17|20260611|9f2e086d39ae4b855ba21604367109e8e9ce00f96010c5ec65c380d317986abc,9cfa2f53b37ae385,2020/21,2020/21|2020W51,2020-12-17,2020-12-17,2020-12-15,2,sheffield_united,man_united,2,0.10085184034611008,0.10048479504223226,0.0003670453038778221
2021-04-11|20260611|9f2e086d39ae4b855ba21604367109e8e9ce00f96010c5ec65c380d317986abc,9d0562b6c7cfef88,2020/21,2020/21|2021W14,2021-04-11,2021-04-11,2021-04-05,6,west_ham,leicester,0,0.3062042978525714,0.3099576776658196,-0.003753379813248192
2024-05-19|20260611|9f2e086d39ae4b855ba21604367109e8e9ce00f96010c5ec65c380d317986abc,9d2dbad9213521a8,2023/24,2023/24|2024W20,2024-05-19,2024-05-19,2024-05-13,6,chelsea,bournemouth,0,0.07883906698349849,0.08122116292771625,-0.0023820959442177603
2024-11-30|20260611|9f2e086d39ae4b855ba21604367109e8e9ce00f96010c5ec65c380d317986abc,9d30714280910434,2024/25,2024/25|2024W48,2024-11-30,2024-11-30,2024-11-25,5,crystal_palace,newcastle,1,0.14218377522834746,0.1448969341305545,-0.0027131589022070246
2021-02-06|20260611|9f2e086d39ae4b855ba21604367109e8e9ce00f96010c5ec65c380d317986abc,9d307558e3619331,2020/21,2020/21|2021W05,2021-02-06,2021-02-06,2021-02-02,4,man_united,everton,1,0.2042149185906421,0.19341905998437425,0.01079585860626786
2022-08-27|20260611|9f2e086d39ae4b855ba21604367109e8e9ce00f96010c5ec65c380d317986abc,9d66e6e55a604125,2022/23,2022/23|2022W34,2022-08-27,2022-08-27,2022-08-22,5,southampton,man_united,2,0.14326943197924166,0.15154462346040018,-0.008275191481158517
2025-02-02|20260611|9f2e086d39ae4b855ba21604367109e8e9ce00f96010c5ec65c380d317986abc,9d80cb55fc15be58,2024/25,2024/25|2025W05,2025-02-02,2025-02-02,2025-02-01,1,man_united,crystal_palace,2,0.3522144686514882,0.3486690489851645,0.0035454196663237125
2021-02-14|20260611|9f2e086d39ae4b855ba21604367109e8e9ce00f96010c5ec65c380d317986abc,9dd2d74b63c42681,2020/21,2020/21|2021W06,2021-02-14,2021-02-14,2021-02-08,6,southampton,wolves,2,0.2511477066238309,0.25026447847043426,0.0008832281533966424
2020-11-28|20260611|9f2e086d39ae4b855ba21604367109e8e9ce00f96010c5ec65c380d317986abc,9e1fd793430940a3,2020/21,2020/21|2020W48,2020-11-28,2020-11-28,2020-11-23,5,west_brom,sheffield_united,0,0.34319457883517107,0.34276697264099226,0.00042760619417880896
2022-10-30|20260611|9f2e086d39ae4b855ba21604367109e8e9ce00f96010c5ec65c380d317986abc,9e27815b48984a8b,2022/23,2022/23|2022W43,2022-10-30,2022-10-30,2022-10-24,6,arsenal,nottm_forest,0,0.022278391629248495,0.022959373387190486,-0.0006809817579419911
2022-08-27|20260611|9f2e086d39ae4b855ba21604367109e8e9ce00f96010c5ec65c380d317986abc,9e41a2f068007309,2022/23,2022/23|2022W34,2022-08-27,2022-08-27,2022-08-22,5,brighton,leeds,0,0.16958401184408545,0.17078046784632997,-0.0011964560022445225
2023-05-04|20260611|9f2e086d39ae4b855ba21604367109e8e9ce00f96010c5ec65c380d317986abc,9e543f812fa5cd7a,2022/23,2022/23|2023W18,2023-05-04,2023-05-04,2023-05-01,3,brighton,man_united,0,0.2503266424702562,0.25051290112629804,-0.00018625865604182668
2025-04-13|20260611|9f2e086d39ae4b855ba21604367109e8e9ce00f96010c5ec65c380d317986abc,9e78b1415314ba2c,2024/25,2024/25|2025W15,2025-04-13,2025-04-13,2025-04-07,6,newcastle,man_united,0,0.14934143992641252,0.15287020765185289,-0.0035287677254403627
2022-02-13|20260611|9f2e086d39ae4b855ba21604367109e8e9ce00f96010c5ec65c380d317986abc,9e7cfd15fade617a,2021/22,2021/22|2022W06,2022-02-13,2022-02-13,2022-02-08,5,tottenham,wolves,2,0.415540825518442,0.4210810585883273,-0.00554023306988527
2021-11-06|20260611|9f2e086d39ae4b855ba21604367109e8e9ce00f96010c5ec65c380d317986abc,9e92870c0d70e8bb,2021/22,2021/22|2021W44,2021-11-06,2021-11-06,2021-11-01,5,man_united,man_city,2,0.13206929030907566,0.13174969205380002,0.00031959825527563823
2024-03-16|20260611|9f2e086d39ae4b855ba21604367109e8e9ce00f96010c5ec65c380d317986abc,9ef1c39a162bd095,2023/24,2023/24|2024W11,2024-03-16,2024-03-16,2024-03-11,5,burnley,brentford,0,0.4192800970166862,0.41984444864988246,-0.0005643516331962362
2023-12-02|20260611|9f2e086d39ae4b855ba21604367109e8e9ce00f96010c5ec65c380d317986abc,9ef8472b297da714,2023/24,2023/24|2023W48,2023-12-02,2023-12-02,2023-11-27,5,brentford,luton,0,0.0585684579894785,0.058500133722376405,6.832426710209893e-05
2021-12-19|20260611|9f2e086d39ae4b855ba21604367109e8e9ce00f96010c5ec65c380d317986abc,9f5224f271911590,2021/22,2021/22|2021W50,2021-12-19,2021-12-19,2021-12-14,5,wolves,chelsea,1,0.15601663917562758,0.1624251918318088,-0.006408552656181232
2024-09-15|20260611|9f2e086d39ae4b855ba21604367109e8e9ce00f96010c5ec65c380d317986abc,9f71f4564d72eb5e,2024/25,2024/25|2024W37,2024-09-15,2024-09-15,2024-09-14,1,tottenham,arsenal,2,0.1195581441567181,0.1220572176858997,-0.002499073529181592
2024-05-19|20260611|9f2e086d39ae4b855ba21604367109e8e9ce00f96010c5ec65c380d317986abc,9f82f310674e5171,2023/24,2023/24|2024W20,2024-05-19,2024-05-19,2024-05-13,6,arsenal,everton,0,0.031169830835389243,0.030981773096870467,0.0001880577385187758
2020-02-29|20260611|9f2e086d39ae4b855ba21604367109e8e9ce00f96010c5ec65c380d317986abc,9f86fe0c5a2f8160,2019/20,2019/20|2020W09,2020-02-29,2020-02-29,2020-02-24,5,newcastle,burnley,1,0.12600190394926808,0.12546787589419728,0.000534028055070801
2023-01-14|20260611|9f2e086d39ae4b855ba21604367109e8e9ce00f96010c5ec65c380d317986abc,9f8e7b3addd6a5c4,2022/23,2022/23|2023W02,2023-01-14,2023-01-14,2023-01-12,2,nottm_forest,leicester,0,0.47183575123053945,0.4732899020038346,-0.0014541507732951375
2021-01-31|20260611|9f2e086d39ae4b855ba21604367109e8e9ce00f96010c5ec65c380d317986abc,9fdc96f97e9a923d,2020/21,2020/21|2021W04,2021-01-31,2021-01-31,2021-01-26,5,west_ham,liverpool,2,0.07891796052823624,0.08418098976377243,-0.00526302923553619
2022-02-19|20260611|9f2e086d39ae4b855ba21604367109e8e9ce00f96010c5ec65c380d317986abc,9fdfbf15a46df617,2021/22,2021/22|2022W07,2022-02-19,2022-02-19,2022-02-15,4,man_city,tottenham,2,0.6792030422530049,0.6786873602051207,0.0005156820478842139
2022-04-23|20260611|9f2e086d39ae4b855ba21604367109e8e9ce00f96010c5ec65c380d317986abc,9fefea4efcd5aac9,2021/22,2021/22|2022W16,2022-04-23,2022-04-23,2022-04-19,4,arsenal,man_united,0,0.2265062230774681,0.25077786597138746,-0.024271642893919365
2023-01-15|20260611|9f2e086d39ae4b855ba21604367109e8e9ce00f96010c5ec65c380d317986abc,9ffeadf1848b424c,2022/23,2022/23|2023W02,2023-01-15,2023-01-15,2023-01-12,3,chelsea,crystal_palace,0,0.08897492379381247,0.08722356230718502,0.0017513614866274535
2023-02-18|20260611|9f2e086d39ae4b855ba21604367109e8e9ce00f96010c5ec65c380d317986abc,a04f272b1ce0e964,2022/23,2022/23|2023W07,2023-02-18,2023-02-18,2023-02-13,5,aston_villa,arsenal,2,0.1379560381634781,0.13268097174001225,0.005275066423465841
2023-05-24|20260611|9f2e086d39ae4b855ba21604367109e8e9ce00f96010c5ec65c380d317986abc,a06fa2472a880bd8,2022/23,2022/23|2023W21,2023-05-24,2023-05-24,2023-05-22,2,brighton,man_city,1,0.2049316581204586,0.2045014436663403,0.0004302144541183106
2020-12-13|20260611|9f2e086d39ae4b855ba21604367109e8e9ce00f96010c5ec65c380d317986abc,a070aee57e5580d7,2020/21,2020/21|2020W50,2020-12-13,2020-12-13,2020-12-07,6,leicester,brighton,0,0.09035099962432973,0.09412031619695968,-0.003769316572629952
2022-03-13|20260611|9f2e086d39ae4b855ba21604367109e8e9ce00f96010c5ec65c380d317986abc,a07f6e2289a8da55,2021/22,2021/22|2022W10,2022-03-13,2022-03-13,2022-03-07,6,everton,wolves,2,0.22922002581621537,0.254275854588232,-0.02505582877201662
2021-03-07|20260611|9f2e086d39ae4b855ba21604367109e8e9ce00f96010c5ec65c380d317986abc,a084f26a132f10f6,2020/21,2020/21|2021W09,2021-03-07,2021-03-07,2021-03-01,6,man_city,man_united,2,0.5756252308178296,0.5716240915004964,0.004001139317333147
2019-10-05|20260611|9f2e086d39ae4b855ba21604367109e8e9ce00f96010c5ec65c380d317986abc,a0f66ca84ea4a474,2019/20,2019/20|2019W40,2019-10-05,2019-10-05,2019-09-30,5,norwich,aston_villa,2,0.3763024520567427,0.3764371251574737,-0.0001346731007310087
2019-12-08|20260611|9f2e086d39ae4b855ba21604367109e8e9ce00f96010c5ec65c380d317986abc,a1083340dfdbd55d,2019/20,2019/20|2019W49,2019-12-08,2019-12-08,2019-12-03,5,norwich,sheffield_united,2,0.14825740860830486,0.12598717030166887,0.022270238306635992
2020-12-20|20260611|9f2e086d39ae4b855ba21604367109e8e9ce00f96010c5ec65c380d317986abc,a123db744c88be47,2020/21,2020/21|2020W51,2020-12-20,2020-12-20,2020-12-15,5,man_united,leeds,0,0.06222785534369438,0.0500550131685433,0.012172842175151077
2023-09-03|20260611|9f2e086d39ae4b855ba21604367109e8e9ce00f96010c5ec65c380d317986abc,a1502fe10861b177,2023/24,2023/24|2023W35,2023-09-03,2023-09-03,2023-09-01,2,liverpool,aston_villa,0,0.07367179568386766,0.07320316307215852,0.0004686326117091383
2025-01-04|20260611|9f2e086d39ae4b855ba21604367109e8e9ce00f96010c5ec65c380d317986abc,a152a2217ed97873,2024/25,2024/25|2025W01,2025-01-04,2025-01-04,2024-12-30,5,brighton,arsenal,1,0.20358319098414487,0.20176860332816962,0.0018145876559752527
2022-10-15|20260611|9f2e086d39ae4b855ba21604367109e8e9ce00f96010c5ec65c380d317986abc,a1534d2235ae7f77,2022/23,2022/23|2022W41,2022-10-15,2022-10-15,2022-10-10,5,tottenham,everton,0,0.05472230706949279,0.055161784532099675,-0.000439477462606884
2024-08-17|20260611|9f2e086d39ae4b855ba21604367109e8e9ce00f96010c5ec65c380d317986abc,a153cc468f3b7a43,2024/25,2024/25|2024W33,2024-08-17,2024-08-17,2024-08-16,1,newcastle,southampton,0,0.04998204819052371,0.05008434797663847,-0.0001022997861147637
2024-03-31|20260611|9f2e086d39ae4b855ba21604367109e8e9ce00f96010c5ec65c380d317986abc,a163f5c766c137f3,2023/24,2023/24|2024W13,2024-03-31,2024-03-31,2024-03-30,1,man_city,arsenal,1,0.16936883449842144,0.17006851964320066,-0.0006996851447792218
2021-04-24|20260611|9f2e086d39ae4b855ba21604367109e8e9ce00f96010c5ec65c380d317986abc,a1736c7ec33a101b,2020/21,2020/21|2021W16,2021-04-24,2021-04-24,2021-04-19,5,sheffield_united,brighton,0,0.36311266434215594,0.35857227235279765,0.0045403919893582945
2021-11-07|20260611|9f2e086d39ae4b855ba21604367109e8e9ce00f96010c5ec65c380d317986abc,a1a193e8ef365cdd,2021/22,2021/22|2021W44,2021-11-07,2021-11-07,2021-11-01,6,west_ham,liverpool,0,0.48684626338098547,0.48466658629846915,0.002179677082516318
2019-08-24|20260611|9f2e086d39ae4b855ba21604367109e8e9ce00f96010c5ec65c380d317986abc,a1db727c50c1daf7,2019/20,2019/20|2019W34,2019-08-24,2019-08-24,2019-08-19,5,brighton,southampton,2,0.2975410557509215,0.29655127487831584,0.00098978087260565
2024-02-10|20260611|9f2e086d39ae4b855ba21604367109e8e9ce00f96010c5ec65c380d317986abc,a1f98f50d5e21344,2023/24,2023/24|2024W06,2024-02-10,2024-02-10,2024-02-05,5,wolves,brentford,2,0.2999246632554042,0.295944343082501,0.003980320172903173
2024-02-20|20260611|9f2e086d39ae4b855ba21604367109e8e9ce00f96010c5ec65c380d317986abc,a200e50f36a94899,2023/24,2023/24|2024W08,2024-02-20,2024-02-20,2024-02-19,1,man_city,brentford,0,0.02635010814825681,0.026341630947104504,8.477201152306407e-06
2022-02-26|20260611|9f2e086d39ae4b855ba21604367109e8e9ce00f96010c5ec65c380d317986abc,a209b4afd94aade1,2021/22,2021/22|2022W08,2022-02-26,2022-02-26,2022-02-23,3,everton,man_city,2,0.03024243398323879,0.0300284801231089,0.0002139538601298903
2024-02-24|20260611|9f2e086d39ae4b855ba21604367109e8e9ce00f96010c5ec65c380d317986abc,a22220e7f099227b,2023/24,2023/24|2024W08,2024-02-24,2024-02-24,2024-02-19,5,man_united,fulham,2,0.47286512371217526,0.4731175857559946,-0.0002524620438193459
2021-02-13|20260611|9f2e086d39ae4b855ba21604367109e8e9ce00f96010c5ec65c380d317986abc,a25efab0fd6ef7b2,2020/21,2020/21|2021W06,2021-02-13,2021-02-13,2021-02-08,5,leicester,liverpool,0,0.3967610662499106,0.3973104116583523,-0.0005493454084417038
2024-05-05|20260611|9f2e086d39ae4b855ba21604367109e8e9ce00f96010c5ec65c380d317986abc,a28297fc530ed5ed,2023/24,2023/24|2024W18,2024-05-05,2024-05-05,2024-05-02,3,chelsea,west_ham,0,0.12694528031927624,0.13253745336689648,-0.005592173047620247
2024-10-27|20260611|9f2e086d39ae4b855ba21604367109e8e9ce00f96010c5ec65c380d317986abc,a29d931373defbaf,2024/25,2024/25|2024W43,2024-10-27,2024-10-27,2024-10-21,6,crystal_palace,tottenham,0,0.3515586104570913,0.3409298750296563,0.010628735427434977
2021-12-05|20260611|9f2e086d39ae4b855ba21604367109e8e9ce00f96010c5ec65c380d317986abc,a2c599015bb5b26c,2021/22,2021/22|2021W48,2021-12-05,2021-12-05,2021-11-30,5,tottenham,norwich,0,0.025919120509926657,0.025418487194166797,0.0005006333157598596
2022-04-30|20260611|9f2e086d39ae4b855ba21604367109e8e9ce00f96010c5ec65c380d317986abc,a34e30488ba18ae0,2021/22,2021/22|2022W17,2022-04-30,2022-04-30,2022-04-25,5,aston_villa,norwich,0,0.054958891997067716,0.055074123221570084,-0.00011523122450236845
2023-05-28|20260611|9f2e086d39ae4b855ba21604367109e8e9ce00f96010c5ec65c380d317986abc,a352dffd050f11cb,2022/23,2022/23|2023W21,2023-05-28,2023-05-28,2023-05-22,6,crystal_palace,nottm_forest,1,0.16087356933777425,0.16098533448485947,-0.00011176514708521879
2023-10-29|20260611|9f2e086d39ae4b855ba21604367109e8e9ce00f96010c5ec65c380d317986abc,a3aa3931f40fc884,2023/24,2023/24|2023W43,2023-10-29,2023-10-29,2023-10-23,6,man_united,man_city,2,0.09710805262196366,0.0964164328298665,0.0006916197920971562
2023-10-07|20260611|9f2e086d39ae4b855ba21604367109e8e9ce00f96010c5ec65c380d317986abc,a3ad554c260e3520,2023/24,2023/24|2023W40,2023-10-07,2023-10-07,2023-10-02,5,luton,tottenham,2,0.03601692141241301,0.04766142308098705,-0.011644501668574045
2024-08-25|20260611|9f2e086d39ae4b855ba21604367109e8e9ce00f96010c5ec65c380d317986abc,a3ca5d190465fce7,2024/25,2024/25|2024W34,2024-08-25,2024-08-25,2024-08-19,6,liverpool,brentford,0,0.04578976585259166,0.046201157958917015,-0.0004113921063253548
2025-02-22|20260611|9f2e086d39ae4b855ba21604367109e8e9ce00f96010c5ec65c380d317986abc,a3e1b35a3d3b12d0,2024/25,2024/25|2025W08,2025-02-22,2025-02-22,2025-02-19,3,everton,man_united,1,0.12503600466402626,0.12503474147018004,1.2631938462182024e-06
2020-12-27|20260611|9f2e086d39ae4b855ba21604367109e8e9ce00f96010c5ec65c380d317986abc,a3fab37e4c13af3f,2020/21,2020/21|2020W52,2020-12-27,2020-12-27,2020-12-21,6,west_ham,brighton,1,0.16137791884911246,0.16392875660023973,-0.0025508377511272717
2024-04-27|20260611|9f2e086d39ae4b855ba21604367109e8e9ce00f96010c5ec65c380d317986abc,a4025c96a73fb7b5,2023/24,2023/24|2024W17,2024-04-27,2024-04-27,2024-04-23,4,west_ham,liverpool,1,0.2061587530355345,0.21393830829666408,-0.007779555261129584
2021-03-02|20260611|9f2e086d39ae4b855ba21604367109e8e9ce00f96010c5ec65c380d317986abc,a43231587997e851,2020/21,2020/21|2021W09,2021-03-02,2021-03-02,2021-03-01,1,man_city,wolves,0,0.0329400742481477,0.033051241063239985,-0.00011116681509228815
2020-07-26|20260611|9f2e086d39ae4b855ba21604367109e8e9ce00f96010c5ec65c380d317986abc,a471cdf36f8ee3e6,2019/20,2019/20|2020W30,2020-07-26,2020-07-26,2020-07-20,6,burnley,brighton,2,0.4511570072070466,0.45055785897341166,0.0005991482336349385
2023-11-12|20260611|9f2e086d39ae4b855ba21604367109e8e9ce00f96010c5ec65c380d317986abc,a4830299e9b5a5ee,2023/24,2023/24|2023W45,2023-11-12,2023-11-12,2023-11-06,6,chelsea,man_city,1,0.20259281742119328,0.20903841826079061,-0.006445600839597332
2020-07-07|20260611|9f2e086d39ae4b855ba21604367109e8e9ce00f96010c5ec65c380d317986abc,a491b43f4d7a2e90,2019/20,2019/20|2020W28,2020-07-07,2020-07-07,2020-07-06,1,arsenal,leicester,1,0.15200682400643212,0.1516963226114698,0.00031050139496230367
2021-01-16|20260611|9f2e086d39ae4b855ba21604367109e8e9ce00f96010c5ec65c380d317986abc,a4a10da8fe825263,2020/21,2020/21|2021W02,2021-01-16,2021-01-16,2021-01-12,4,west_ham,burnley,0,0.16283467619478859,0.16462205547145467,-0.0017873792766660845
2019-11-30|20260611|9f2e086d39ae4b855ba21604367109e8e9ce00f96010c5ec65c380d317986abc,a4a1ecdafbb25e55,2019/20,2019/20|2019W48,2019-11-30,2019-11-30,2019-11-25,5,southampton,watford,0,0.18213660159085734,0.182849003431632,-0.0007124018407746457
2022-08-07|20260611|9f2e086d39ae4b855ba21604367109e8e9ce00f96010c5ec65c380d317986abc,a4cf5d813818b3e5,2022/23,2022/23|2022W31,2022-08-07,2022-08-07,2022-08-05,2,man_united,brighton,2,0.4333090223924365,0.43122647306215456,0.0020825493302819575
2024-12-22|20260611|9f2e086d39ae4b855ba21604367109e8e9ce00f96010c5ec65c380d317986abc,a52e10ae3a5f545a,2024/25,2024/25|2024W51,2024-12-22,2024-12-22,2024-12-16,6,leicester,wolves,2,0.3625992308841702,0.3654157726007834,-0.002816541716613219
2021-08-14|20260611|9f2e086d39ae4b855ba21604367109e8e9ce00f96010c5ec65c380d317986abc,a5541a92b8a16cd5,2021/22,2021/22|2021W32,2021-08-14,2021-08-14,2021-08-13,1,norwich,liverpool,2,0.018945392531057797,0.0194508320062864,-0.0005054394752286029
2021-08-14|20260611|9f2e086d39ae4b855ba21604367109e8e9ce00f96010c5ec65c380d317986abc,a5745831eccb18f4,2021/22,2021/22|2021W32,2021-08-14,2021-08-14,2021-08-13,1,watford,aston_villa,0,0.35841085353912056,0.35926687945896785,-0.0008560259198472919
2024-09-01|20260611|9f2e086d39ae4b855ba21604367109e8e9ce00f96010c5ec65c380d317986abc,a5c66cc559083256,2024/25,2024/25|2024W35,2024-09-01,2024-09-01,2024-08-31,1,newcastle,tottenham,0,0.18656202756849927,0.1857271101840625,0.0008349173844367785
2020-07-19|20260611|9f2e086d39ae4b855ba21604367109e8e9ce00f96010c5ec65c380d317986abc,a5dfea9d578d0fac,2019/20,2019/20|2020W29,2020-07-19,2020-07-19,2020-07-13,6,tottenham,leicester,0,0.14773746915158686,0.14509401342362602,0.0026434557279608473
2025-01-25|20260611|9f2e086d39ae4b855ba21604367109e8e9ce00f96010c5ec65c380d317986abc,a6130c360402a264,2024/25,2024/25|2025W04,2025-01-25,2025-01-25,2025-01-20,5,bournemouth,nottm_forest,0,0.22393036277050496,0.22422992496972563,-0.00029956219922067095
2020-07-05|20260611|9f2e086d39ae4b855ba21604367109e8e9ce00f96010c5ec65c380d317986abc,a616d2e8f3e5f62c,2019/20,2019/20|2020W27,2020-07-05,2020-07-05,2020-06-29,6,liverpool,aston_villa,0,0.004378914648004249,0.0036942181698948542,0.0006846964781093944
2021-04-23|20260611|9f2e086d39ae4b855ba21604367109e8e9ce00f96010c5ec65c380d317986abc,a619617a1ff290b8,2020/21,2020/21|2021W16,2021-04-23,2021-04-23,2021-04-19,4,arsenal,everton,2,0.4178841393901753,0.4166999980081513,0.001184141382024051
2024-10-05|20260611|9f2e086d39ae4b855ba21604367109e8e9ce00f96010c5ec65c380d317986abc,a628569bf2a7dd8a,2024/25,2024/25|2024W40,2024-10-05,2024-10-05,2024-09-30,5,brentford,wolves,0,0.13229317059018023,0.1323769625439367,-8.379195375646242e-05
2024-02-04|20260611|9f2e086d39ae4b855ba21604367109e8e9ce00f96010c5ec65c380d317986abc,a67e63be0491b675,2023/24,2023/24|2024W05,2024-02-04,2024-02-04,2024-01-30,5,chelsea,wolves,2,0.4571358709464309,0.4583003441229712,-0.001164473176540337
2020-12-06|20260611|9f2e086d39ae4b855ba21604367109e8e9ce00f96010c5ec65c380d317986abc,a6cf80e61af35a3d,2020/21,2020/21|2020W49,2020-12-06,2020-12-06,2020-11-30,6,tottenham,arsenal,0,0.13306319849378723,0.13170031226660123,0.0013628862271859998
2023-03-18|20260611|9f2e086d39ae4b855ba21604367109e8e9ce00f96010c5ec65c380d317986abc,a6fe43e476a10788,2022/23,2022/23|2023W11,2023-03-18,2023-03-18,2023-03-15,3,brentford,leicester,1,0.16118148075999525,0.15834870314698565,0.002832777613009596
2020-12-05|20260611|9f2e086d39ae4b855ba21604367109e8e9ce00f96010c5ec65c380d317986abc,a70e8fc5836e91da,2020/21,2020/21|2020W49,2020-12-05,2020-12-05,2020-11-30,5,west_ham,man_united,2,0.17152317497663344,0.1691678426932325,0.0023553322834009294
2022-04-21|20260611|9f2e086d39ae4b855ba21604367109e8e9ce00f96010c5ec65c380d317986abc,a7360f0f8d3867bf,2021/22,2021/22|2022W16,2022-04-21,2022-04-21,2022-04-19,2,burnley,southampton,0,0.26803596020300907,0.2687744679949392,-0.0007385077919301319
2021-10-23|20260611|9f2e086d39ae4b855ba21604367109e8e9ce00f96010c5ec65c380d317986abc,a741c4d09ad7fea1,2021/22,2021/22|2021W42,2021-10-23,2021-10-23,2021-10-18,5,crystal_palace,newcastle,1,0.14182297850357198,0.14018260932862742,0.0016403691749445615
2023-09-02|20260611|9f2e086d39ae4b855ba21604367109e8e9ce00f96010c5ec65c380d317986abc,a74f77ec5f5b83d6,2023/24,2023/24|2023W35,2023-09-02,2023-09-02,2023-09-01,1,brentford,bournemouth,1,0.24108031962243248,0.24095011644513367,0.00013020317729880992
2021-12-02|20260611|9f2e086d39ae4b855ba21604367109e8e9ce00f96010c5ec65c380d317986abc,a759ee36688a77bc,2021/22,2021/22|2021W48,2021-12-02,2021-12-02,2021-11-30,2,man_united,arsenal,0,0.18195825144067657,0.18118734239569212,0.0007709090449844469
2019-09-29|20260611|9f2e086d39ae4b855ba21604367109e8e9ce00f96010c5ec65c380d317986abc,a7611b722c486d25,2019/20,2019/20|2019W39,2019-09-29,2019-09-29,2019-09-28,1,leicester,newcastle,0,0.14889196065994117,0.1499025032147415,-0.00101054255480032
2022-10-22|20260611|9f2e086d39ae4b855ba21604367109e8e9ce00f96010c5ec65c380d317986abc,a77a3c5f20bbd557,2022/23,2022/23|2022W42,2022-10-22,2022-10-22,2022-10-18,4,everton,crystal_palace,0,0.2684224841967962,0.2616134587781377,0.006809025418658521
2021-01-27|20260611|9f2e086d39ae4b855ba21604367109e8e9ce00f96010c5ec65c380d317986abc,a77af213be7bb8c4,2020/21,2020/21|2021W04,2021-01-27,2021-01-27,2021-01-26,1,man_united,sheffield_united,2,0.6874673008853309,0.690466225851075,-0.002998924965744054
2025-02-26|20260611|9f2e086d39ae4b855ba21604367109e8e9ce00f96010c5ec65c380d317986abc,a7ec79a9caf9c98c,2024/25,2024/25|2025W09,2025-02-26,2025-02-26,2025-02-25,1,tottenham,man_city,2,0.11971945690658425,0.11852512392453252,0.0011943329820517379
2025-01-26|20260611|9f2e086d39ae4b855ba21604367109e8e9ce00f96010c5ec65c380d317986abc,a80ae415fb11eba1,2024/25,2024/25|2025W04,2025-01-26,2025-01-26,2025-01-20,6,aston_villa,west_ham,1,0.18638534962723186,0.18533844297914426,0.0010469066480875977
2024-02-10|20260611|9f2e086d39ae4b855ba21604367109e8e9ce00f96010c5ec65c380d317986abc,a81386948a6c5e7e,2023/24,2023/24|2024W06,2024-02-10,2024-02-10,2024-02-05,5,luton,sheffield_united,2,0.613358156303146,0.6141981657626516,-0.0008400094595055752
2025-04-05|20260611|9f2e086d39ae4b855ba21604367109e8e9ce00f96010c5ec65c380d317986abc,a820fa5215c858bd,2024/25,2024/25|2025W14,2025-04-05,2025-04-05,2025-04-01,4,crystal_palace,brighton,0,0.2343516537120865,0.24120569909653128,-0.006854045384444785
2021-05-08|20260611|9f2e086d39ae4b855ba21604367109e8e9ce00f96010c5ec65c380d317986abc,a867ad137a5f9184,2020/21,2020/21|2021W18,2021-05-08,2021-05-08,2021-05-03,5,liverpool,southampton,0,0.03525379311240724,0.0349051200718481,0.0003486730405591401
2025-01-04|20260611|9f2e086d39ae4b855ba21604367109e8e9ce00f96010c5ec65c380d317986abc,a917816587e873a7,2024/25,2024/25|2025W01,2025-01-04,2025-01-04,2024-12-30,5,southampton,brentford,2,0.11521987529607618,0.11311856946530227,0.0021013058307739058
2020-06-19|20260611|9f2e086d39ae4b855ba21604367109e8e9ce00f96010c5ec65c380d317986abc,a94f5fdcd44d582a,2019/20,2019/20|2020W25,2020-06-19,2020-06-19,2020-06-17,2,norwich,southampton,2,0.22756515154595602,0.2268526881550703,0.000712463390885737
2023-12-27|20260611|9f2e086d39ae4b855ba21604367109e8e9ce00f96010c5ec65c380d317986abc,a967c8a5ef5d5b46,2023/24,2023/24|2023W52,2023-12-27,2023-12-27,2023-12-26,1,brentford,wolves,2,0.45959775895017796,0.4600765234794767,-0.00047876452929873636
2025-01-04|20260611|9f2e086d39ae4b855ba21604367109e8e9ce00f96010c5ec65c380d317986abc,a9aa518dbf4e01a0,2024/25,2024/25|2025W01,2025-01-04,2025-01-04,2024-12-30,5,aston_villa,leicester,0,0.08743910227212802,0.08656551468713528,0.0008735875849927438
2021-01-27|20260611|9f2e086d39ae4b855ba21604367109e8e9ce00f96010c5ec65c380d317986abc,a9ada7a19d87bd3d,2020/21,2020/21|2021W04,2021-01-27,2021-01-27,2021-01-26,1,chelsea,wolves,1,0.1681464413932234,0.16942830769760708,-0.0012818663043836775
2024-03-02|20260611|9f2e086d39ae4b855ba21604367109e8e9ce00f96010c5ec65c380d317986abc,a9b646e181c3c9d5,2023/24,2023/24|2024W09,2024-03-02,2024-03-02,2024-02-26,5,everton,west_ham,2,0.26801637691325303,0.2759734719547292,-0.007957095041476181
2019-12-07|20260611|9f2e086d39ae4b855ba21604367109e8e9ce00f96010c5ec65c380d317986abc,a9c3728e60a54b70,2019/20,2019/20|2019W49,2019-12-07,2019-12-07,2019-12-03,4,watford,crystal_palace,1,0.13672136856908526,0.1364032384198013,0.0003181301492839739
2021-05-09|20260611|9f2e086d39ae4b855ba21604367109e8e9ce00f96010c5ec65c380d317986abc,a9fe26455b3a5ae8,2020/21,2020/21|2021W18,2021-05-09,2021-05-09,2021-05-03,6,west_ham,everton,2,0.3371714102635925,0.33350245709933524,0.0036689531642572493
2021-03-07|20260611|9f2e086d39ae4b855ba21604367109e8e9ce00f96010c5ec65c380d317986abc,aa33a0a83b6b6c3d,2020/21,2020/21|2021W09,2021-03-07,2021-03-07,2021-03-01,6,west_brom,newcastle,1,0.13745518133743045,0.13664162298753968,0.000813558349890775
2024-03-02|20260611|9f2e086d39ae4b855ba21604367109e8e9ce00f96010c5ec65c380d317986abc,aa8e44a75dbcd98c,2023/24,2023/24|2024W09,2024-03-02,2024-03-02,2024-02-26,5,fulham,brighton,0,0.27869895586044846,0.27911695864230446,-0.00041800278185599726
2019-12-22|20260611|9f2e086d39ae4b855ba21604367109e8e9ce00f96010c5ec65c380d317986abc,aac4393adb1b5033,2019/20,2019/20|2019W51,2019-12-22,2019-12-22,2019-12-16,6,tottenham,chelsea,2,0.38334014774961495,0.384779656669142,-0.0014395089195270439
2022-05-07|20260611|9f2e086d39ae4b855ba21604367109e8e9ce00f96010c5ec65c380d317986abc,aadc4ee30dfd6a35,2021/22,2021/22|2022W18,2022-05-07,2022-05-07,2022-05-02,5,brighton,man_united,0,0.3979945755646045,0.3901681371976885,0.007826438366915989
2023-05-03|20260611|9f2e086d39ae4b855ba21604367109e8e9ce00f96010c5ec65c380d317986abc,aade8f65f49c5734,2022/23,2022/23|2023W18,2023-05-03,2023-05-03,2023-05-01,2,liverpool,fulham,0,0.04373554322047343,0.043622189378257265,0.0001133538422161684
2025-02-27|20260611|9f2e086d39ae4b855ba21604367109e8e9ce00f96010c5ec65c380d317986abc,aae60e1d0355496c,2024/25,2024/25|2025W09,2025-02-27,2025-02-27,2025-02-25,2,west_ham,leicester,0,0.1308115522985297,0.13228413322787172,-0.0014725809293420211
2024-02-03|20260611|9f2e086d39ae4b855ba21604367109e8e9ce00f96010c5ec65c380d317986abc,ab122efed1e73490,2023/24,2023/24|2024W05,2024-02-03,2024-02-03,2024-01-30,4,brighton,crystal_palace,0,0.12627918707098282,0.11427200049348558,0.012007186577497234
2024-11-09|20260611|9f2e086d39ae4b855ba21604367109e8e9ce00f96010c5ec65c380d317986abc,ab288f731b657c82,2024/25,2024/25|2024W45,2024-11-09,2024-11-09,2024-11-04,5,brentford,bournemouth,0,0.1741099313453358,0.16985644818778006,0.004253483157555749
2023-04-08|20260611|9f2e086d39ae4b855ba21604367109e8e9ce00f96010c5ec65c380d317986abc,ab2d1197b6c637ca,2022/23,2022/23|2023W14,2023-04-08,2023-04-08,2023-04-03,5,leicester,bournemouth,2,0.5406263323901732,0.5358875703962379,0.004738761993935303
2020-12-17|20260611|9f2e086d39ae4b855ba21604367109e8e9ce00f96010c5ec65c380d317986abc,ab5f19861688ad5b,2020/21,2020/21|2020W51,2020-12-17,2020-12-17,2020-12-15,2,aston_villa,burnley,1,0.13436178705033025,0.1344623772123445,-0.00010059016201424686
2022-03-05|20260611|9f2e086d39ae4b855ba21604367109e8e9ce00f96010c5ec65c380d317986abc,ab6aef6346c92030,2021/22,2021/22|2022W09,2022-03-05,2022-03-05,2022-03-01,4,liverpool,west_ham,0,0.05400289731306726,0.053851226133728246,0.00015167117933901492
2021-05-23|20260611|9f2e086d39ae4b855ba21604367109e8e9ce00f96010c5ec65c380d317986abc,ab6fc06ff5a691a5,2020/21,2020/21|2021W20,2021-05-23,2021-05-23,2021-05-18,5,wolves,man_united,2,0.12914208542078087,0.12930212677927905,-0.00016004135849817525
2025-05-25|20260611|9f2e086d39ae4b855ba21604367109e8e9ce00f96010c5ec65c380d317986abc,ab80d8c9d1607703,2024/25,2024/25|2025W21,2025-05-25,2025-05-25,2025-05-19,6,liverpool,crystal_palace,1,0.23877099947304004,0.2450824230097032,-0.006311423536663169
2020-11-08|20260611|9f2e086d39ae4b855ba21604367109e8e9ce00f96010c5ec65c380d317986abc,abaa79bb3db9ccc2,2020/21,2020/21|2020W45,2020-11-08,2020-11-08,2020-11-02,6,arsenal,aston_villa,2,0.57655629631354,0.5694583721392755,0.007097924174264469
2021-01-17|20260611|9f2e086d39ae4b855ba21604367109e8e9ce00f96010c5ec65c380d317986abc,abd7167b84b765d7,2020/21,2020/21|2021W02,2021-01-17,2021-01-17,2021-01-12,5,sheffield_united,tottenham,2,0.08574504924770719,0.0785078955865586,0.00723715366114859
2023-05-28|20260611|9f2e086d39ae4b855ba21604367109e8e9ce00f96010c5ec65c380d317986abc,ac1cf325f6c73d4c,2022/23,2022/23|2023W21,2023-05-28,2023-05-28,2023-05-22,6,man_united,fulham,0,0.1149871160236825,0.12282502175663626,-0.00783790573295376
2021-08-14|20260611|9f2e086d39ae4b855ba21604367109e8e9ce00f96010c5ec65c380d317986abc,ac3ee20b17c2f03d,2021/22,2021/22|2021W32,2021-08-14,2021-08-14,2021-08-13,1,chelsea,crystal_palace,0,0.05951520585384886,0.05992893535408489,-0.0004137295002360278
2025-03-16|20260611|9f2e086d39ae4b855ba21604367109e8e9ce00f96010c5ec65c380d317986abc,acc81af2dfe956a1,2024/25,2024/25|2025W11,2025-03-16,2025-03-16,2025-03-10,6,arsenal,chelsea,0,0.08716814907666012,0.0865053397012625,0.0006628093753976161
2022-08-20|20260611|9f2e086d39ae4b855ba21604367109e8e9ce00f96010c5ec65c380d317986abc,acfa224a213025aa,2022/23,2022/23|2022W33,2022-08-20,2022-08-20,2022-08-15,5,leicester,southampton,2,0.5253963651648605,0.5259487611327458,-0.0005523959678852552
2022-03-05|20260611|9f2e086d39ae4b855ba21604367109e8e9ce00f96010c5ec65c380d317986abc,ad39f1194e850aa2,2021/22,2021/22|2022W09,2022-03-05,2022-03-05,2022-03-01,4,newcastle,brighton,0,0.26419956352353063,0.26356364231044904,0.0006359212130815917
2022-01-23|20260611|9f2e086d39ae4b855ba21604367109e8e9ce00f96010c5ec65c380d317986abc,ad61adbcd8cf3923,2021/22,2021/22|2022W03,2022-01-23,2022-01-23,2022-01-18,5,crystal_palace,liverpool,2,0.0510092605400921,0.0518300556095093,-0.0008207950694172003
2021-01-14|20260611|9f2e086d39ae4b855ba21604367109e8e9ce00f96010c5ec65c380d317986abc,ad821fad5381a6c4,2020/21,2020/21|2021W02,2021-01-14,2021-01-14,2021-01-12,2,arsenal,crystal_palace,1,0.19464353565378606,0.1946361677991612,7.367854624851233e-06
2023-12-28|20260611|9f2e086d39ae4b855ba21604367109e8e9ce00f96010c5ec65c380d317986abc,ad8cd9b88cf78557,2023/24,2023/24|2023W52,2023-12-28,2023-12-28,2023-12-26,2,brighton,tottenham,0,0.2618818545110426,0.25980825666423313,0.002073597846809494
2022-09-18|20260611|9f2e086d39ae4b855ba21604367109e8e9ce00f96010c5ec65c380d317986abc,adf1d4b420efe4b9,2022/23,2022/23|2022W37,2022-09-18,2022-09-18,2022-09-16,2,brentford,arsenal,2,0.1894342881565101,0.18979943215606088,-0.0003651439995507877
2022-09-04|20260611|9f2e086d39ae4b855ba21604367109e8e9ce00f96010c5ec65c380d317986abc,ae163d204c6efc78,2022/23,2022/23|2022W35,2022-09-04,2022-09-04,2022-08-30,5,man_united,arsenal,0,0.26688457903253765,0.27641992308287067,-0.009535344050333017
2020-02-23|20260611|9f2e086d39ae4b855ba21604367109e8e9ce00f96010c5ec65c380d317986abc,ae41326db62d2c7f,2019/20,2019/20|2020W08,2020-02-23,2020-02-23,2020-02-17,6,arsenal,everton,0,0.13757746453431624,0.13826716977562453,-0.0006897052413082916
2024-04-03|20260611|9f2e086d39ae4b855ba21604367109e8e9ce00f96010c5ec65c380d317986abc,ae75ad2b103a55b0,2023/24,2023/24|2024W14,2024-04-03,2024-04-03,2024-04-02,1,man_city,aston_villa,0,0.05247209170392724,0.052910979431085456,-0.0004388877271582145
2023-03-12|20260611|9f2e086d39ae4b855ba21604367109e8e9ce00f96010c5ec65c380d317986abc,ae7e63f6bea9643a,2022/23,2022/23|2023W10,2023-03-12,2023-03-12,2023-03-06,6,newcastle,wolves,0,0.14451449677531852,0.14609327801815214,-0.0015787812428336157
2020-02-01|20260611|9f2e086d39ae4b855ba21604367109e8e9ce00f96010c5ec65c380d317986abc,ae9af4500cbd3d65,2019/20,2019/20|2020W05,2020-02-01,2020-02-01,2020-01-29,3,bournemouth,aston_villa,0,0.18632089634237167,0.18620263222226646,0.00011826412010521037
2024-03-03|20260611|9f2e086d39ae4b855ba21604367109e8e9ce00f96010c5ec65c380d317986abc,aeb88a4638995c88,2023/24,2023/24|2024W09,2024-03-03,2024-03-03,2024-02-26,6,man_city,man_united,0,0.05531032352267601,0.05538391905417301,-7.359553149700188e-05
2020-02-09|20260611|9f2e086d39ae4b855ba21604367109e8e9ce00f96010c5ec65c380d317986abc,aed835514b2820c1,2019/20,2019/20|2020W06,2020-02-09,2020-02-09,2020-02-08,1,sheffield_united,bournemouth,0,0.10541290112915004,0.10551549412148017,-0.0001025929923301333
2023-02-11|20260611|9f2e086d39ae4b855ba21604367109e8e9ce00f96010c5ec65c380d317986abc,aee84de93f6f4c77,2022/23,2022/23|2023W06,2023-02-11,2023-02-11,2023-02-08,3,west_ham,chelsea,1,0.1395421105246245,0.1393625646602248,0.0001795458643996939
2019-08-24|20260611|9f2e086d39ae4b855ba21604367109e8e9ce00f96010c5ec65c380d317986abc,aefe1033b739ff12,2019/20,2019/20|2019W34,2019-08-24,2019-08-24,2019-08-19,5,man_united,crystal_palace,2,0.5484675329720149,0.5481511364261594,0.0003163965458554685
2022-04-23|20260611|9f2e086d39ae4b855ba21604367109e8e9ce00f96010c5ec65c380d317986abc,af060e17012ea4c7,2021/22,2021/22|2022W16,2022-04-23,2022-04-23,2022-04-19,4,brentford,tottenham,1,0.16995562570568498,0.17091377261172452,-0.000958146906039542
2024-12-29|20260611|9f2e086d39ae4b855ba21604367109e8e9ce00f96010c5ec65c380d317986abc,af0aaf8cb5b62595,2024/25,2024/25|2024W52,2024-12-29,2024-12-29,2024-12-26,3,leicester,man_city,2,0.03805482813716945,0.036444490479353005,0.0016103376578164436
2024-04-14|20260611|9f2e086d39ae4b855ba21604367109e8e9ce00f96010c5ec65c380d317986abc,af1c0c667309cdb7,2023/24,2023/24|2024W15,2024-04-14,2024-04-14,2024-04-13,1,west_ham,fulham,2,0.3500400092182717,0.34752871331181967,0.002511295906452049
2023-10-03|20260611|9f2e086d39ae4b855ba21604367109e8e9ce00f96010c5ec65c380d317986abc,af27260e606d4bcc,2023/24,2023/24|2023W40,2023-10-03,2023-10-03,2023-10-02,1,luton,burnley,2,0.24950473659305292,0.25086765978984826,-0.001362923196795346
2022-02-09|20260611|9f2e086d39ae4b855ba21604367109e8e9ce00f96010c5ec65c380d317986abc,af5fdc0efb38aa20,2021/22,2021/22|2022W06,2022-02-09,2022-02-09,2022-02-08,1,norwich,crystal_palace,1,0.1692851773482536,0.1695143887576861,-0.00022921140943249485
2020-07-16|20260611|9f2e086d39ae4b855ba21604367109e8e9ce00f96010c5ec65c380d317986abc,af8a5d80b365915e,2019/20,2019/20|2020W29,2020-07-16,2020-07-16,2020-07-13,3,crystal_palace,man_united,2,0.1406401062449954,0.13751214310327764,0.00312796314171776
2025-04-22|20260611|9f2e086d39ae4b855ba21604367109e8e9ce00f96010c5ec65c380d317986abc,af8e1c2d3c34bd14,2024/25,2024/25|2025W17,2025-04-22,2025-04-22,2025-04-21,1,man_city,aston_villa,0,0.07558130610971286,0.07527669985922528,0.00030460625048758794
2024-02-10|20260611|9f2e086d39ae4b855ba21604367109e8e9ce00f96010c5ec65c380d317986abc,afd25289f82cc96f,2023/24,2023/24|2024W06,2024-02-10,2024-02-10,2024-02-05,5,tottenham,brighton,0,0.13898945275408203,0.13867850008497984,0.00031095266910219355
2020-09-26|20260611|9f2e086d39ae4b855ba21604367109e8e9ce00f96010c5ec65c380d317986abc,b00e4ede7c66af33,2020/21,2020/21|2020W39,2020-09-26,2020-09-26,2020-09-21,5,brighton,man_united,2,0.11325293553560499,0.11337448527099458,-0.00012154973538959502
2025-04-06|20260611|9f2e086d39ae4b855ba21604367109e8e9ce00f96010c5ec65c380d317986abc,b02f5adf99a0f3f1,2024/25,2024/25|2025W14,2025-04-06,2025-04-06,2025-04-01,5,brentford,chelsea,1,0.1475038761539425,0.14673971124944407,0.0007641649044984322
2024-02-01|20260611|9f2e086d39ae4b855ba21604367109e8e9ce00f96010c5ec65c380d317986abc,b088409fceaf9fc0,2023/24,2023/24|2024W05,2024-02-01,2024-02-01,2024-01-30,2,wolves,man_united,2,0.2220824471215842,0.2210391969042212,0.001043250217363012
2022-02-19|20260611|9f2e086d39ae4b855ba21604367109e8e9ce00f96010c5ec65c380d317986abc,b0a9d9c1b60b1e26,2021/22,2021/22|2022W07,2022-02-19,2022-02-19,2022-02-15,4,brighton,burnley,2,0.3922521270168034,0.3986460572655221,-0.006393930248718704
2021-04-24|20260611|9f2e086d39ae4b855ba21604367109e8e9ce00f96010c5ec65c380d317986abc,b0cd3cf8fcac23d0,2020/21,2020/21|2021W16,2021-04-24,2021-04-24,2021-04-19,5,west_ham,chelsea,2,0.20036819524899624,0.1966685888489348,0.0036996064000614504
2024-04-24|20260611|9f2e086d39ae4b855ba21604367109e8e9ce00f96010c5ec65c380d317986abc,b0e47eca9ff4f9da,2023/24,2023/24|2024W17,2024-04-24,2024-04-24,2024-04-23,1,wolves,bournemouth,2,0.35786119808350625,0.3564266345677882,0.0014345635157180237
2019-11-10|20260611|9f2e086d39ae4b855ba21604367109e8e9ce00f96010c5ec65c380d317986abc,b0fa071d84a62dfc,2019/20,2019/20|2019W45,2019-11-10,2019-11-10,2019-11-08,2,man_united,brighton,0,0.06607348705978601,0.06647823004666545,-0.0004047429868794389
2021-05-01|20260611|9f2e086d39ae4b855ba21604367109e8e9ce00f96010c5ec65c380d317986abc,b11f7c503996db59,2020/21,2020/21|2021W17,2021-05-01,2021-05-01,2021-04-26,5,brighton,leeds,0,0.3424807652112603,0.34284135503201446,-0.0003605898207541536
2021-05-19|20260611|9f2e086d39ae4b855ba21604367109e8e9ce00f96010c5ec65c380d317986abc,b15fc7d16ea3eb7c,2020/21,2020/21|2021W20,2021-05-19,2021-05-19,2021-05-18,1,west_brom,west_ham,2,0.11629368071168625,0.1170784266013909,-0.0007847458897046466
2021-05-23|20260611|9f2e086d39ae4b855ba21604367109e8e9ce00f96010c5ec65c380d317986abc,b16068df59a083ef,2020/21,2020/21|2021W20,2021-05-23,2021-05-23,2021-05-18,5,liverpool,crystal_palace,0,0.02998169811688001,0.033464790865873804,-0.003483092748993794
2025-05-18|20260611|9f2e086d39ae4b855ba21604367109e8e9ce00f96010c5ec65c380d317986abc,b1616e141171013c,2024/25,2024/25|2025W20,2025-05-18,2025-05-18,2025-05-16,2,leicester,ipswich,0,0.1949325109809498,0.19562011463094384,-0.0006876036499940397
2024-04-06|20260611|9f2e086d39ae4b855ba21604367109e8e9ce00f96010c5ec65c380d317986abc,b17447cb7e50d5a8,2023/24,2023/24|2024W14,2024-04-06,2024-04-06,2024-04-02,4,wolves,west_ham,2,0.2840280696658177,0.28593620708364015,-0.0019081374178224753
2019-12-29|20260611|9f2e086d39ae4b855ba21604367109e8e9ce00f96010c5ec65c380d317986abc,b18435aacd31cc70,2019/20,2019/20|2019W52,2019-12-29,2019-12-29,2019-12-26,3,arsenal,chelsea,2,0.27745589837396745,0.26162720337145207,0.01582869500251538
2020-07-04|20260611|9f2e086d39ae4b855ba21604367109e8e9ce00f96010c5ec65c380d317986abc,b1867443c6b8c9d0,2019/20,2019/20|2020W27,2020-07-04,2020-07-04,2020-06-29,5,man_united,bournemouth,0,0.03093298530490165,0.0381613461320008,-0.007228360827099149
2020-07-11|20260611|9f2e086d39ae4b855ba21604367109e8e9ce00f96010c5ec65c380d317986abc,b18b1fcdd1e56a8e,2019/20,2019/20|2020W28,2020-07-11,2020-07-11,2020-07-06,5,sheffield_united,chelsea,0,0.3069180978383114,0.3198842864320597,-0.012966188593748262
2023-01-22|20260611|9f2e086d39ae4b855ba21604367109e8e9ce00f96010c5ec65c380d317986abc,b1a1f0af3732f631,2022/23,2022/23|2023W03,2023-01-22,2023-01-22,2023-01-18,4,man_city,wolves,0,0.015356897405046852,0.015816947689810106,-0.0004600502847632547
2022-11-13|20260611|9f2e086d39ae4b855ba21604367109e8e9ce00f96010c5ec65c380d317986abc,b22e41e887bd835c,2022/23,2022/23|2022W45,2022-11-13,2022-11-13,2022-11-12,1,fulham,man_united,2,0.1614442857610474,0.16097630553814585,0.00046798022290156505
2022-03-06|20260611|9f2e086d39ae4b855ba21604367109e8e9ce00f96010c5ec65c380d317986abc,b2a82cdc4919f195,2021/22,2021/22|2022W09,2022-03-06,2022-03-06,2022-03-01,5,watford,arsenal,2,0.06914411131835545,0.06998848768851547,-0.0008443763701600215
2022-10-19|20260611|9f2e086d39ae4b855ba21604367109e8e9ce00f96010c5ec65c380d317986abc,b2b27271edfcfe26,2022/23,2022/23|2022W42,2022-10-19,2022-10-19,2022-10-18,1,bournemouth,southampton,2,0.2995793410400426,0.2988123417373666,0.0007669993026759858
2021-04-25|20260611|9f2e086d39ae4b855ba21604367109e8e9ce00f96010c5ec65c380d317986abc,b31c7f3de96a6ac9,2020/21,2020/21|2021W16,2021-04-25,2021-04-25,2021-04-19,6,wolves,burnley,2,0.41252232186144744,0.41223369332624643,0.0002886285352010076
2024-09-22|20260611|9f2e086d39ae4b855ba21604367109e8e9ce00f96010c5ec65c380d317986abc,b31db10c36531aba,2024/25,2024/25|2024W38,2024-09-22,2024-09-22,2024-09-21,1,brighton,nottm_forest,1,0.17245440418539626,0.1726342372618048,-0.00017983307640853652
2020-01-12|20260611|9f2e086d39ae4b855ba21604367109e8e9ce00f96010c5ec65c380d317986abc,b31e068f961040d5,2019/20,2019/20|2020W02,2020-01-12,2020-01-12,2020-01-10,2,bournemouth,watford,2,0.350417780576077,0.34955845902904104,0.0008593215470359405
2023-09-02|20260611|9f2e086d39ae4b855ba21604367109e8e9ce00f96010c5ec65c380d317986abc,b32616f922b1c580,2023/24,2023/24|2023W35,2023-09-02,2023-09-02,2023-09-01,1,man_city,fulham,0,0.017600774170128508,0.017685532357830054,-8.475818770154603e-05
2025-04-19|20260611|9f2e086d39ae4b855ba21604367109e8e9ce00f96010c5ec65c380d317986abc,b340bafbaa05e97b,2024/25,2024/25|2025W16,2025-04-19,2025-04-19,2025-04-14,5,aston_villa,newcastle,0,0.29545948435781316,0.2821550472979556,0.013304437059857566
2021-01-16|20260611|9f2e086d39ae4b855ba21604367109e8e9ce00f96010c5ec65c380d317986abc,b3670c02a8fa54c0,2020/21,2020/21|2021W02,2021-01-16,2021-01-16,2021-01-12,4,wolves,west_brom,2,0.6416368822283498,0.6519618557638236,-0.010324973535473791
2020-02-02|20260611|9f2e086d39ae4b855ba21604367109e8e9ce00f96010c5ec65c380d317986abc,b374461eb0d471dd,2019/20,2019/20|2020W05,2020-02-02,2020-02-02,2020-01-29,4,tottenham,man_city,0,0.44609082446072534,0.4444637500390345,0.001627074421690855
2024-03-09|20260611|9f2e086d39ae4b855ba21604367109e8e9ce00f96010c5ec65c380d317986abc,b37c2830e2d74b88,2023/24,2023/24|2024W10,2024-03-09,2024-03-09,2024-03-04,5,man_united,everton,0,0.10493863960643064,0.10438620063211204,0.0005524389743186003
2019-11-30|20260611|9f2e086d39ae4b855ba21604367109e8e9ce00f96010c5ec65c380d317986abc,b398eecdfc1bc98f,2019/20,2019/20|2019W48,2019-11-30,2019-11-30,2019-11-25,5,chelsea,west_ham,2,0.6389291420366403,0.6381861575296778,0.0007429845069625296
2022-10-29|20260611|9f2e086d39ae4b855ba21604367109e8e9ce00f96010c5ec65c380d317986abc,b3bd340bcc1e04e6,2022/23,2022/23|2022W43,2022-10-29,2022-10-29,2022-10-24,5,leicester,man_city,2,0.03981104116725305,0.03996671017272125,-0.00015566900546819945
2020-12-05|20260611|9f2e086d39ae4b855ba21604367109e8e9ce00f96010c5ec65c380d317986abc,b3e807b7fac325fd,2020/21,2020/21|2020W49,2020-12-05,2020-12-05,2020-11-30,5,burnley,everton,1,0.13134170867417122,0.13109860795905803,0.00024310071511318698
2023-12-30|20260611|9f2e086d39ae4b855ba21604367109e8e9ce00f96010c5ec65c380d317986abc,b415a308af6869fc,2023/24,2023/24|2023W52,2023-12-30,2023-12-30,2023-12-26,4,nottm_forest,man_united,0,0.4334054374184574,0.45220486619839445,-0.018799428779937066
2020-07-09|20260611|9f2e086d39ae4b855ba21604367109e8e9ce00f96010c5ec65c380d317986abc,b444607fb3583f60,2019/20,2019/20|2020W28,2020-07-09,2020-07-09,2020-07-06,3,aston_villa,man_united,2,0.06893966802851138,0.06856672330784945,0.00037294472066193296
2022-01-14|20260611|9f2e086d39ae4b855ba21604367109e8e9ce00f96010c5ec65c380d317986abc,b45bef24aa422c01,2021/22,2021/22|2022W02,2022-01-14,2022-01-14,2022-01-11,3,brighton,crystal_palace,1,0.13287034366023126,0.13286586453834504,4.479121886225013e-06
2020-07-21|20260611|9f2e086d39ae4b855ba21604367109e8e9ce00f96010c5ec65c380d317986abc,b468f1ce72c8aaef,2019/20,2019/20|2020W30,2020-07-21,2020-07-21,2020-07-20,1,aston_villa,arsenal,0,0.5216967169627507,0.5209886781081252,0.0007080388546254479
2023-11-12|20260611|9f2e086d39ae4b855ba21604367109e8e9ce00f96010c5ec65c380d317986abc,b494324b8b193a1e,2023/24,2023/24|2023W45,2023-11-12,2023-11-12,2023-11-06,6,liverpool,brentford,0,0.07528637019294226,0.07536502809027622,-7.865789733395301e-05
2021-05-19|20260611|9f2e086d39ae4b855ba21604367109e8e9ce00f96010c5ec65c380d317986abc,b4b6e6e63e094652,2020/21,2020/21|2021W20,2021-05-19,2021-05-19,2021-05-18,1,everton,wolves,0,0.22148523892424224,0.22123533520791222,0.00024990371633001884
2020-07-22|20260611|9f2e086d39ae4b855ba21604367109e8e9ce00f96010c5ec65c380d317986abc,b51f8446f27bd4e7,2019/20,2019/20|2020W30,2020-07-22,2020-07-22,2020-07-20,2,liverpool,chelsea,0,0.062127311777105,0.06269138782736572,-0.0005640760502607159
2025-04-06|20260611|9f2e086d39ae4b855ba21604367109e8e9ce00f96010c5ec65c380d317986abc,b52d3c84ed7b5734,2024/25,2024/25|2025W14,2025-04-06,2025-04-06,2025-04-01,5,fulham,liverpool,0,0.5377120491625116,0.5351851401899972,0.0025269089725143967
2025-04-20|20260611|9f2e086d39ae4b855ba21604367109e8e9ce00f96010c5ec65c380d317986abc,b54c6a8485fc01f5,2024/25,2024/25|2025W16,2025-04-20,2025-04-20,2025-04-14,6,ipswich,arsenal,2,0.022270415160918607,0.021861839724569003,0.0004085754363496036
2019-11-30|20260611|9f2e086d39ae4b855ba21604367109e8e9ce00f96010c5ec65c380d317986abc,b57ecf2e3a6b1687,2019/20,2019/20|2019W48,2019-11-30,2019-11-30,2019-11-25,5,newcastle,man_city,1,0.2637487710017163,0.25702797686820605,0.006720794133510233
2022-05-22|20260611|9f2e086d39ae4b855ba21604367109e8e9ce00f96010c5ec65c380d317986abc,b58f41913e516915,2021/22,2021/22|2022W20,2022-05-22,2022-05-22,2022-05-16,6,chelsea,watford,0,0.015589399507640638,0.01510583610956304,0.000483563398077598
2023-12-23|20260611|9f2e086d39ae4b855ba21604367109e8e9ce00f96010c5ec65c380d317986abc,b59c94cf43ca22fd,2023/24,2023/24|2023W51,2023-12-23,2023-12-23,2023-12-21,2,nottm_forest,bournemouth,2,0.29222401984990926,0.2928665661322805,-0.0006425462823712591
2023-01-21|20260611|9f2e086d39ae4b855ba21604367109e8e9ce00f96010c5ec65c380d317986abc,b5bc06eb3aa597ec,2022/23,2022/23|2023W03,2023-01-21,2023-01-21,2023-01-18,3,crystal_palace,newcastle,1,0.13166522040735365,0.13262453028640012,-0.000959309879046466
2024-11-10|20260611|9f2e086d39ae4b855ba21604367109e8e9ce00f96010c5ec65c380d317986abc,b5c70cb56069507c,2024/25,2024/25|2024W45,2024-11-10,2024-11-10,2024-11-04,6,chelsea,arsenal,1,0.15691281868725343,0.157332292116674,-0.0004194734294205582
2023-04-21|20260611|9f2e086d39ae4b855ba21604367109e8e9ce00f96010c5ec65c380d317986abc,b61bd11c8fd31f31,2022/23,2022/23|2023W16,2023-04-21,2023-04-21,2023-04-17,4,arsenal,southampton,1,0.3267139282130824,0.3278566364686153,-0.001142708255532865
2019-11-09|20260611|9f2e086d39ae4b855ba21604367109e8e9ce00f96010c5ec65c380d317986abc,b634e0a2b35d01fa,2019/20,2019/20|2019W45,2019-11-09,2019-11-09,2019-11-08,1,chelsea,crystal_palace,0,0.07817937574589967,0.07807394870954903,0.000105427036350636
2022-03-13|20260611|9f2e086d39ae4b855ba21604367109e8e9ce00f96010c5ec65c380d317986abc,b64fb78be7dc04c7,2021/22,2021/22|2022W10,2022-03-13,2022-03-13,2022-03-07,6,southampton,watford,2,0.4750449112015884,0.46376849463966574,0.011276416561922686
2020-11-07|20260611|9f2e086d39ae4b855ba21604367109e8e9ce00f96010c5ec65c380d317986abc,b65a1690a29504b1,2020/21,2020/21|2020W45,2020-11-07,2020-11-07,2020-11-02,5,everton,man_united,2,0.19419547007168195,0.1942347998757164,-3.932980403445474e-05
2024-03-02|20260611|9f2e086d39ae4b855ba21604367109e8e9ce00f96010c5ec65c380d317986abc,b6bdd157ada12362,2023/24,2023/24|2024W09,2024-03-02,2024-03-02,2024-02-26,5,newcastle,wolves,0,0.12039209927341459,0.12070573301955545,-0.00031363374614086503
2021-12-11|20260611|9f2e086d39ae4b855ba21604367109e8e9ce00f96010c5ec65c380d317986abc,b6c8e55f984a26ca,2021/22,2021/22|2021W49,2021-12-11,2021-12-11,2021-12-06,5,man_city,wolves,0,0.029589890964078804,0.02975786307488304,-0.00016797211080423619
2020-09-19|20260611|9f2e086d39ae4b855ba21604367109e8e9ce00f96010c5ec65c380d317986abc,b6ccd647b20e0c3a,2020/21,2020/21|2020W38,2020-09-19,2020-09-19,2020-09-14,5,arsenal,west_ham,0,0.07395010933489807,0.0732029590749997,0.0007471502598983687
2021-05-23|20260611|9f2e086d39ae4b855ba21604367109e8e9ce00f96010c5ec65c380d317986abc,b6f466975079de83,2020/21,2020/21|2021W20,2021-05-23,2021-05-23,2021-05-18,5,sheffield_united,burnley,0,0.36786432606790104,0.36652992389485306,0.0013344021730479771
2021-10-23|20260611|9f2e086d39ae4b855ba21604367109e8e9ce00f96010c5ec65c380d317986abc,b6fae8ce01557e2b,2021/22,2021/22|2021W42,2021-10-23,2021-10-23,2021-10-18,5,brighton,man_city,2,0.04518919547950145,0.045062605459701255,0.00012659001980019208
2020-06-20|20260611|9f2e086d39ae4b855ba21604367109e8e9ce00f96010c5ec65c380d317986abc,b7005403b2e596a4,2019/20,2019/20|2020W25,2020-06-20,2020-06-20,2020-06-17,3,brighton,arsenal,0,0.4339770809284418,0.43990823422172526,-0.005931153293283475
2023-02-25|20260611|9f2e086d39ae4b855ba21604367109e8e9ce00f96010c5ec65c380d317986abc,b70cb59b8ca3d404,2022/23,2022/23|2023W08,2023-02-25,2023-02-25,2023-02-24,1,crystal_palace,liverpool,1,0.20662084387939167,0.20662249718792045,-1.6533085287762095e-06
2024-04-03|20260611|9f2e086d39ae4b855ba21604367109e8e9ce00f96010c5ec65c380d317986abc,b761a30e533e6a88,2023/24,2023/24|2024W14,2024-04-03,2024-04-03,2024-04-02,1,arsenal,luton,0,0.012192446402970259,0.012329215102572249,-0.00013676869960198984
2019-12-28|20260611|9f2e086d39ae4b855ba21604367109e8e9ce00f96010c5ec65c380d317986abc,b79a892a2975d42d,2019/20,2019/20|2019W52,2019-12-28,2019-12-28,2019-12-26,2,west_ham,leicester,2,0.16691382190384443,0.16201804001236292,0.0048957818914815154
2024-12-21|20260611|9f2e086d39ae4b855ba21604367109e8e9ce00f96010c5ec65c380d317986abc,b7c23927b9bb63f6,2024/25,2024/25|2024W51,2024-12-21,2024-12-21,2024-12-16,5,brentford,nottm_forest,2,0.38912130156824665,0.3893770575982863,-0.0002557560300396333
2025-01-19|20260611|9f2e086d39ae4b855ba21604367109e8e9ce00f96010c5ec65c380d317986abc,b7cc0d40a018bdbd,2024/25,2024/25|2025W03,2025-01-19,2025-01-19,2025-01-14,5,ipswich,man_city,2,0.03180423298659625,0.03553389152195005,-0.0037296585353537998
2023-12-07|20260611|9f2e086d39ae4b855ba21604367109e8e9ce00f96010c5ec65c380d317986abc,b7f9585f5e6875b5,2023/24,2023/24|2023W49,2023-12-07,2023-12-07,2023-12-05,2,tottenham,west_ham,2,0.482413270415739,0.4789269569862433,0.00348631342949568
2024-10-05|20260611|9f2e086d39ae4b855ba21604367109e8e9ce00f96010c5ec65c380d317986abc,b836b34242de8911,2024/25,2024/25|2024W40,2024-10-05,2024-10-05,2024-09-30,5,arsenal,southampton,0,0.008053613486277651,0.009114829932257592,-0.0010612164459799407
2024-12-27|20260611|9f2e086d39ae4b855ba21604367109e8e9ce00f96010c5ec65c380d317986abc,b837fea83ac9f8a7,2024/25,2024/25|2024W52,2024-12-27,2024-12-27,2024-12-26,1,arsenal,ipswich,0,0.009028180312561244,0.009304228303657304,-0.00027604799109605914
2021-12-18|20260611|9f2e086d39ae4b855ba21604367109e8e9ce00f96010c5ec65c380d317986abc,b879b2aa4fd95249,2021/22,2021/22|2021W50,2021-12-18,2021-12-18,2021-12-14,4,leeds,arsenal,2,0.18843223800956427,0.2202810143245192,-0.03184877631495492
2020-07-04|20260611|9f2e086d39ae4b855ba21604367109e8e9ce00f96010c5ec65c380d317986abc,b881895aca7ad54f,2019/20,2019/20|2020W27,2020-07-04,2020-07-04,2020-06-29,5,chelsea,watford,0,0.048435107755919284,0.04600330556552091,0.0024318021903983744
2023-04-08|20260611|9f2e086d39ae4b855ba21604367109e8e9ce00f96010c5ec65c380d317986abc,b885602442832cc3,2022/23,2022/23|2023W14,2023-04-08,2023-04-08,2023-04-03,5,tottenham,brighton,0,0.13484100795300444,0.12555427034408045,0.009286737608923984
2023-04-16|20260611|9f2e086d39ae4b855ba21604367109e8e9ce00f96010c5ec65c380d317986abc,b8ca875939d31878,2022/23,2022/23|2023W15,2023-04-16,2023-04-16,2023-04-15,1,west_ham,arsenal,1,0.1825511263723034,0.18209466316708567,0.000456463205217722
2020-07-16|20260611|9f2e086d39ae4b855ba21604367109e8e9ce00f96010c5ec65c380d317986abc,b8f9a0ab0a70fec8,2019/20,2019/20|2020W29,2020-07-16,2020-07-16,2020-07-13,3,everton,aston_villa,1,0.20829480001998002,0.20900248950522507,-0.0007076894852450499
2024-10-26|20260611|9f2e086d39ae4b855ba21604367109e8e9ce00f96010c5ec65c380d317986abc,b913330edd4d0aee,2024/25,2024/25|2024W43,2024-10-26,2024-10-26,2024-10-21,5,brighton,wolves,1,0.18788620310290624,0.18780408114034897,8.212196255727444e-05
2020-07-26|20260611|9f2e086d39ae4b855ba21604367109e8e9ce00f96010c5ec65c380d317986abc,b94f2e5c08c30267,2019/20,2019/20|2020W30,2020-07-26,2020-07-26,2020-07-20,6,leicester,man_united,2,0.24341221624790826,0.23793167658212427,0.00548053966578399
2020-10-25|20260611|9f2e086d39ae4b855ba21604367109e8e9ce00f96010c5ec65c380d317986abc,b95e7848d2f49109,2020/21,2020/21|2020W43,2020-10-25,2020-10-25,2020-10-19,6,southampton,everton,0,0.27258161940267506,0.2709598611911129,0.0016217582115621298
2019-10-26|20260611|9f2e086d39ae4b855ba21604367109e8e9ce00f96010c5ec65c380d317986abc,b96497199305e1a2,2019/20,2019/20|2019W43,2019-10-26,2019-10-26,2019-10-21,5,west_ham,sheffield_united,1,0.12009591580598007,0.1298977927323856,-0.009801876926405537
2022-04-20|20260611|9f2e086d39ae4b855ba21604367109e8e9ce00f96010c5ec65c380d317986abc,b96a39244bb42d97,2021/22,2021/22|2022W16,2022-04-20,2022-04-20,2022-04-19,1,newcastle,crystal_palace,0,0.2742851355674541,0.27511244029446963,-0.000827304727015532
2022-03-13|20260611|9f2e086d39ae4b855ba21604367109e8e9ce00f96010c5ec65c380d317986abc,b96e7bc326b6de4b,2021/22,2021/22|2022W10,2022-03-13,2022-03-13,2022-03-07,6,chelsea,newcastle,0,0.04113508807248852,0.03955222080443531,0.0015828672680532133
2020-11-29|20260611|9f2e086d39ae4b855ba21604367109e8e9ce00f96010c5ec65c380d317986abc,b989500e453e7027,2020/21,2020/21|2020W48,2020-11-29,2020-11-29,2020-11-23,6,arsenal,wolves,2,0.3644272303166132,0.36013156419191195,0.004295666124701281
2019-12-08|20260611|9f2e086d39ae4b855ba21604367109e8e9ce00f96010c5ec65c380d317986abc,b9967fcf972e3c14,2019/20,2019/20|2019W49,2019-12-08,2019-12-08,2019-12-03,5,newcastle,southampton,0,0.1532926268926317,0.16254441930816851,-0.009251792415536808
2022-05-22|20260611|9f2e086d39ae4b855ba21604367109e8e9ce00f96010c5ec65c380d317986abc,b9bca32312161af5,2021/22,2021/22|2022W20,2022-05-22,2022-05-22,2022-05-16,6,leicester,southampton,0,0.09504469958367427,0.09653444994463647,-0.0014897503609622026
2020-07-26|20260611|9f2e086d39ae4b855ba21604367109e8e9ce00f96010c5ec65c380d317986abc,ba1f614610cc03b2,2019/20,2019/20|2020W30,2020-07-26,2020-07-26,2020-07-20,6,newcastle,liverpool,2,0.05519042947103929,0.05487506824494891,0.00031536122609038264
2020-09-27|20260611|9f2e086d39ae4b855ba21604367109e8e9ce00f96010c5ec65c380d317986abc,ba73e95238660fee,2020/21,2020/21|2020W39,2020-09-27,2020-09-27,2020-09-21,6,sheffield_united,leeds,2,0.39432699009519345,0.4107961754282593,-0.01646918533306585
2020-10-18|20260611|9f2e086d39ae4b855ba21604367109e8e9ce00f96010c5ec65c380d317986abc,ba92858320209ec9,2020/21,2020/21|2020W42,2020-10-18,2020-10-18,2020-10-17,1,leicester,aston_villa,2,0.46678150931738854,0.4681662674669873,-0.0013847581495987638
2022-08-27|20260611|9f2e086d39ae4b855ba21604367109e8e9ce00f96010c5ec65c380d317986abc,babd6bf0ad56344b,2022/23,2022/23|2022W34,2022-08-27,2022-08-27,2022-08-22,5,liverpool,bournemouth,0,0.012670596839666008,0.011764716443230254,0.0009058803964357535
2020-07-26|20260611|9f2e086d39ae4b855ba21604367109e8e9ce00f96010c5ec65c380d317986abc,baf4175293efb1dd,2019/20,2019/20|2020W30,2020-07-26,2020-07-26,2020-07-20,6,west_ham,aston_villa,1,0.18123703536966984,0.18905405937297998,-0.007817024003310136
2025-04-05|20260611|9f2e086d39ae4b855ba21604367109e8e9ce00f96010c5ec65c380d317986abc,baf9be14dfc75638,2024/25,2024/25|2025W14,2025-04-05,2025-04-05,2025-04-01,4,aston_villa,nottm_forest,0,0.2054203187637312,0.21102151501798708,-0.005601196254255869
2025-03-15|20260611|9f2e086d39ae4b855ba21604367109e8e9ce00f96010c5ec65c380d317986abc,bb005690c1cb24ae,2024/25,2024/25|2025W11,2025-03-15,2025-03-15,2025-03-10,5,southampton,wolves,2,0.14492396716325126,0.14514842849235526,-0.00022446132910400318
2020-02-29|20260611|9f2e086d39ae4b855ba21604367109e8e9ce00f96010c5ec65c380d317986abc,bb1c0ca51c556491,2019/20,2019/20|2020W09,2020-02-29,2020-02-29,2020-02-24,5,brighton,crystal_palace,2,0.25435264627446447,0.25442990908276825,-7.726280830377963e-05
2023-02-11|20260611|9f2e086d39ae4b855ba21604367109e8e9ce00f96010c5ec65c380d317986abc,bb2cd0779217a5d2,2022/23,2022/23|2023W06,2023-02-11,2023-02-11,2023-02-08,3,southampton,wolves,2,0.2490984026880772,0.24977721678328813,-0.0006788140952109223
2024-02-03|20260611|9f2e086d39ae4b855ba21604367109e8e9ce00f96010c5ec65c380d317986abc,bb2d98b5009815bc,2023/24,2023/24|2024W05,2024-02-03,2024-02-03,2024-01-30,4,burnley,fulham,1,0.13944353692150807,0.14296181679540798,-0.00351827987389991
2023-02-18|20260611|9f2e086d39ae4b855ba21604367109e8e9ce00f96010c5ec65c380d317986abc,bb492b6be6f9b6fa,2022/23,2022/23|2023W07,2023-02-18,2023-02-18,2023-02-13,5,brentford,crystal_palace,1,0.1619537501611688,0.16221312918479122,-0.0002593790236224136
2022-11-06|20260611|9f2e086d39ae4b855ba21604367109e8e9ce00f96010c5ec65c380d317986abc,bb7a7e09026b1358,2022/23,2022/23|2022W44,2022-11-06,2022-11-06,2022-11-05,1,aston_villa,man_united,0,0.3767113456735733,0.3753697757702777,0.001341569903295592
2019-08-11|20260611|9f2e086d39ae4b855ba21604367109e8e9ce00f96010c5ec65c380d317986abc,bbe5c61560beb9eb,2019/20,2019/20|2019W32,2019-08-11,2019-08-11,2019-08-09,2,newcastle,arsenal,2,0.17917404042031027,0.18409468014641348,-0.00492063972610321
2021-04-11|20260611|9f2e086d39ae4b855ba21604367109e8e9ce00f96010c5ec65c380d317986abc,bbec9b470f3b54da,2020/21,2020/21|2021W14,2021-04-11,2021-04-11,2021-04-05,6,burnley,newcastle,2,0.3561761231092765,0.3590342841357006,-0.002858161026424111
2019-12-29|20260611|9f2e086d39ae4b855ba21604367109e8e9ce00f96010c5ec65c380d317986abc,bbf179eefbec99e7,2019/20,2019/20|2019W52,2019-12-29,2019-12-29,2019-12-26,3,man_city,sheffield_united,0,0.047428427765352034,0.04786997048656806,-0.0004415427212160275
2025-04-26|20260611|9f2e086d39ae4b855ba21604367109e8e9ce00f96010c5ec65c380d317986abc,bbf7462ebea93a8c,2024/25,2024/25|2025W17,2025-04-26,2025-04-26,2025-04-21,5,newcastle,ipswich,0,0.02526142577134491,0.025039072456123607,0.00022235331522130197
2023-09-02|20260611|9f2e086d39ae4b855ba21604367109e8e9ce00f96010c5ec65c380d317986abc,bc55b2db0271a8b4,2023/24,2023/24|2023W35,2023-09-02,2023-09-02,2023-09-01,1,burnley,tottenham,2,0.10920769618538,0.10936433467103529,-0.00015663848565529437
2019-09-21|20260611|9f2e086d39ae4b855ba21604367109e8e9ce00f96010c5ec65c380d317986abc,bc65b194a2faa968,2019/20,2019/20|2019W38,2019-09-21,2019-09-21,2019-09-16,5,leicester,tottenham,0,0.39776431374752086,0.39645719453900324,0.0013071192085176153
2022-02-26|20260611|9f2e086d39ae4b855ba21604367109e8e9ce00f96010c5ec65c380d317986abc,bc6cc91bafa68d17,2021/22,2021/22|2022W08,2022-02-26,2022-02-26,2022-02-23,3,crystal_palace,burnley,1,0.1297582606267973,0.12819260117834108,0.0015656594484562136
2020-11-06|20260611|9f2e086d39ae4b855ba21604367109e8e9ce00f96010c5ec65c380d317986abc,bccdde9754b69f98,2020/21,2020/21|2020W45,2020-11-06,2020-11-06,2020-11-02,4,brighton,burnley,1,0.12529476923918065,0.1252795506068345,1.5218632346158945e-05
2024-04-27|20260611|9f2e086d39ae4b855ba21604367109e8e9ce00f96010c5ec65c380d317986abc,bcd2c81c0ee31676,2023/24,2023/24|2024W17,2024-04-27,2024-04-27,2024-04-23,4,aston_villa,chelsea,1,0.15859162812321964,0.15372259333577845,0.00486903478744119
2022-02-10|20260611|9f2e086d39ae4b855ba21604367109e8e9ce00f96010c5ec65c380d317986abc,bce0d4ff4000e371,2021/22,2021/22|2022W06,2022-02-10,2022-02-10,2022-02-08,2,liverpool,leicester,0,0.05136762094711327,0.051274969207650005,9.265173946326755e-05
2021-04-25|20260611|9f2e086d39ae4b855ba21604367109e8e9ce00f96010c5ec65c380d317986abc,bce637aec7bc234b,2020/21,2020/21|2021W16,2021-04-25,2021-04-25,2021-04-19,6,leeds,man_united,1,0.17695380875950104,0.1811412932659185,-0.004187484506417455
2023-04-02|20260611|9f2e086d39ae4b855ba21604367109e8e9ce00f96010c5ec65c380d317986abc,bd120653afd92247,2022/23,2022/23|2023W13,2023-04-02,2023-04-02,2023-04-01,1,west_ham,southampton,0,0.11751382704240504,0.1174351991909245,7.862785148053664e-05
2023-12-30|20260611|9f2e086d39ae4b855ba21604367109e8e9ce00f96010c5ec65c380d317986abc,bd3901a5321e366f,2023/24,2023/24|2023W52,2023-12-30,2023-12-30,2023-12-26,4,wolves,everton,0,0.21332320175407865,0.23060649297227429,-0.017283291218195634
2024-04-20|20260611|9f2e086d39ae4b855ba21604367109e8e9ce00f96010c5ec65c380d317986abc,bd4036612fb8a01f,2023/24,2023/24|2024W16,2024-04-20,2024-04-20,2024-04-15,5,luton,brentford,2,0.20535424025317223,0.2037908006245677,0.0015634396286045293
2022-09-01|20260611|9f2e086d39ae4b855ba21604367109e8e9ce00f96010c5ec65c380d317986abc,bd43c84b0c28ab16,2022/23,2022/23|2022W35,2022-09-01,2022-09-01,2022-08-30,2,leicester,man_united,2,0.2695377998386345,0.26733195412022503,0.0022058457184094826
2024-02-18|20260611|9f2e086d39ae4b855ba21604367109e8e9ce00f96010c5ec65c380d317986abc,bd4c686bd84fe061,2023/24,2023/24|2024W07,2024-02-18,2024-02-18,2024-02-12,6,sheffield_united,brighton,2,0.0727836580029637,0.07487564483806729,-0.0020919868351035875
2025-04-02|20260611|9f2e086d39ae4b855ba21604367109e8e9ce00f96010c5ec65c380d317986abc,bd6df79547cda08b,2024/25,2024/25|2025W14,2025-04-02,2025-04-02,2025-04-01,1,liverpool,everton,0,0.04065309959945651,0.041049385616495244,-0.0003962860170387342
2023-12-31|20260611|9f2e086d39ae4b855ba21604367109e8e9ce00f96010c5ec65c380d317986abc,bdaac5360369c47e,2023/24,2023/24|2023W52,2023-12-31,2023-12-31,2023-12-26,5,fulham,arsenal,0,0.465304541081881,0.46242189281521245,0.0028826482666685638
2022-02-20|20260611|9f2e086d39ae4b855ba21604367109e8e9ce00f96010c5ec65c380d317986abc,bdb29a0fece794b7,2021/22,2021/22|2022W07,2022-02-20,2022-02-20,2022-02-15,5,wolves,leicester,0,0.25390095528173784,0.25278768071188507,0.0011132745698527735
2023-05-21|20260611|9f2e086d39ae4b855ba21604367109e8e9ce00f96010c5ec65c380d317986abc,bdb9de99065b0e05,2022/23,2022/23|2023W20,2023-05-21,2023-05-21,2023-05-15,6,brighton,southampton,0,0.08872484624591628,0.05973555517317761,0.028989291072738677
2021-02-03|20260611|9f2e086d39ae4b855ba21604367109e8e9ce00f96010c5ec65c380d317986abc,be3e8619e96d71bf,2020/21,2020/21|2021W05,2021-02-03,2021-02-03,2021-02-02,1,liverpool,brighton,2,0.7469636482361315,0.7445823952617481,0.0023812529743834077
2019-08-23|20260611|9f2e086d39ae4b855ba21604367109e8e9ce00f96010c5ec65c380d317986abc,be8190f5f15e10ea,2019/20,2019/20|2019W34,2019-08-23,2019-08-23,2019-08-19,4,aston_villa,everton,0,0.47331416146576183,0.4732948994537882,1.926201197360866e-05
2023-09-02|20260611|9f2e086d39ae4b855ba21604367109e8e9ce00f96010c5ec65c380d317986abc,bea21796c5caef2a,2023/24,2023/24|2023W35,2023-09-02,2023-09-02,2023-09-01,1,brighton,newcastle,0,0.2517718495304683,0.25150762136220495,0.0002642281682633252
2023-04-29|20260611|9f2e086d39ae4b855ba21604367109e8e9ce00f96010c5ec65c380d317986abc,bec204399baf34ed,2022/23,2022/23|2023W17,2023-04-29,2023-04-29,2023-04-25,4,brentford,nottm_forest,0,0.0760366848394772,0.07130035487875805,0.0047363299607191545
2021-05-01|20260611|9f2e086d39ae4b855ba21604367109e8e9ce00f96010c5ec65c380d317986abc,bec34108d69a81e3,2020/21,2020/21|2021W17,2021-05-01,2021-05-01,2021-04-26,5,everton,aston_villa,2,0.3662717234409799,0.3657177076604936,0.0005540157804863055
2025-04-23|20260611|9f2e086d39ae4b855ba21604367109e8e9ce00f96010c5ec65c380d317986abc,befa6e865c717de6,2024/25,2024/25|2025W17,2025-04-23,2025-04-23,2025-04-21,2,arsenal,crystal_palace,1,0.24778212162001254,0.24816681778961586,-0.0003846961696033213
2020-02-22|20260611|9f2e086d39ae4b855ba21604367109e8e9ce00f96010c5ec65c380d317986abc,bf232616919f0f39,2019/20,2019/20|2020W08,2020-02-22,2020-02-22,2020-02-17,5,southampton,aston_villa,0,0.15054435460624865,0.14974751067651665,0.0007968439297320051
2022-12-30|20260611|9f2e086d39ae4b855ba21604367109e8e9ce00f96010c5ec65c380d317986abc,bf2a90ebe94dcbc1,2022/23,2022/23|2022W52,2022-12-30,2022-12-30,2022-12-26,4,west_ham,brentford,2,0.351996362276525,0.3661847052237001,-0.014188342947175137
2022-08-27|20260611|9f2e086d39ae4b855ba21604367109e8e9ce00f96010c5ec65c380d317986abc,bf6a356452925fe0,2022/23,2022/23|2022W34,2022-08-27,2022-08-27,2022-08-22,5,brentford,everton,1,0.15393227325863462,0.15373057520761163,0.00020169805102299154
2022-08-31|20260611|9f2e086d39ae4b855ba21604367109e8e9ce00f96010c5ec65c380d317986abc,bfac31e1be43dcb6,2022/23,2022/23|2022W35,2022-08-31,2022-08-31,2022-08-30,1,bournemouth,wolves,1,0.13797684012825612,0.13862921248967985,-0.0006523723614237364
2025-01-04|20260611|9f2e086d39ae4b855ba21604367109e8e9ce00f96010c5ec65c380d317986abc,bfca985aa1b79cfd,2024/25,2024/25|2025W01,2025-01-04,2025-01-04,2024-12-30,5,crystal_palace,chelsea,1,0.14566741714327688,0.14902506891856226,-0.0033576517752853807
2019-12-14|20260611|9f2e086d39ae4b855ba21604367109e8e9ce00f96010c5ec65c380d317986abc,bff5568422e47b77,2019/20,2019/20|2019W50,2019-12-14,2019-12-14,2019-12-09,5,chelsea,bournemouth,2,0.6250641972370051,0.626029469081378,-0.0009652718443728947
2021-03-14|20260611|9f2e086d39ae4b855ba21604367109e8e9ce00f96010c5ec65c380d317986abc,c00f13fe239aecbf,2020/21,2020/21|2021W10,2021-03-14,2021-03-14,2021-03-08,6,arsenal,tottenham,0,0.27890903158191543,0.2791747864735513,-0.00026575489163588317
2023-10-28|20260611|9f2e086d39ae4b855ba21604367109e8e9ce00f96010c5ec65c380d317986abc,c07120dbeb9553a4,2023/24,2023/24|2023W43,2023-10-28,2023-10-28,2023-10-23,5,arsenal,sheffield_united,0,0.007416353131789595,0.007428797125553806,-1.2443993764210681e-05
2021-01-30|20260611|9f2e086d39ae4b855ba21604367109e8e9ce00f96010c5ec65c380d317986abc,c0d2f4acde27f79b,2020/21,2020/21|2021W04,2021-01-30,2021-01-30,2021-01-26,4,everton,newcastle,2,0.4735979378690154,0.4693302864039727,0.00426765146504271
2020-09-26|20260611|9f2e086d39ae4b855ba21604367109e8e9ce00f96010c5ec65c380d317986abc,c0ff15b9c77c605a,2020/21,2020/21|2020W39,2020-09-26,2020-09-26,2020-09-21,5,burnley,southampton,2,0.33981499093014156,0.3398908161689467,-7.582523880511616e-05
2021-09-18|20260611|9f2e086d39ae4b855ba21604367109e8e9ce00f96010c5ec65c380d317986abc,c1015f658c27e2cd,2021/22,2021/22|2021W37,2021-09-18,2021-09-18,2021-09-13,5,man_city,southampton,1,0.3791497715911361,0.37887696026977036,0.00027281132136575126
2020-03-08|20260611|9f2e086d39ae4b855ba21604367109e8e9ce00f96010c5ec65c380d317986abc,c13065efb2701857,2019/20,2019/20|2020W10,2020-03-08,2020-03-08,2020-03-07,1,chelsea,everton,0,0.11884849008521806,0.11883445126956123,1.4038815656827741e-05
2025-02-26|20260611|9f2e086d39ae4b855ba21604367109e8e9ce00f96010c5ec65c380d317986abc,c132372c194c9024,2024/25,2024/25|2025W09,2025-02-26,2025-02-26,2025-02-25,1,liverpool,newcastle,0,0.0796223681162708,0.08024286816277654,-0.0006205000465057398
2025-01-04|20260611|9f2e086d39ae4b855ba21604367109e8e9ce00f96010c5ec65c380d317986abc,c1351783c4bd65bd,2024/25,2024/25|2025W01,2025-01-04,2025-01-04,2024-12-30,5,tottenham,newcastle,2,0.2752296170628843,0.2860520786774119,-0.010822461614527601
2024-11-03|20260611|9f2e086d39ae4b855ba21604367109e8e9ce00f96010c5ec65c380d317986abc,c1494dc7a32f78be,2024/25,2024/25|2024W44,2024-11-03,2024-11-03,2024-11-02,1,man_united,chelsea,1,0.14089792488043446,0.140549420786153,0.00034850409428144324
2021-11-06|20260611|9f2e086d39ae4b855ba21604367109e8e9ce00f96010c5ec65c380d317986abc,c15ccb73abd986ee,2021/22,2021/22|2021W44,2021-11-06,2021-11-06,2021-11-01,5,chelsea,burnley,1,0.26255740233651126,0.2615098954000136,0.001047506936497633
2022-01-16|20260611|9f2e086d39ae4b855ba21604367109e8e9ce00f96010c5ec65c380d317986abc,c1bc851888401231,2021/22,2021/22|2022W02,2022-01-16,2022-01-16,2022-01-11,5,west_ham,leeds,2,0.447253648322665,0.4425390971362577,0.00471455118640729
2021-12-19|20260611|9f2e086d39ae4b855ba21604367109e8e9ce00f96010c5ec65c380d317986abc,c1be7ba03fa3cb0c,2021/22,2021/22|2021W50,2021-12-19,2021-12-19,2021-12-14,5,tottenham,liverpool,1,0.16712443205680544,0.1674674898850498,-0.0003430578282443697
2020-12-29|20260611|9f2e086d39ae4b855ba21604367109e8e9ce00f96010c5ec65c380d317986abc,c1f9963dc910a5bf,2020/21,2020/21|2020W53,2020-12-29,2020-12-29,2020-12-28,1,man_united,wolves,0,0.12500637143488824,0.12479283756963502,0.00021353386525321816
2021-08-28|20260611|9f2e086d39ae4b855ba21604367109e8e9ce00f96010c5ec65c380d317986abc,c22527afc7bad529,2021/22,2021/22|2021W34,2021-08-28,2021-08-28,2021-08-23,5,newcastle,southampton,1,0.14145381316481412,0.1413846798871538,6.913327766031041e-05
2024-04-06|20260611|9f2e086d39ae4b855ba21604367109e8e9ce00f96010c5ec65c380d317986abc,c2253665243e14b5,2023/24,2023/24|2024W14,2024-04-06,2024-04-06,2024-04-02,4,crystal_palace,man_city,2,0.042022606658045004,0.04409353662750626,-0.0020709299694612535
2020-11-27|20260611|9f2e086d39ae4b855ba21604367109e8e9ce00f96010c5ec65c380d317986abc,c2268928a1521d18,2020/21,2020/21|2020W48,2020-11-27,2020-11-27,2020-11-23,4,crystal_palace,newcastle,2,0.3280966838151157,0.3356524248061874,-0.007555740991071702
2022-03-20|20260611|9f2e086d39ae4b855ba21604367109e8e9ce00f96010c5ec65c380d317986abc,c27acdb3e28604d9,2021/22,2021/22|2022W11,2022-03-20,2022-03-20,2022-03-14,6,tottenham,west_ham,0,0.1660031140672982,0.17136665054205322,-0.005363536474755015
2023-10-07|20260611|9f2e086d39ae4b855ba21604367109e8e9ce00f96010c5ec65c380d317986abc,c28bc80fc52caa6a,2023/24,2023/24|2023W40,2023-10-07,2023-10-07,2023-10-02,5,fulham,sheffield_united,0,0.07241887947229443,0.06525759033507608,0.007161289137218349
2021-02-21|20260611|9f2e086d39ae4b855ba21604367109e8e9ce00f96010c5ec65c380d317986abc,c2aac436d71be303,2020/21,2020/21|2021W07,2021-02-21,2021-02-21,2021-02-15,6,west_ham,tottenham,0,0.3648678399057362,0.37499614893054256,-0.010128309024806381
2020-12-12|20260611|9f2e086d39ae4b855ba21604367109e8e9ce00f96010c5ec65c380d317986abc,c309bfe972e099c3,2020/21,2020/21|2020W50,2020-12-12,2020-12-12,2020-12-07,5,newcastle,west_brom,0,0.10294026640163617,0.10261977586940502,0.00032049053223115465
2025-01-26|20260611|9f2e086d39ae4b855ba21604367109e8e9ce00f96010c5ec65c380d317986abc,c3199bbafcb37a43,2024/25,2024/25|2025W04,2025-01-26,2025-01-26,2025-01-20,6,fulham,man_united,2,0.3000082020657142,0.29818503241900324,0.001823169646710976
2021-02-04|20260611|9f2e086d39ae4b855ba21604367109e8e9ce00f96010c5ec65c380d317986abc,c332c860c97b6088,2020/21,2020/21|2021W05,2021-02-04,2021-02-04,2021-02-02,2,tottenham,chelsea,2,0.35709068440571134,0.3570109284065041,7.975599920723164e-05
2023-03-04|20260611|9f2e086d39ae4b855ba21604367109e8e9ce00f96010c5ec65c380d317986abc,c3657fbca79a7540,2022/23,2022/23|2023W09,2023-03-04,2023-03-04,2023-03-01,3,wolves,tottenham,0,0.45806590834529826,0.45545996615997425,0.002605942185324006
2022-01-01|20260611|9f2e086d39ae4b855ba21604367109e8e9ce00f96010c5ec65c380d317986abc,c367de6338dfb197,2021/22,2021/22|2021W52,2022-01-01,2022-01-01,2021-12-27,5,arsenal,man_city,2,0.09457668976076945,0.09456414525539426,1.2544505375189363e-05
2020-09-13|20260611|9f2e086d39ae4b855ba21604367109e8e9ce00f96010c5ec65c380d317986abc,c3860da2ecfbe839,2020/21,2020/21|2020W37,2020-09-13,2020-09-13,2020-09-12,1,tottenham,everton,2,0.5454679731294962,0.5435562471937011,0.0019117259357951388
2021-05-19|20260611|9f2e086d39ae4b855ba21604367109e8e9ce00f96010c5ec65c380d317986abc,c3900a9d4b87c8fb,2020/21,2020/21|2021W20,2021-05-19,2021-05-19,2021-05-18,1,newcastle,sheffield_united,0,0.13932740615311848,0.13929611013153984,3.129602157864175e-05
2022-08-27|20260611|9f2e086d39ae4b855ba21604367109e8e9ce00f96010c5ec65c380d317986abc,c39ab17469990399,2022/23,2022/23|2022W34,2022-08-27,2022-08-27,2022-08-22,5,arsenal,fulham,0,0.06429411950060898,0.06494180636132066,-0.000647686860711677
2020-10-04|20260611|9f2e086d39ae4b855ba21604367109e8e9ce00f96010c5ec65c380d317986abc,c3c7b8c3174db172,2020/21,2020/21|2020W40,2020-10-04,2020-10-04,2020-09-28,6,wolves,fulham,0,0.03370613693545812,0.04301045019630924,-0.00930431326085112
2020-07-11|20260611|9f2e086d39ae4b855ba21604367109e8e9ce00f96010c5ec65c380d317986abc,c3fa8a07295015aa,2019/20,2019/20|2020W28,2020-07-11,2020-07-11,2020-07-06,5,brighton,man_city,2,0.029836161482777,0.033398756612377,-0.003562595129599999
2022-10-16|20260611|9f2e086d39ae4b855ba21604367109e8e9ce00f96010c5ec65c380d317986abc,c3fd5952251351c0,2022/23,2022/23|2022W41,2022-10-16,2022-10-16,2022-10-10,6,man_united,newcastle,1,0.1773310807545985,0.17702289050359044,0.0003081902510080614
2023-05-13|20260611|9f2e086d39ae4b855ba21604367109e8e9ce00f96010c5ec65c380d317986abc,c43b1bb2ea15d84b,2022/23,2022/23|2023W19,2023-05-13,2023-05-13,2023-05-08,5,leeds,newcastle,1,0.17639292391369404,0.17663850978605306,-0.00024558587235901097
2022-08-06|20260611|9f2e086d39ae4b855ba21604367109e8e9ce00f96010c5ec65c380d317986abc,c4432028f4421935,2022/23,2022/23|2022W31,2022-08-06,2022-08-06,2022-08-05,1,fulham,liverpool,1,0.31577647988690727,0.31552199321699775,0.00025448666990951496
2021-01-13|20260611|9f2e086d39ae4b855ba21604367109e8e9ce00f96010c5ec65c380d317986abc,c4fb7824c3d04a84,2020/21,2020/21|2021W02,2021-01-13,2021-01-13,2021-01-12,1,man_city,brighton,0,0.011984313449486805,0.011997275319482456,-1.2961869995650743e-05
2021-08-14|20260611|9f2e086d39ae4b855ba21604367109e8e9ce00f96010c5ec65c380d317986abc,c53ab0dd5d2ce6a4,2021/22,2021/22|2021W32,2021-08-14,2021-08-14,2021-08-13,1,burnley,brighton,2,0.28293792064707657,0.28227131469984484,0.0006666059472317243
2023-05-20|20260611|9f2e086d39ae4b855ba21604367109e8e9ce00f96010c5ec65c380d317986abc,c567ca5c97947aa0,2022/23,2022/23|2023W20,2023-05-20,2023-05-20,2023-05-15,5,fulham,crystal_palace,1,0.13718500124167105,0.13727790372594667,-9.290248427562542e-05
2023-09-17|20260611|9f2e086d39ae4b855ba21604367109e8e9ce00f96010c5ec65c380d317986abc,c582c4d31c63b3d0,2023/24,2023/24|2023W37,2023-09-17,2023-09-17,2023-09-16,1,bournemouth,chelsea,1,0.16061579928047848,0.15960587990322103,0.0010099193772574455
2022-10-29|20260611|9f2e086d39ae4b855ba21604367109e8e9ce00f96010c5ec65c380d317986abc,c597489e09566c12,2022/23,2022/23|2022W43,2022-10-29,2022-10-29,2022-10-24,5,fulham,everton,1,0.13364765592161604,0.1336242002799346,2.3455641681435768e-05
2022-05-15|20260611|9f2e086d39ae4b855ba21604367109e8e9ce00f96010c5ec65c380d317986abc,c5b692ceb7e9d6f9,2021/22,2021/22|2022W19,2022-05-15,2022-05-15,2022-05-10,5,west_ham,man_city,1,0.2648251540672485,0.26079395028468805,0.004031203782560444
2022-05-01|20260611|9f2e086d39ae4b855ba21604367109e8e9ce00f96010c5ec65c380d317986abc,c5bb775548021137,2021/22,2021/22|2022W17,2022-05-01,2022-05-01,2022-04-25,6,west_ham,arsenal,2,0.22569179309406007,0.22772755205391493,-0.002035758959854861
2022-10-29|20260611|9f2e086d39ae4b855ba21604367109e8e9ce00f96010c5ec65c380d317986abc,c5d94deb0309ff01,2022/23,2022/23|2022W43,2022-10-29,2022-10-29,2022-10-24,5,liverpool,leeds,2,0.8172437737236881,0.8165328822901625,0.0007108914335255401
2023-01-01|20260611|9f2e086d39ae4b855ba21604367109e8e9ce00f96010c5ec65c380d317986abc,c6271aaa80f04125,2022/23,2022/23|2022W52,2023-01-01,2023-01-01,2022-12-26,6,tottenham,aston_villa,2,0.5620311872009189,0.5679409237955324,-0.005909736594613468
2023-09-02|20260611|9f2e086d39ae4b855ba21604367109e8e9ce00f96010c5ec65c380d317986abc,c6318386858df7d5,2023/24,2023/24|2023W35,2023-09-02,2023-09-02,2023-09-01,1,sheffield_united,everton,1,0.12102293200086664,0.12098725208379625,3.5679917070388645e-05
2022-02-24|20260611|9f2e086d39ae4b855ba21604367109e8e9ce00f96010c5ec65c380d317986abc,c652153a0ed9ded9,2021/22,2021/22|2022W08,2022-02-24,2022-02-24,2022-02-23,1,arsenal,wolves,0,0.1616013746191861,0.1625008709918413,-0.0008994963726551841
2023-05-06|20260611|9f2e086d39ae4b855ba21604367109e8e9ce00f96010c5ec65c380d317986abc,c68486ac986c69a5,2022/23,2022/23|2023W18,2023-05-06,2023-05-06,2023-05-01,5,wolves,aston_villa,0,0.3219975163690464,0.3227055357375939,-0.00070801936854753
2023-10-07|20260611|9f2e086d39ae4b855ba21604367109e8e9ce00f96010c5ec65c380d317986abc,c6b60cf8201202fd,2023/24,2023/24|2023W40,2023-10-07,2023-10-07,2023-10-02,5,everton,bournemouth,0,0.1808425107896701,0.1792463711001353,0.0015961396895347868
2022-08-28|20260611|9f2e086d39ae4b855ba21604367109e8e9ce00f96010c5ec65c380d317986abc,c6b9e2717b265358,2022/23,2022/23|2022W34,2022-08-28,2022-08-28,2022-08-22,6,aston_villa,west_ham,2,0.26908279805510066,0.2672424991517636,0.0018402989033370343
2019-11-30|20260611|9f2e086d39ae4b855ba21604367109e8e9ce00f96010c5ec65c380d317986abc,c6bccd9737d7ddde,2019/20,2019/20|2019W48,2019-11-30,2019-11-30,2019-11-25,5,liverpool,brighton,0,0.010529528732126654,0.010653648580321605,-0.0001241198481949507
2022-04-23|20260611|9f2e086d39ae4b855ba21604367109e8e9ce00f96010c5ec65c380d317986abc,c6da14ec117fb34c,2021/22,2021/22|2022W16,2022-04-23,2022-04-23,2022-04-19,4,leicester,aston_villa,1,0.16317857919590947,0.16339774273466084,-0.0002191635387513713
2019-12-04|20260611|9f2e086d39ae4b855ba21604367109e8e9ce00f96010c5ec65c380d317986abc,c6e9dea52c4d4d89,2019/20,2019/20|2019W49,2019-12-04,2019-12-04,2019-12-03,1,leicester,watford,0,0.04930380230794292,0.049193876716584206,0.00010992559135871577
2020-06-25|20260611|9f2e086d39ae4b855ba21604367109e8e9ce00f96010c5ec65c380d317986abc,c7682a4e8dbd9c0d,2019/20,2019/20|2020W26,2020-06-25,2020-06-25,2020-06-22,3,southampton,arsenal,2,0.17794887167496626,0.17615939735782693,0.001789474317139328
2019-08-10|20260611|9f2e086d39ae4b855ba21604367109e8e9ce00f96010c5ec65c380d317986abc,c78210e9bd168cb1,2019/20,2019/20|2019W32,2019-08-10,2019-08-10,2019-08-09,1,burnley,southampton,0,0.20621767516578654,0.20615561853869924,6.205662708730353e-05
2023-12-02|20260611|9f2e086d39ae4b855ba21604367109e8e9ce00f96010c5ec65c380d317986abc,c78c2598576036bc,2023/24,2023/24|2023W48,2023-12-02,2023-12-02,2023-11-27,5,arsenal,wolves,0,0.041280656032971035,0.04379590251968626,-0.0025152464867152224
2024-12-08|20260611|9f2e086d39ae4b855ba21604367109e8e9ce00f96010c5ec65c380d317986abc,c7d2906ef61853af,2024/25,2024/25|2024W49,2024-12-08,2024-12-08,2024-12-03,5,tottenham,chelsea,2,0.2960436459935176,0.30981706250138924,-0.013773416507871616
2023-04-08|20260611|9f2e086d39ae4b855ba21604367109e8e9ce00f96010c5ec65c380d317986abc,c7eaea64e7b21768,2022/23,2022/23|2023W14,2023-04-08,2023-04-08,2023-04-03,5,brentford,newcastle,2,0.29090033655627606,0.3128882493911324,-0.02198791283485635
2024-05-19|20260611|9f2e086d39ae4b855ba21604367109e8e9ce00f96010c5ec65c380d317986abc,c80e77c36e69ee4f,2023/24,2023/24|2024W20,2024-05-19,2024-05-19,2024-05-13,6,brighton,man_united,2,0.2838506005638203,0.29515341389757066,-0.011302813333750383
2020-07-11|20260611|9f2e086d39ae4b855ba21604367109e8e9ce00f96010c5ec65c380d317986abc,c81b973645075e83,2019/20,2019/20|2020W28,2020-07-11,2020-07-11,2020-07-06,5,watford,newcastle,0,0.26519907434501844,0.281041575564298,-0.015842501219279548
2020-12-29|20260611|9f2e086d39ae4b855ba21604367109e8e9ce00f96010c5ec65c380d317986abc,c8347a504c9129bd,2020/21,2020/21|2020W53,2020-12-29,2020-12-29,2020-12-28,1,west_brom,leeds,2,0.1656576443285101,0.1658885364228616,-0.00023089209435150915
2022-08-20|20260611|9f2e086d39ae4b855ba21604367109e8e9ce00f96010c5ec65c380d317986abc,c847b50c8927ddcb,2022/23,2022/23|2022W33,2022-08-20,2022-08-20,2022-08-15,5,crystal_palace,aston_villa,0,0.24646458289136935,0.25427288699776424,-0.007808304106394881
2019-12-07|20260611|9f2e086d39ae4b855ba21604367109e8e9ce00f96010c5ec65c380d317986abc,c849d9d5af757182,2019/20,2019/20|2019W49,2019-12-07,2019-12-07,2019-12-03,4,man_city,man_united,2,0.6447545444022376,0.6479266525257129,-0.003172108123475348
2023-04-02|20260611|9f2e086d39ae4b855ba21604367109e8e9ce00f96010c5ec65c380d317986abc,c8632128f0d1b4b4,2022/23,2022/23|2023W13,2023-04-02,2023-04-02,2023-04-01,1,newcastle,man_united,0,0.25619752742076973,0.25684711094142165,-0.0006495835206519196
2020-11-22|20260611|9f2e086d39ae4b855ba21604367109e8e9ce00f96010c5ec65c380d317986abc,c86d3b3845b82cfa,2020/21,2020/21|2020W47,2020-11-22,2020-11-22,2020-11-21,1,leeds,arsenal,1,0.17773322834865202,0.1766777204632956,0.0010555078853564104
2019-12-01|20260611|9f2e086d39ae4b855ba21604367109e8e9ce00f96010c5ec65c380d317986abc,c90869bc14b2bf26,2019/20,2019/20|2019W48,2019-12-01,2019-12-01,2019-11-25,6,leicester,everton,0,0.10972119030228844,0.10876605061988248,0.0009551396824059588
2022-10-23|20260611|9f2e086d39ae4b855ba21604367109e8e9ce00f96010c5ec65c380d317986abc,c915923ecb0b3dcd,2022/23,2022/23|2022W42,2022-10-23,2022-10-23,2022-10-18,5,wolves,leicester,2,0.24646437952662825,0.252723001217261,-0.006258621690632737
2019-12-22|20260611|9f2e086d39ae4b855ba21604367109e8e9ce00f96010c5ec65c380d317986abc,c92bb6f9e1096f44,2019/20,2019/20|2019W51,2019-12-22,2019-12-22,2019-12-16,6,watford,man_united,0,0.5103110071718695,0.5088021305491094,0.0015088766227601136
2022-10-19|20260611|9f2e086d39ae4b855ba21604367109e8e9ce00f96010c5ec65c380d317986abc,c95fe323bbb71014,2022/23,2022/23|2022W42,2022-10-19,2022-10-19,2022-10-18,1,man_united,tottenham,0,0.315174107664893,0.314607432016761,0.000566675648132009
2024-04-20|20260611|9f2e086d39ae4b855ba21604367109e8e9ce00f96010c5ec65c380d317986abc,c9dcd6eda7c3b990,2023/24,2023/24|2024W16,2024-04-20,2024-04-20,2024-04-15,5,wolves,arsenal,2,0.080497562245713,0.07971607376153,0.0007814884841829961
2019-11-09|20260611|9f2e086d39ae4b855ba21604367109e8e9ce00f96010c5ec65c380d317986abc,c9e36e6df08b0ff9,2019/20,2019/20|2019W45,2019-11-09,2019-11-09,2019-11-08,1,southampton,everton,2,0.2303159952718129,0.23120642122343227,-0.0008904259516193669
2024-01-02|20260611|9f2e086d39ae4b855ba21604367109e8e9ce00f96010c5ec65c380d317986abc,ca0d5cd112dfa626,2023/24,2023/24|2024W01,2024-01-02,2024-01-02,2024-01-01,1,west_ham,brighton,1,0.1490507385421456,0.14913591052405686,-8.517198191126951e-05
2025-04-20|20260611|9f2e086d39ae4b855ba21604367109e8e9ce00f96010c5ec65c380d317986abc,ca0fd468b2977745,2024/25,2024/25|2025W16,2025-04-20,2025-04-20,2025-04-14,6,man_united,wolves,2,0.4161506720725153,0.41342489710371016,0.0027257749688051613
2025-01-25|20260611|9f2e086d39ae4b855ba21604367109e8e9ce00f96010c5ec65c380d317986abc,ca3ba43812395213,2024/25,2024/25|2025W04,2025-01-25,2025-01-25,2025-01-20,5,man_city,chelsea,0,0.08875319346573325,0.08754037106954847,0.0012128223961847817
2025-02-15|20260611|9f2e086d39ae4b855ba21604367109e8e9ce00f96010c5ec65c380d317986abc,ca5e3071a7c16383,2024/25,2024/25|2025W07,2025-02-15,2025-02-15,2025-02-12,3,fulham,nottm_forest,0,0.2256362734751222,0.22675386484601473,-0.00111759137089254
2021-09-18|20260611|9f2e086d39ae4b855ba21604367109e8e9ce00f96010c5ec65c380d317986abc,caa8a924f9190052,2021/22,2021/22|2021W37,2021-09-18,2021-09-18,2021-09-13,5,wolves,brentford,2,0.349735294114464,0.34893770226797904,0.0007975918464849796
2021-05-09|20260611|9f2e086d39ae4b855ba21604367109e8e9ce00f96010c5ec65c380d317986abc,cab4811f7fa256fe,2020/21,2020/21|2021W18,2021-05-09,2021-05-09,2021-05-03,6,aston_villa,man_united,2,0.10898904506802651,0.11034221310680806,-0.0013531680387815492
2024-12-08|20260611|9f2e086d39ae4b855ba21604367109e8e9ce00f96010c5ec65c380d317986abc,cab8016f5f6f62cc,2024/25,2024/25|2024W49,2024-12-08,2024-12-08,2024-12-03,5,leicester,brighton,1,0.1463633961582728,0.14976052293414965,-0.003397126775876863
2025-01-01|20260611|9f2e086d39ae4b855ba21604367109e8e9ce00f96010c5ec65c380d317986abc,cabb7bc5ba7d8c03,2024/25,2024/25|2025W01,2025-01-01,2025-01-01,2024-12-30,2,brentford,arsenal,2,0.076385125656085,0.07650643419502144,-0.00012130853893643767
2023-02-12|20260611|9f2e086d39ae4b855ba21604367109e8e9ce00f96010c5ec65c380d317986abc,cac7d691a63f845f,2022/23,2022/23|2023W06,2023-02-12,2023-02-12,2023-02-08,4,leeds,man_united,2,0.12950140883103167,0.11962044696252287,0.0098809618685088
2021-11-28|20260611|9f2e086d39ae4b855ba21604367109e8e9ce00f96010c5ec65c380d317986abc,cae9018b6c460d00,2021/22,2021/22|2021W47,2021-11-28,2021-11-28,2021-11-27,1,brentford,everton,0,0.30338613519564256,0.30475130722398097,-0.0013651720283384128
2025-05-25|20260611|9f2e086d39ae4b855ba21604367109e8e9ce00f96010c5ec65c380d317986abc,caeb9c6f22a5806e,2024/25,2024/25|2025W21,2025-05-25,2025-05-25,2025-05-19,6,wolves,brentford,1,0.15016163005058727,0.1485012117752469,0.0016604182753403862
2019-10-05|20260611|9f2e086d39ae4b855ba21604367109e8e9ce00f96010c5ec65c380d317986abc,cb2d7f038c364d25,2019/20,2019/20|2019W40,2019-10-05,2019-10-05,2019-09-30,5,burnley,everton,0,0.25887202314962754,0.258723146690369,0.0001488764592585401
2024-09-29|20260611|9f2e086d39ae4b855ba21604367109e8e9ce00f96010c5ec65c380d317986abc,cb55d9d65c6366f2,2024/25,2024/25|2024W39,2024-09-29,2024-09-29,2024-09-28,1,man_united,tottenham,2,0.29716349376018203,0.2962867397825618,0.0008767539776202149
2020-02-29|20260611|9f2e086d39ae4b855ba21604367109e8e9ce00f96010c5ec65c380d317986abc,cb6c80d5b827436a,2019/20,2019/20|2020W09,2020-02-29,2020-02-29,2020-02-24,5,watford,liverpool,0,0.7455316662004626,0.7518528646473077,-0.006321198446845089
2019-12-01|20260611|9f2e086d39ae4b855ba21604367109e8e9ce00f96010c5ec65c380d317986abc,cb7a00f1063da038,2019/20,2019/20|2019W48,2019-12-01,2019-12-01,2019-11-25,6,wolves,sheffield_united,1,0.12185835563435563,0.12140811411458921,0.00045024151976641447
2021-10-03|20260611|9f2e086d39ae4b855ba21604367109e8e9ce00f96010c5ec65c380d317986abc,cb84f0174379a694,2021/22,2021/22|2021W39,2021-10-03,2021-10-03,2021-09-27,6,tottenham,aston_villa,0,0.1370278645264073,0.13704217687579165,-1.4312349384343337e-05
2023-05-21|20260611|9f2e086d39ae4b855ba21604367109e8e9ce00f96010c5ec65c380d317986abc,cb8aa9b387d9cdf6,2022/23,2022/23|2023W20,2023-05-21,2023-05-21,2023-05-15,6,west_ham,leeds,0,0.12217819538139929,0.12178857010660324,0.0003896252747960516
2023-10-08|20260611|9f2e086d39ae4b855ba21604367109e8e9ce00f96010c5ec65c380d317986abc,cbaed161e504b0b7,2023/24,2023/24|2023W40,2023-10-08,2023-10-08,2023-10-02,6,west_ham,newcastle,1,0.14451873144491606,0.14461301036990581,-9.427892498975465e-05
2023-01-14|20260611|9f2e086d39ae4b855ba21604367109e8e9ce00f96010c5ec65c380d317986abc,cbc63e51e8ad84cf,2022/23,2022/23|2023W02,2023-01-14,2023-01-14,2023-01-12,2,man_united,man_city,0,0.5266573320199017,0.5276447637851965,-0.0009874317652948106
2020-07-01|20260611|9f2e086d39ae4b855ba21604367109e8e9ce00f96010c5ec65c380d317986abc,cbf71fceb08ada02,2019/20,2019/20|2020W27,2020-07-01,2020-07-01,2020-06-29,2,west_ham,chelsea,0,0.4480617807848649,0.4451957050545192,0.0028660757303456963
2023-01-04|20260611|9f2e086d39ae4b855ba21604367109e8e9ce00f96010c5ec65c380d317986abc,cc0223016f926486,2022/23,2022/23|2023W01,2023-01-04,2023-01-04,2023-01-02,2,southampton,nottm_forest,2,0.4266653855494036,0.4277801877407609,-0.0011148021913572892
2023-01-21|20260611|9f2e086d39ae4b855ba21604367109e8e9ce00f96010c5ec65c380d317986abc,cc0624b8b8a235e0,2022/23,2022/23|2023W03,2023-01-21,2023-01-21,2023-01-18,3,west_ham,everton,0,0.15084197583858733,0.1507664754583793,7.550038020803784e-05
2024-11-30|20260611|9f2e086d39ae4b855ba21604367109e8e9ce00f96010c5ec65c380d317986abc,cc16c3b46b5c8f9a,2024/25,2024/25|2024W48,2024-11-30,2024-11-30,2024-11-25,5,wolves,bournemouth,2,0.2941883641969629,0.2958316195913768,-0.0016432553944139006
2023-08-27|20260611|9f2e086d39ae4b855ba21604367109e8e9ce00f96010c5ec65c380d317986abc,ccbd60ab93c3663b,2023/24,2023/24|2023W34,2023-08-27,2023-08-27,2023-08-21,6,sheffield_united,man_city,2,0.014487160413616852,0.014847876320833252,-0.00036071590721640026
2022-05-15|20260611|9f2e086d39ae4b855ba21604367109e8e9ce00f96010c5ec65c380d317986abc,ccd64476e33bbe5b,2021/22,2021/22|2022W19,2022-05-15,2022-05-15,2022-05-10,5,tottenham,burnley,0,0.06089373184044625,0.06489233445769371,-0.003998602617247465
2021-12-04|20260611|9f2e086d39ae4b855ba21604367109e8e9ce00f96010c5ec65c380d317986abc,cd43dd6dd6d89985,2021/22,2021/22|2021W48,2021-12-04,2021-12-04,2021-11-30,4,west_ham,chelsea,0,0.4056347615503307,0.4020478029334188,0.003586958616911884
2022-04-20|20260611|9f2e086d39ae4b855ba21604367109e8e9ce00f96010c5ec65c380d317986abc,cd4b089a70f1ac86,2021/22,2021/22|2022W16,2022-04-20,2022-04-20,2022-04-19,1,chelsea,arsenal,2,0.45165401239031616,0.4505226171661234,0.001131395224192755
2022-01-22|20260611|9f2e086d39ae4b855ba21604367109e8e9ce00f96010c5ec65c380d317986abc,cd7b22d38b271bc3,2021/22,2021/22|2022W03,2022-01-22,2022-01-22,2022-01-18,4,man_united,west_ham,0,0.13857618817305137,0.14067217730949286,-0.0020959891364414895
2025-05-25|20260611|9f2e086d39ae4b855ba21604367109e8e9ce00f96010c5ec65c380d317986abc,cd7dc885ac10e008,2024/25,2024/25|2025W21,2025-05-25,2025-05-25,2025-05-19,6,ipswich,west_ham,2,0.1495198690820984,0.14857599276237327,0.0009438763197251454
2022-10-23|20260611|9f2e086d39ae4b855ba21604367109e8e9ce00f96010c5ec65c380d317986abc,cd93ae1199dc70d7,2022/23,2022/23|2022W42,2022-10-23,2022-10-23,2022-10-18,5,aston_villa,brentford,0,0.23762745205266858,0.22290386088010528,0.014723591172563305
2024-08-24|20260611|9f2e086d39ae4b855ba21604367109e8e9ce00f96010c5ec65c380d317986abc,cdaf971b97b84192,2024/25,2024/25|2024W34,2024-08-24,2024-08-24,2024-08-19,5,brighton,man_united,0,0.25824530107459287,0.2581437151497504,0.00010158592484249551
2020-02-29|20260611|9f2e086d39ae4b855ba21604367109e8e9ce00f96010c5ec65c380d317986abc,cdce6d4fd1b03994,2019/20,2019/20|2020W09,2020-02-29,2020-02-29,2020-02-24,5,bournemouth,chelsea,1,0.18330533765303664,0.18335534980511786,-5.001215208122467e-05
2023-08-13|20260611|9f2e086d39ae4b855ba21604367109e8e9ce00f96010c5ec65c380d317986abc,cea394bcec845a36,2023/24,2023/24|2023W32,2023-08-13,2023-08-13,2023-08-11,2,brentford,tottenham,1,0.1475587457931613,0.14669671919746927,0.0008620265956920392
2022-02-09|20260611|9f2e086d39ae4b855ba21604367109e8e9ce00f96010c5ec65c380d317986abc,cea45b98b7365e18,2021/22,2021/22|2022W06,2022-02-09,2022-02-09,2022-02-08,1,man_city,brentford,0,0.006713089869850845,0.006800440831979456,-8.735096212861108e-05
2021-01-16|20260611|9f2e086d39ae4b855ba21604367109e8e9ce00f96010c5ec65c380d317986abc,cf4a336823a725d7,2020/21,2020/21|2021W02,2021-01-16,2021-01-16,2021-01-12,4,fulham,chelsea,2,0.07432158582083104,0.0673912773565076,0.006930308464323437
2024-12-15|20260611|9f2e086d39ae4b855ba21604367109e8e9ce00f96010c5ec65c380d317986abc,cf968521670da6c2,2024/25,2024/25|2024W50,2024-12-15,2024-12-15,2024-12-09,6,southampton,tottenham,2,0.0749687313194,0.07563156135042612,-0.0006628300310261154
2021-05-11|20260611|9f2e086d39ae4b855ba21604367109e8e9ce00f96010c5ec65c380d317986abc,cfe792a74ff887a3,2020/21,2020/21|2021W19,2021-05-11,2021-05-11,2021-05-10,1,southampton,crystal_palace,0,0.21271977398934605,0.21221001581791704,0.0005097581714290089
2021-11-28|20260611|9f2e086d39ae4b855ba21604367109e8e9ce00f96010c5ec65c380d317986abc,d0608b831aca636f,2021/22,2021/22|2021W47,2021-11-28,2021-11-28,2021-11-27,1,man_city,west_ham,0,0.036340810283304506,0.03674029851282498,-0.00039948822952047547
2021-05-15|20260611|9f2e086d39ae4b855ba21604367109e8e9ce00f96010c5ec65c380d317986abc,d061b3a4e7db72da,2020/21,2020/21|2021W19,2021-05-15,2021-05-15,2021-05-10,5,southampton,fulham,0,0.14583122799707784,0.1618700100851012,-0.016038782088023368
2021-04-04|20260611|9f2e086d39ae4b855ba21604367109e8e9ce00f96010c5ec65c380d317986abc,d0653a4b233aec21,2020/21,2020/21|2021W13,2021-04-04,2021-04-04,2021-04-03,1,southampton,burnley,0,0.2320498900298324,0.2288692039828388,0.0031806860469935916
2024-05-15|20260611|9f2e086d39ae4b855ba21604367109e8e9ce00f96010c5ec65c380d317986abc,d06b4a1548584153,2023/24,2023/24|2024W20,2024-05-15,2024-05-15,2024-05-13,2,brighton,chelsea,2,0.2597348768322056,0.2598725621171088,-0.00013768528490321064
2020-07-01|20260611|9f2e086d39ae4b855ba21604367109e8e9ce00f96010c5ec65c380d317986abc,d0a3363e83ce53d8,2019/20,2019/20|2020W27,2020-07-01,2020-07-01,2020-06-29,2,bournemouth,newcastle,2,0.26459580683755024,0.26670402851763003,-0.0021082216800797915
2024-04-20|20260611|9f2e086d39ae4b855ba21604367109e8e9ce00f96010c5ec65c380d317986abc,d0c10e6231974dd0,2023/24,2023/24|2024W16,2024-04-20,2024-04-20,2024-04-15,5,sheffield_united,burnley,2,0.22957850842217356,0.2275715595671569,0.002006948855016649
2020-06-23|20260611|9f2e086d39ae4b855ba21604367109e8e9ce00f96010c5ec65c380d317986abc,d0dd9f233cfc0d3c,2019/20,2019/20|2020W26,2020-06-23,2020-06-23,2020-06-22,1,leicester,brighton,1,0.21734997731762085,0.21685796608663702,0.0004920112309838298
2020-07-18|20260611|9f2e086d39ae4b855ba21604367109e8e9ce00f96010c5ec65c380d317986abc,d10436feca9c5af2,2019/20,2019/20|2020W29,2020-07-18,2020-07-18,2020-07-13,5,norwich,burnley,2,0.12208786086626122,0.120393558353458,0.0016943025128032252
2022-05-07|20260611|9f2e086d39ae4b855ba21604367109e8e9ce00f96010c5ec65c380d317986abc,d156d9cfced78250,2021/22,2021/22|2022W18,2022-05-07,2022-05-07,2022-05-02,5,crystal_palace,watford,0,0.09576336385382449,0.09629759378261304,-0.0005342299287885571
2023-01-21|20260611|9f2e086d39ae4b855ba21604367109e8e9ce00f96010c5ec65c380d317986abc,d16207695dcecbd0,2022/23,2022/23|2023W03,2023-01-21,2023-01-21,2023-01-18,3,liverpool,chelsea,1,0.17289374167218427,0.17304752286759068,-0.000153781195406405
2022-04-20|20260611|9f2e086d39ae4b855ba21604367109e8e9ce00f96010c5ec65c380d317986abc,d1885d4997ab6e17,2021/22,2021/22|2022W16,2022-04-20,2022-04-20,2022-04-19,1,everton,leicester,1,0.15199519756472363,0.15226626995759782,-0.0002710723928741887
2020-10-31|20260611|9f2e086d39ae4b855ba21604367109e8e9ce00f96010c5ec65c380d317986abc,d1a405f176244aad,2020/21,2020/21|2020W44,2020-10-31,2020-10-31,2020-10-26,5,sheffield_united,man_city,2,0.05591666714837726,0.055950116470438245,-3.3449322060986886e-05
2022-05-17|20260611|9f2e086d39ae4b855ba21604367109e8e9ce00f96010c5ec65c380d317986abc,d25cbac4426cc0e2,2021/22,2021/22|2022W20,2022-05-17,2022-05-17,2022-05-16,1,southampton,liverpool,2,0.025030541948081002,0.024935972831092997,9.45691169880053e-05
2023-05-02|20260611|9f2e086d39ae4b855ba21604367109e8e9ce00f96010c5ec65c380d317986abc,d2987c39fb808e77,2022/23,2022/23|2023W18,2023-05-02,2023-05-02,2023-05-01,1,arsenal,chelsea,0,0.12735230286388732,0.12709456656338122,0.00025773630050610064
2022-02-19|20260611|9f2e086d39ae4b855ba21604367109e8e9ce00f96010c5ec65c380d317986abc,d2ae60084fcb6b6e,2021/22,2021/22|2022W07,2022-02-19,2022-02-19,2022-02-15,4,crystal_palace,chelsea,2,0.08578903233613208,0.08565091282774101,0.00013811950839107134
2024-11-30|20260611|9f2e086d39ae4b855ba21604367109e8e9ce00f96010c5ec65c380d317986abc,d2c458b6976a6d5d,2024/25,2024/25|2024W48,2024-11-30,2024-11-30,2024-11-25,5,brentford,leicester,0,0.1434458146241,0.142527612396276,0.0009182022278239887
2021-03-14|20260611|9f2e086d39ae4b855ba21604367109e8e9ce00f96010c5ec65c380d317986abc,d2e2977b5dd141f9,2020/21,2020/21|2021W10,2021-03-14,2021-03-14,2021-03-08,6,leicester,sheffield_united,0,0.06342906950864978,0.06366645187113186,-0.00023738236248208033
2024-09-22|20260611|9f2e086d39ae4b855ba21604367109e8e9ce00f96010c5ec65c380d317986abc,d364c84f4a1732c4,2024/25,2024/25|2024W38,2024-09-22,2024-09-22,2024-09-21,1,man_city,arsenal,1,0.15291060571880105,0.15339287000506627,-0.000482264286265216
2023-02-11|20260611|9f2e086d39ae4b855ba21604367109e8e9ce00f96010c5ec65c380d317986abc,d37aac1a9e96ab21,2022/23,2022/23|2023W06,2023-02-11,2023-02-11,2023-02-08,3,crystal_palace,brighton,1,0.13009478556628448,0.12999362288814498,0.00010116267813950475
2025-02-22|20260611|9f2e086d39ae4b855ba21604367109e8e9ce00f96010c5ec65c380d317986abc,d3ac26bd10e24411,2024/25,2024/25|2025W08,2025-02-22,2025-02-22,2025-02-19,3,fulham,crystal_palace,2,0.3363556955414667,0.3373870559325197,-0.0010313603910530045
2021-02-20|20260611|9f2e086d39ae4b855ba21604367109e8e9ce00f96010c5ec65c380d317986abc,d3cca51585e7eed1,2020/21,2020/21|2021W07,2021-02-20,2021-02-20,2021-02-15,5,southampton,chelsea,1,0.17336023874747647,0.1725282645329889,0.0008319742144875797
2024-04-24|20260611|9f2e086d39ae4b855ba21604367109e8e9ce00f96010c5ec65c380d317986abc,d42cdacbcf32b270,2023/24,2023/24|2024W17,2024-04-24,2024-04-24,2024-04-23,1,everton,liverpool,0,0.5979754084274116,0.5992819539343716,-0.0013065455069599663
2020-06-24|20260611|9f2e086d39ae4b855ba21604367109e8e9ce00f96010c5ec65c380d317986abc,d44d5351966f499e,2019/20,2019/20|2020W26,2020-06-24,2020-06-24,2020-06-22,2,newcastle,aston_villa,1,0.1765425491428541,0.1763025722082738,0.0002399769345803049
2024-12-08|20260611|9f2e086d39ae4b855ba21604367109e8e9ce00f96010c5ec65c380d317986abc,d44d992ca5ffbf4f,2024/25,2024/25|2024W49,2024-12-08,2024-12-08,2024-12-03,5,fulham,arsenal,1,0.20182502429477944,0.20634866348526051,-0.004523639190481071
2021-03-13|20260611|9f2e086d39ae4b855ba21604367109e8e9ce00f96010c5ec65c380d317986abc,d45ab4cdef8d7a77,2020/21,2020/21|2021W10,2021-03-13,2021-03-13,2021-03-08,5,crystal_palace,west_brom,0,0.11864306773093,0.11922318645910246,-0.0005801187281724574
2023-08-26|20260611|9f2e086d39ae4b855ba21604367109e8e9ce00f96010c5ec65c380d317986abc,d468b8d1fde827db,2023/24,2023/24|2023W34,2023-08-26,2023-08-26,2023-08-21,5,brighton,west_ham,2,0.41965275668290336,0.4203978747899453,-0.0007451181070419199
2022-10-22|20260611|9f2e086d39ae4b855ba21604367109e8e9ce00f96010c5ec65c380d317986abc,d47f2fdc323b1dbc,2022/23,2022/23|2022W42,2022-10-22,2022-10-22,2022-10-18,4,nottm_forest,liverpool,0,0.8397587180948868,0.860768779200221,-0.02101006110533421
2019-12-05|20260611|9f2e086d39ae4b855ba21604367109e8e9ce00f96010c5ec65c380d317986abc,d4aedba82472e481,2019/20,2019/20|2019W49,2019-12-05,2019-12-05,2019-12-03,2,sheffield_united,newcastle,2,0.4377280789705195,0.4370841132892782,0.0006439656812413097
2023-11-11|20260611|9f2e086d39ae4b855ba21604367109e8e9ce00f96010c5ec65c380d317986abc,d4c3508d2d57d9f0,2023/24,2023/24|2023W45,2023-11-11,2023-11-11,2023-11-06,5,wolves,tottenham,0,0.4307972004699857,0.447618140761613,-0.016820940291627284
2024-12-29|20260611|9f2e086d39ae4b855ba21604367109e8e9ce00f96010c5ec65c380d317986abc,d4d0cbaa139be34e,2024/25,2024/25|2024W52,2024-12-29,2024-12-29,2024-12-26,3,tottenham,wolves,1,0.22996546737880025,0.24109587058890125,-0.011130403210101003
2024-12-08|20260611|9f2e086d39ae4b855ba21604367109e8e9ce00f96010c5ec65c380d317986abc,d4d26b867f20a899,2024/25,2024/25|2024W49,2024-12-08,2024-12-08,2024-12-03,5,ipswich,bournemouth,2,0.18468114242149766,0.20478430920507623,-0.02010316678357857
2025-01-19|20260611|9f2e086d39ae4b855ba21604367109e8e9ce00f96010c5ec65c380d317986abc,d518425271a9ba8a,2024/25,2024/25|2025W03,2025-01-19,2025-01-19,2025-01-14,5,nottm_forest,southampton,0,0.05921335473073848,0.061131714995938,-0.001918360265199523
2023-12-17|20260611|9f2e086d39ae4b855ba21604367109e8e9ce00f96010c5ec65c380d317986abc,d52fa5c2e2dc6cde,2023/24,2023/24|2023W50,2023-12-17,2023-12-17,2023-12-15,2,arsenal,brighton,0,0.08430331428313584,0.08408496021918327,0.0002183540639525694
2020-10-23|20260611|9f2e086d39ae4b855ba21604367109e8e9ce00f96010c5ec65c380d317986abc,d5390a443ba69a87,2020/21,2020/21|2020W43,2020-10-23,2020-10-23,2020-10-19,4,aston_villa,leeds,2,0.3309250276847905,0.28901215164610267,0.04191287603868782
2023-04-08|20260611|9f2e086d39ae4b855ba21604367109e8e9ce00f96010c5ec65c380d317986abc,d58c5984e0f1b126,2022/23,2022/23|2023W14,2023-04-08,2023-04-08,2023-04-03,5,man_united,everton,0,0.0740869577010746,0.07258468537524423,0.0015022723258303616
2023-05-06|20260611|9f2e086d39ae4b855ba21604367109e8e9ce00f96010c5ec65c380d317986abc,d58e8890a1505d05,2022/23,2022/23|2023W18,2023-05-06,2023-05-06,2023-05-01,5,tottenham,crystal_palace,0,0.09712937551308518,0.09762368634393528,-0.0004943108308501087
2022-08-31|20260611|9f2e086d39ae4b855ba21604367109e8e9ce00f96010c5ec65c380d317986abc,d5bde9fa155c8e03,2022/23,2022/23|2022W35,2022-08-31,2022-08-31,2022-08-30,1,west_ham,tottenham,1,0.15874016025042026,0.15927070887473452,-0.0005305486243142588
2019-12-01|20260611|9f2e086d39ae4b855ba21604367109e8e9ce00f96010c5ec65c380d317986abc,d5c76bc87a0176e6,2019/20,2019/20|2019W48,2019-12-01,2019-12-01,2019-11-25,6,norwich,arsenal,1,0.2248581554786694,0.2237329900808785,0.0011251653977909226
2025-05-10|20260611|9f2e086d39ae4b855ba21604367109e8e9ce00f96010c5ec65c380d317986abc,d63e4ca91d04cde5,2024/25,2024/25|2025W19,2025-05-10,2025-05-10,2025-05-05,5,fulham,everton,2,0.36713840715726065,0.36713266047804133,5.746679219320594e-06
2021-08-22|20260611|9f2e086d39ae4b855ba21604367109e8e9ce00f96010c5ec65c380d317986abc,d6587563d138df4c,2021/22,2021/22|2021W33,2021-08-22,2021-08-22,2021-08-21,1,southampton,man_united,1,0.22744969062883622,0.22888006083291063,-0.0014303702040744104
2024-03-10|20260611|9f2e086d39ae4b855ba21604367109e8e9ce00f96010c5ec65c380d317986abc,d65f39eb6b000e3f,2023/24,2023/24|2024W10,2024-03-10,2024-03-10,2024-03-04,6,liverpool,man_city,1,0.13978559906969007,0.14000032228573334,-0.0002147232160432666
2021-08-14|20260611|9f2e086d39ae4b855ba21604367109e8e9ce00f96010c5ec65c380d317986abc,d678cb9ef2b61a48,2021/22,2021/22|2021W32,2021-08-14,2021-08-14,2021-08-13,1,everton,southampton,0,0.15017020219602525,0.15477970446281847,-0.004609502266793214
2025-05-02|20260611|9f2e086d39ae4b855ba21604367109e8e9ce00f96010c5ec65c380d317986abc,d67a0ef85510f7d9,2024/25,2024/25|2025W18,2025-05-02,2025-05-02,2025-05-01,1,man_city,wolves,0,0.031089194929999984,0.031020012486585043,6.918244341494115e-05
2022-10-02|20260611|9f2e086d39ae4b855ba21604367109e8e9ce00f96010c5ec65c380d317986abc,d680852fe195739e,2022/23,2022/23|2022W39,2022-10-02,2022-10-02,2022-10-01,1,leeds,aston_villa,1,0.13886100292938305,0.13946412609935283,-0.0006031231699697714
2021-02-14|20260611|9f2e086d39ae4b855ba21604367109e8e9ce00f96010c5ec65c380d317986abc,d6a1b7be89e08f03,2020/21,2020/21|2021W06,2021-02-14,2021-02-14,2021-02-08,6,west_brom,man_united,1,0.31793813750031125,0.3180212790030725,-8.314150276123033e-05
2023-02-18|20260611|9f2e086d39ae4b855ba21604367109e8e9ce00f96010c5ec65c380d317986abc,d6d448afe3a5cdf4,2022/23,2022/23|2023W07,2023-02-18,2023-02-18,2023-02-13,5,wolves,bournemouth,2,0.4637415136521338,0.46421009932028323,-0.000468585668149446
2022-02-19|20260611|9f2e086d39ae4b855ba21604367109e8e9ce00f96010c5ec65c380d317986abc,d72be277c43514d8,2021/22,2021/22|2022W07,2022-02-19,2022-02-19,2022-02-15,4,arsenal,brentford,0,0.06016811083447453,0.06044676926289701,-0.0002786584284224791
2025-01-15|20260611|9f2e086d39ae4b855ba21604367109e8e9ce00f96010c5ec65c380d317986abc,d7447b179233b86b,2024/25,2024/25|2025W03,2025-01-15,2025-01-15,2025-01-14,1,newcastle,wolves,0,0.05873125137412724,0.05902914685165567,-0.00029789547752842593
2024-02-11|20260611|9f2e086d39ae4b855ba21604367109e8e9ce00f96010c5ec65c380d317986abc,d7b0c707f6981dc8,2023/24,2023/24|2024W06,2024-02-11,2024-02-11,2024-02-05,6,aston_villa,man_united,2,0.35440288909510387,0.3559652815946868,-0.0015623924995829541
2024-12-21|20260611|9f2e086d39ae4b855ba21604367109e8e9ce00f96010c5ec65c380d317986abc,d7b9cafd52f648a8,2024/25,2024/25|2024W51,2024-12-21,2024-12-21,2024-12-16,5,aston_villa,man_city,0,0.48946777817004605,0.488986622302658,0.00048115586738806115
2023-08-27|20260611|9f2e086d39ae4b855ba21604367109e8e9ce00f96010c5ec65c380d317986abc,d81045b008d4f69e,2023/24,2023/24|2023W34,2023-08-27,2023-08-27,2023-08-21,6,newcastle,liverpool,2,0.19357470776935923,0.19597587981145864,-0.0024011720420994143
2022-05-22|20260611|9f2e086d39ae4b855ba21604367109e8e9ce00f96010c5ec65c380d317986abc,d822a9df6eb38bfa,2021/22,2021/22|2022W20,2022-05-22,2022-05-22,2022-05-16,6,brighton,west_ham,0,0.30591486647962285,0.30682933432477966,-0.0009144678451568078
2020-10-04|20260611|9f2e086d39ae4b855ba21604367109e8e9ce00f96010c5ec65c380d317986abc,d84fc825b040a314,2020/21,2020/21|2020W40,2020-10-04,2020-10-04,2020-09-28,6,southampton,west_brom,0,0.11190360815362718,0.11196722658367447,-6.361843004729084e-05
2025-04-27|20260611|9f2e086d39ae4b855ba21604367109e8e9ce00f96010c5ec65c380d317986abc,d8531b0f13ec7c88,2024/25,2024/25|2025W17,2025-04-27,2025-04-27,2025-04-21,6,liverpool,tottenham,0,0.054031080679377785,0.05644409010512978,-0.002413009425751997
2022-11-06|20260611|9f2e086d39ae4b855ba21604367109e8e9ce00f96010c5ec65c380d317986abc,d858a698810a7def,2022/23,2022/23|2022W44,2022-11-06,2022-11-06,2022-11-05,1,tottenham,liverpool,2,0.21490886614387839,0.21591953915442205,-0.0010106730105436668
2021-10-02|20260611|9f2e086d39ae4b855ba21604367109e8e9ce00f96010c5ec65c380d317986abc,d882f28b7cab77f1,2021/22,2021/22|2021W39,2021-10-02,2021-10-02,2021-09-27,5,brighton,arsenal,1,0.1379739265799744,0.13820133433845921,-0.00022740775848481554
2021-12-11|20260611|9f2e086d39ae4b855ba21604367109e8e9ce00f96010c5ec65c380d317986abc,d93174df9c5bb098,2021/22,2021/22|2021W49,2021-12-11,2021-12-11,2021-12-06,5,liverpool,aston_villa,0,0.034515266244904266,0.03478363898945049,-0.0002683727445462261
2019-08-25|20260611|9f2e086d39ae4b855ba21604367109e8e9ce00f96010c5ec65c380d317986abc,d96f73a9b2a49dd5,2019/20,2019/20|2019W34,2019-08-25,2019-08-25,2019-08-19,6,wolves,burnley,1,0.15512312838886164,0.1553322031285357,-0.00020907473967407553
2021-02-03|20260611|9f2e086d39ae4b855ba21604367109e8e9ce00f96010c5ec65c380d317986abc,d9819d64b5262b37,2020/21,2020/21|2021W05,2021-02-03,2021-02-03,2021-02-02,1,leeds,everton,2,0.3021362466393792,0.29734538243869924,0.004790864200679978
2021-12-29|20260611|9f2e086d39ae4b855ba21604367109e8e9ce00f96010c5ec65c380d317986abc,d9865aea0c5d923b,2021/22,2021/22|2021W52,2021-12-29,2021-12-29,2021-12-27,2,brentford,man_city,2,0.023309136250817795,0.023582305455585702,-0.0002731692047679077
2020-09-27|20260611|9f2e086d39ae4b855ba21604367109e8e9ce00f96010c5ec65c380d317986abc,d98a1ef1efae4d73,2020/21,2020/21|2020W39,2020-09-27,2020-09-27,2020-09-21,6,man_city,leicester,2,0.7041563963295424,0.7017805313862444,0.0023758649432980006
2022-10-08|20260611|9f2e086d39ae4b855ba21604367109e8e9ce00f96010c5ec65c380d317986abc,d9904a56cc87d7b6,2022/23,2022/23|2022W40,2022-10-08,2022-10-08,2022-10-03,5,newcastle,brentford,0,0.2238679475978553,0.2243946017791696,-0.0005266541813142844
2020-12-27|20260611|9f2e086d39ae4b855ba21604367109e8e9ce00f96010c5ec65c380d317986abc,d99741431a2b9e1a,2020/21,2020/21|2020W52,2020-12-27,2020-12-27,2020-12-21,6,liverpool,west_brom,1,0.411237050132699,0.409696486899047,0.001540563233652037
2024-12-29|20260611|9f2e086d39ae4b855ba21604367109e8e9ce00f96010c5ec65c380d317986abc,d9bce8fb8cd4e687,2024/25,2024/25|2024W52,2024-12-29,2024-12-29,2024-12-26,3,west_ham,liverpool,2,0.0613951824511909,0.05962869413837406,0.0017664883128168385
2020-02-16|20260611|9f2e086d39ae4b855ba21604367109e8e9ce00f96010c5ec65c380d317986abc,d9d8334dc153f336,2019/20,2019/20|2020W07,2020-02-16,2020-02-16,2020-02-14,2,aston_villa,tottenham,2,0.08022194086466611,0.07988551626682705,0.00033642459783905787
2024-02-17|20260611|9f2e086d39ae4b855ba21604367109e8e9ce00f96010c5ec65c380d317986abc,da51e7ae7c5af8b9,2023/24,2023/24|2024W07,2024-02-17,2024-02-17,2024-02-12,5,tottenham,wolves,2,0.5353000309887525,0.5363934583765537,-0.0010934273878012712
2021-03-14|20260611|9f2e086d39ae4b855ba21604367109e8e9ce00f96010c5ec65c380d317986abc,da6c03bf903e4eb8,2020/21,2020/21|2021W10,2021-03-14,2021-03-14,2021-03-08,6,man_united,west_ham,0,0.08830756757066621,0.08441266917290498,0.0038948983977612345
2021-09-18|20260611|9f2e086d39ae4b855ba21604367109e8e9ce00f96010c5ec65c380d317986abc,da7251069c4638f7,2021/22,2021/22|2021W37,2021-09-18,2021-09-18,2021-09-13,5,aston_villa,everton,0,0.2779136060925049,0.2719715733082646,0.00594203278424027
2022-10-16|20260611|9f2e086d39ae4b855ba21604367109e8e9ce00f96010c5ec65c380d317986abc,da8eff914443ebbe,2022/23,2022/23|2022W41,2022-10-16,2022-10-16,2022-10-10,6,liverpool,man_city,0,0.31425659892571967,0.3146851584327033,-0.0004285595069836168
2021-01-16|20260611|9f2e086d39ae4b855ba21604367109e8e9ce00f96010c5ec65c380d317986abc,da9136296fd22ca8,2020/21,2020/21|2021W02,2021-01-16,2021-01-16,2021-01-12,4,leicester,southampton,0,0.1463950931829962,0.1456554517520618,0.0007396414309344124
2019-11-03|20260611|9f2e086d39ae4b855ba21604367109e8e9ce00f96010c5ec65c380d317986abc,dacf657b9c3eb92e,2019/20,2019/20|2019W44,2019-11-03,2019-11-03,2019-11-02,1,everton,tottenham,1,0.14978153839289782,0.14985409755748347,-7.255916458565048e-05
2023-12-10|20260611|9f2e086d39ae4b855ba21604367109e8e9ce00f96010c5ec65c380d317986abc,db2c2aa1ccd74bd3,2023/24,2023/24|2023W49,2023-12-10,2023-12-10,2023-12-05,5,fulham,west_ham,0,0.2262953944248273,0.2413631634954356,-0.015067769070608306
2021-12-01|20260611|9f2e086d39ae4b855ba21604367109e8e9ce00f96010c5ec65c380d317986abc,db5a1fbb7edc66f9,2021/22,2021/22|2021W48,2021-12-01,2021-12-01,2021-11-30,1,watford,chelsea,2,0.051902239603638496,0.05204421542020725,-0.00014197581656875263
2020-11-28|20260611|9f2e086d39ae4b855ba21604367109e8e9ce00f96010c5ec65c380d317986abc,db81f72c2e6d7c75,2020/21,2020/21|2020W48,2020-11-28,2020-11-28,2020-11-23,5,brighton,liverpool,1,0.26742105807137123,0.2665356823929865,0.0008853756783847588
2024-11-29|20260611|9f2e086d39ae4b855ba21604367109e8e9ce00f96010c5ec65c380d317986abc,dba4b4bd7ae32b18,2024/25,2024/25|2024W48,2024-11-29,2024-11-29,2024-11-25,4,brighton,southampton,1,0.2407167491639593,0.2409355968160985,-0.000218847652139198
2023-03-18|20260611|9f2e086d39ae4b855ba21604367109e8e9ce00f96010c5ec65c380d317986abc,dba5e0b897c21926,2022/23,2022/23|2023W11,2023-03-18,2023-03-18,2023-03-15,3,southampton,tottenham,1,0.21095943097120823,0.2067853925394822,0.004174038431726035
2020-11-29|20260611|9f2e086d39ae4b855ba21604367109e8e9ce00f96010c5ec65c380d317986abc,dbdadd4985190872,2020/21,2020/21|2020W48,2020-11-29,2020-11-29,2020-11-23,6,chelsea,tottenham,1,0.1436024308916276,0.14309866667949803,0.0005037642121295816
2024-03-17|20260611|9f2e086d39ae4b855ba21604367109e8e9ce00f96010c5ec65c380d317986abc,dbdf7c70fe6e2e41,2023/24,2023/24|2024W11,2024-03-17,2024-03-17,2024-03-11,6,west_ham,aston_villa,1,0.1455151010251073,0.14607878266058005,-0.0005636816354727403
2025-02-23|20260611|9f2e086d39ae4b855ba21604367109e8e9ce00f96010c5ec65c380d317986abc,dbead9710b95fe80,2024/25,2024/25|2025W08,2025-02-23,2025-02-23,2025-02-19,4,newcastle,nottm_forest,0,0.1427977077058085,0.13996781586723328,0.0028298918385752103
2021-10-23|20260611|9f2e086d39ae4b855ba21604367109e8e9ce00f96010c5ec65c380d317986abc,dc1ba7b4d135ada0,2021/22,2021/22|2021W42,2021-10-23,2021-10-23,2021-10-18,5,southampton,burnley,1,0.135271038261442,0.1353534369096016,-8.239864815962061e-05
2025-02-21|20260611|9f2e086d39ae4b855ba21604367109e8e9ce00f96010c5ec65c380d317986abc,dc1c76027c9f4a70,2024/25,2024/25|2025W08,2025-02-21,2025-02-21,2025-02-19,2,leicester,brentford,2,0.1589831167651861,0.15871342811965,0.00026968864553608696
2023-12-06|20260611|9f2e086d39ae4b855ba21604367109e8e9ce00f96010c5ec65c380d317986abc,dc1d806a3a0bf4a6,2023/24,2023/24|2023W49,2023-12-06,2023-12-06,2023-12-05,1,man_united,chelsea,0,0.19156508419490165,0.19151803835958925,4.704583531239814e-05
2021-12-10|20260611|9f2e086d39ae4b855ba21604367109e8e9ce00f96010c5ec65c380d317986abc,dc7c324a57aa9e79,2021/22,2021/22|2021W49,2021-12-10,2021-12-10,2021-12-06,4,brentford,watford,0,0.17860904975223968,0.17890409586305614,-0.00029504611081646037
2020-02-23|20260611|9f2e086d39ae4b855ba21604367109e8e9ce00f96010c5ec65c380d317986abc,dc81a67e09e1e278,2019/20,2019/20|2020W08,2020-02-23,2020-02-23,2020-02-17,6,wolves,norwich,0,0.061625523242173255,0.06269995459182023,-0.0010744313496469787
2024-08-17|20260611|9f2e086d39ae4b855ba21604367109e8e9ce00f96010c5ec65c380d317986abc,dc9c49a5415e6b7a,2024/25,2024/25|2024W33,2024-08-17,2024-08-17,2024-08-16,1,ipswich,liverpool,2,0.06312879402876266,0.062976375076346,0.0001524189524166608
2020-11-07|20260611|9f2e086d39ae4b855ba21604367109e8e9ce00f96010c5ec65c380d317986abc,dcb4282672433ef0,2020/21,2020/21|2020W45,2020-11-07,2020-11-07,2020-11-02,5,crystal_palace,leeds,0,0.2520260241591661,0.319008159097358,-0.06698213493819194
2021-01-31|20260611|9f2e086d39ae4b855ba21604367109e8e9ce00f96010c5ec65c380d317986abc,dcdb1c29c3b2bb9e,2020/21,2020/21|2021W04,2021-01-31,2021-01-31,2021-01-26,5,brighton,tottenham,0,0.522775978382344,0.522638089065248,0.00013788931709601826
2024-10-25|20260611|9f2e086d39ae4b855ba21604367109e8e9ce00f96010c5ec65c380d317986abc,dd2e6333c16bde5a,2024/25,2024/25|2024W43,2024-10-25,2024-10-25,2024-10-21,4,leicester,nottm_forest,2,0.3749456609406778,0.3838927855333836,-0.008947124592705746
2021-01-21|20260611|9f2e086d39ae4b855ba21604367109e8e9ce00f96010c5ec65c380d317986abc,dd3dab6f150c0515,2020/21,2020/21|2021W03,2021-01-21,2021-01-21,2021-01-18,3,liverpool,burnley,2,0.7348128137741723,0.7335756842728274,0.0012371295013449135
2023-05-07|20260611|9f2e086d39ae4b855ba21604367109e8e9ce00f96010c5ec65c380d317986abc,dd3de804a994fa05,2022/23,2022/23|2023W18,2023-05-07,2023-05-07,2023-05-01,6,west_ham,man_united,0,0.33076065367259944,0.33392903856070455,-0.0031683848881051135
2021-03-07|20260611|9f2e086d39ae4b855ba21604367109e8e9ce00f96010c5ec65c380d317986abc,dd57520f26067772,2020/21,2020/21|2021W09,2021-03-07,2021-03-07,2021-03-01,6,tottenham,crystal_palace,0,0.06348470824287561,0.06251634715644679,0.0009683610864288233
2022-10-08|20260611|9f2e086d39ae4b855ba21604367109e8e9ce00f96010c5ec65c380d317986abc,dd5a6c76058ea827,2022/23,2022/23|2022W40,2022-10-08,2022-10-08,2022-10-03,5,man_city,southampton,0,0.004949560887017307,0.004979045850749006,-2.948496373169837e-05
2019-09-22|20260611|9f2e086d39ae4b855ba21604367109e8e9ce00f96010c5ec65c380d317986abc,ddae48b0c459851b,2019/20,2019/20|2019W38,2019-09-22,2019-09-22,2019-09-16,6,arsenal,aston_villa,0,0.03629455361400999,0.03241267025533158,0.003881883358678409
2023-02-04|20260611|9f2e086d39ae4b855ba21604367109e8e9ce00f96010c5ec65c380d317986abc,ddff5105f01e4715,2022/23,2022/23|2023W05,2023-02-04,2023-02-04,2023-02-03,1,wolves,liverpool,0,0.5847797951956462,0.584083566335858,0.0006962288597881505
2024-10-26|20260611|9f2e086d39ae4b855ba21604367109e8e9ce00f96010c5ec65c380d317986abc,de055919fe8a0036,2024/25,2024/25|2024W43,2024-10-26,2024-10-26,2024-10-21,5,everton,fulham,1,0.13039663207336025,0.13011045844004682,0.00028617363331343015
2023-12-30|20260611|9f2e086d39ae4b855ba21604367109e8e9ce00f96010c5ec65c380d317986abc,de4ff3820a1520ad,2023/24,2023/24|2023W52,2023-12-30,2023-12-30,2023-12-26,4,aston_villa,burnley,0,0.046932462879830474,0.045746339775310396,0.0011861231045200774
2021-12-04|20260611|9f2e086d39ae4b855ba21604367109e8e9ce00f96010c5ec65c380d317986abc,de5214c0c242f931,2021/22,2021/22|2021W48,2021-12-04,2021-12-04,2021-11-30,4,wolves,liverpool,2,0.075458036659169,0.07771991240299986,-0.0022618757438308545
2025-05-10|20260611|9f2e086d39ae4b855ba21604367109e8e9ce00f96010c5ec65c380d317986abc,de827a134492668a,2024/25,2024/25|2025W19,2025-05-10,2025-05-10,2025-05-05,5,southampton,man_city,1,0.37576245783943546,0.3755345429076205,0.00022791493181495426
2019-10-05|20260611|9f2e086d39ae4b855ba21604367109e8e9ce00f96010c5ec65c380d317986abc,de85702974c762d2,2019/20,2019/20|2019W40,2019-10-05,2019-10-05,2019-09-30,5,liverpool,leicester,0,0.03526037081306691,0.03536879452154809,-0.00010842370848117983
2025-02-22|20260611|9f2e086d39ae4b855ba21604367109e8e9ce00f96010c5ec65c380d317986abc,de87ef8e1c150073,2024/25,2024/25|2025W08,2025-02-22,2025-02-22,2025-02-19,3,arsenal,west_ham,2,0.7520236899092483,0.7531830574089056,-0.0011593674996572823
2023-05-28|20260611|9f2e086d39ae4b855ba21604367109e8e9ce00f96010c5ec65c380d317986abc,de92778eb8c1b48b,2022/23,2022/23|2023W21,2023-05-28,2023-05-28,2023-05-22,6,southampton,liverpool,1,0.2894847545255553,0.28978708634230715,-0.00030233181675187737
2021-04-18|20260611|9f2e086d39ae4b855ba21604367109e8e9ce00f96010c5ec65c380d317986abc,debce6861afa1995,2020/21,2020/21|2021W15,2021-04-18,2021-04-18,2021-04-12,6,arsenal,fulham,1,0.2276382031786125,0.22689059854823437,0.0007476046303781236
2020-12-12|20260611|9f2e086d39ae4b855ba21604367109e8e9ce00f96010c5ec65c380d317986abc,ded00cf45945cb2f,2020/21,2020/21|2020W50,2020-12-12,2020-12-12,2020-12-07,5,man_united,man_city,1,0.16258647436204343,0.16244261379387703,0.00014386056816639847
2022-04-30|20260611|9f2e086d39ae4b855ba21604367109e8e9ce00f96010c5ec65c380d317986abc,ded62a27d3670d7a,2021/22,2021/22|2022W17,2022-04-30,2022-04-30,2022-04-25,5,watford,burnley,2,0.21085543016504527,0.2110535582324023,-0.00019812806735702848
2024-12-27|20260611|9f2e086d39ae4b855ba21604367109e8e9ce00f96010c5ec65c380d317986abc,deddc83d54dba5f5,2024/25,2024/25|2024W52,2024-12-27,2024-12-27,2024-12-26,1,brighton,brentford,1,0.15192951129821528,0.15144020072899944,0.0004893105692158339
2021-02-06|20260611|9f2e086d39ae4b855ba21604367109e8e9ce00f96010c5ec65c380d317986abc,deecd02129701ed2,2020/21,2020/21|2021W05,2021-02-06,2021-02-06,2021-02-02,4,newcastle,southampton,0,0.28590909380365087,0.3051416903469226,-0.01923259654327175
2022-11-13|20260611|9f2e086d39ae4b855ba21604367109e8e9ce00f96010c5ec65c380d317986abc,def8438ec3cf8ebf,2022/23,2022/23|2022W45,2022-11-13,2022-11-13,2022-11-12,1,brighton,aston_villa,2,0.3949171852169493,0.3960639847956269,-0.001146799578677582
2023-11-11|20260611|9f2e086d39ae4b855ba21604367109e8e9ce00f96010c5ec65c380d317986abc,df0b411c5b7e90bf,2023/24,2023/24|2023W45,2023-11-11,2023-11-11,2023-11-06,5,man_united,luton,0,0.03541960202437838,0.035119545146620086,0.00030005687775829654
2021-04-24|20260611|9f2e086d39ae4b855ba21604367109e8e9ce00f96010c5ec65c380d317986abc,df23d387317b0841,2020/21,2020/21|2021W16,2021-04-24,2021-04-24,2021-04-19,5,liverpool,newcastle,1,0.2878460943712033,0.2899162656506916,-0.002070171279488331
2020-06-28|20260611|9f2e086d39ae4b855ba21604367109e8e9ce00f96010c5ec65c380d317986abc,df4140fb52ed1917,2019/20,2019/20|2020W26,2020-06-28,2020-06-28,2020-06-22,6,watford,southampton,2,0.3283476058298052,0.3224675924402666,0.005880013389538585
2019-08-25|20260611|9f2e086d39ae4b855ba21604367109e8e9ce00f96010c5ec65c380d317986abc,e023e89119c916f7,2019/20,2019/20|2019W34,2019-08-25,2019-08-25,2019-08-19,6,bournemouth,man_city,2,0.019965334081928503,0.020225870706884905,-0.0002605366249564013
2020-12-20|20260611|9f2e086d39ae4b855ba21604367109e8e9ce00f96010c5ec65c380d317986abc,e02fe21d7fa635f8,2020/21,2020/21|2020W51,2020-12-20,2020-12-20,2020-12-15,5,brighton,sheffield_united,1,0.11886286508496499,0.11963861516724605,-0.0007757500822810626
2024-12-01|20260611|9f2e086d39ae4b855ba21604367109e8e9ce00f96010c5ec65c380d317986abc,e055108a79853b4d,2024/25,2024/25|2024W48,2024-12-01,2024-12-01,2024-11-25,6,tottenham,fulham,1,0.19298491046700578,0.19420549680806531,-0.0012205863410595374
2022-10-20|20260611|9f2e086d39ae4b855ba21604367109e8e9ce00f96010c5ec65c380d317986abc,e06c68e6faf86905,2022/23,2022/23|2022W42,2022-10-20,2022-10-20,2022-10-18,2,leicester,leeds,0,0.114804455270369,0.11594890302840079,-0.001144447758031783
2022-03-13|20260611|9f2e086d39ae4b855ba21604367109e8e9ce00f96010c5ec65c380d317986abc,e083891e7b589de0,2021/22,2021/22|2022W10,2022-03-13,2022-03-13,2022-03-07,6,leeds,norwich,0,0.07276371593014211,0.06655305256325124,0.00621066336689087
2023-05-18|20260611|9f2e086d39ae4b855ba21604367109e8e9ce00f96010c5ec65c380d317986abc,e09e97208bd83ba5,2022/23,2022/23|2023W20,2023-05-18,2023-05-18,2023-05-15,3,newcastle,brighton,0,0.1961650012866852,0.19569314982495703,0.0004718514617281788
2021-09-19|20260611|9f2e086d39ae4b855ba21604367109e8e9ce00f96010c5ec65c380d317986abc,e0a347fe4e8bacd3,2021/22,2021/22|2021W37,2021-09-19,2021-09-19,2021-09-13,6,west_ham,man_united,2,0.1582496974187797,0.15874811656310417,-0.000498419144324469
2024-08-17|20260611|9f2e086d39ae4b855ba21604367109e8e9ce00f96010c5ec65c380d317986abc,e0a47a9b220411bd,2024/25,2024/25|2024W33,2024-08-17,2024-08-17,2024-08-16,1,arsenal,wolves,0,0.024425924184806505,0.02449775311188005,-7.182892707354588e-05
2019-08-10|20260611|9f2e086d39ae4b855ba21604367109e8e9ce00f96010c5ec65c380d317986abc,e0b606008c7630ea,2019/20,2019/20|2019W32,2019-08-10,2019-08-10,2019-08-09,1,bournemouth,sheffield_united,1,0.177973687726789,0.1778912993115266,8.23884152623966e-05
2023-05-28|20260611|9f2e086d39ae4b855ba21604367109e8e9ce00f96010c5ec65c380d317986abc,e0ea1c44bd178427,2022/23,2022/23|2023W21,2023-05-28,2023-05-28,2023-05-22,6,chelsea,newcastle,1,0.1331166053551941,0.1343348010866601,-0.0012181957314660041
2025-04-02|20260611|9f2e086d39ae4b855ba21604367109e8e9ce00f96010c5ec65c380d317986abc,e0ee2568afbd9af2,2024/25,2024/25|2025W14,2025-04-02,2025-04-02,2025-04-01,1,southampton,crystal_palace,1,0.21174519545401677,0.21160358482244826,0.00014161063156850617
2020-12-11|20260611|9f2e086d39ae4b855ba21604367109e8e9ce00f96010c5ec65c380d317986abc,e103bcbb0c63bfc0,2020/21,2020/21|2020W50,2020-12-11,2020-12-11,2020-12-07,4,leeds,west_ham,2,0.26461581597657613,0.26524092235672253,-0.0006251063801464007
2020-01-11|20260611|9f2e086d39ae4b855ba21604367109e8e9ce00f96010c5ec65c380d317986abc,e16624b3c91a98d2,2019/20,2019/20|2020W02,2020-01-11,2020-01-11,2020-01-10,1,leicester,southampton,2,0.580904205905919,0.5805702195991176,0.0003339863068013704
2024-12-22|20260611|9f2e086d39ae4b855ba21604367109e8e9ce00f96010c5ec65c380d317986abc,e16ee6e956fa960f,2024/25,2024/25|2024W51,2024-12-22,2024-12-22,2024-12-16,6,tottenham,liverpool,2,0.15475394414197524,0.15737059102387685,-0.0026166468819016075
2024-12-05|20260611|9f2e086d39ae4b855ba21604367109e8e9ce00f96010c5ec65c380d317986abc,e1a876f8699b04e6,2024/25,2024/25|2024W49,2024-12-05,2024-12-05,2024-12-03,2,fulham,brighton,0,0.2533513446083978,0.2554729683895089,-0.0021216237811110816
2021-05-23|20260611|9f2e086d39ae4b855ba21604367109e8e9ce00f96010c5ec65c380d317986abc,e1b0c421df43d5c1,2020/21,2020/21|2021W20,2021-05-23,2021-05-23,2021-05-18,5,leeds,west_brom,0,0.05226078982458507,0.060439254547404495,-0.008178464722819426
2020-12-06|20260611|9f2e086d39ae4b855ba21604367109e8e9ce00f96010c5ec65c380d317986abc,e1b9353a58a430bc,2020/21,2020/21|2020W49,2020-12-06,2020-12-06,2020-11-30,6,sheffield_united,leicester,2,0.1877433481739588,0.16133814188337423,0.02640520629058457
2020-11-01|20260611|9f2e086d39ae4b855ba21604367109e8e9ce00f96010c5ec65c380d317986abc,e1c3b4d675b04cad,2020/21,2020/21|2020W44,2020-11-01,2020-11-01,2020-10-26,6,man_united,arsenal,2,0.3795113303160898,0.38055215497314593,-0.0010408246570561275
2022-04-06|20260611|9f2e086d39ae4b855ba21604367109e8e9ce00f96010c5ec65c380d317986abc,e2659c4c143f7f3f,2021/22,2021/22|2022W14,2022-04-06,2022-04-06,2022-04-04,2,burnley,everton,0,0.2723078215541809,0.2735163687394407,-0.0012085471852598118
2025-05-04|20260611|9f2e086d39ae4b855ba21604367109e8e9ce00f96010c5ec65c380d317986abc,e2a894726924cbb8,2024/25,2024/25|2025W18,2025-05-04,2025-05-04,2025-05-01,3,brentford,man_united,0,0.19227810534252054,0.20021102091942022,-0.00793291557689968
2022-04-09|20260611|9f2e086d39ae4b855ba21604367109e8e9ce00f96010c5ec65c380d317986abc,e2f2633493d5a999,2021/22,2021/22|2022W14,2022-04-09,2022-04-09,2022-04-04,5,watford,leeds,2,0.21021805914231045,0.20854076787408188,0.0016772912682285757
2021-03-14|20260611|9f2e086d39ae4b855ba21604367109e8e9ce00f96010c5ec65c380d317986abc,e303df6f1b6869d8,2020/21,2020/21|2021W10,2021-03-14,2021-03-14,2021-03-08,6,southampton,brighton,2,0.3628029122783616,0.36292482944285465,-0.00012191716449305723
2021-10-22|20260611|9f2e086d39ae4b855ba21604367109e8e9ce00f96010c5ec65c380d317986abc,e31f21ef1103a17e,2021/22,2021/22|2021W42,2021-10-22,2021-10-22,2021-10-18,4,arsenal,aston_villa,0,0.14199807657515448,0.13826153843638248,0.0037365381387720054
2022-08-27|20260611|9f2e086d39ae4b855ba21604367109e8e9ce00f96010c5ec65c380d317986abc,e324e1a0799ecbfb,2022/23,2022/23|2022W34,2022-08-27,2022-08-27,2022-08-22,5,man_city,crystal_palace,0,0.015943031044354898,0.016211081040106514,-0.00026804999575161595
2019-08-10|20260611|9f2e086d39ae4b855ba21604367109e8e9ce00f96010c5ec65c380d317986abc,e373991bcdd80915,2019/20,2019/20|2019W32,2019-08-10,2019-08-10,2019-08-09,1,watford,brighton,2,0.43639249635875055,0.4365966422099179,-0.00020414585116734774
2023-12-02|20260611|9f2e086d39ae4b855ba21604367109e8e9ce00f96010c5ec65c380d317986abc,e398b47e95ecd3c8,2023/24,2023/24|2023W48,2023-12-02,2023-12-02,2023-11-27,5,newcastle,man_united,0,0.18036797345141223,0.18019065424238648,0.00017731920902575027
2019-12-21|20260611|9f2e086d39ae4b855ba21604367109e8e9ce00f96010c5ec65c380d317986abc,e4319dae88705065,2019/20,2019/20|2019W51,2019-12-21,2019-12-21,2019-12-16,5,man_city,leicester,0,0.04874473180296678,0.0487650272883409,-2.0295485374119404e-05
2024-02-24|20260611|9f2e086d39ae4b855ba21604367109e8e9ce00f96010c5ec65c380d317986abc,e45a7600c0b7af58,2023/24,2023/24|2024W08,2024-02-24,2024-02-24,2024-02-19,5,crystal_palace,burnley,0,0.13937888875045465,0.14010252243154253,-0.0007236336810878818
2025-03-15|20260611|9f2e086d39ae4b855ba21604367109e8e9ce00f96010c5ec65c380d317986abc,e4ad0b9e88f7ff32,2024/25,2024/25|2025W11,2025-03-15,2025-03-15,2025-03-10,5,man_city,brighton,1,0.24478813310320746,0.24446914881693302,0.000318984286274443
2023-03-18|20260611|9f2e086d39ae4b855ba21604367109e8e9ce00f96010c5ec65c380d317986abc,e4b094afc7266a60,2022/23,2022/23|2023W11,2023-03-18,2023-03-18,2023-03-15,3,chelsea,everton,1,0.22030183377296528,0.22044449085003268,-0.0001426570770673985
2024-02-03|20260611|9f2e086d39ae4b855ba21604367109e8e9ce00f96010c5ec65c380d317986abc,e4cd9fa12f53e164,2023/24,2023/24|2024W05,2024-02-03,2024-02-03,2024-01-30,4,sheffield_united,aston_villa,2,0.06003757523852091,0.05601515038403945,0.0040224248544814545
2023-08-27|20260611|9f2e086d39ae4b855ba21604367109e8e9ce00f96010c5ec65c380d317986abc,e51f24cfbdd4e061,2023/24,2023/24|2023W34,2023-08-27,2023-08-27,2023-08-21,6,burnley,aston_villa,2,0.1724918701762139,0.17450446266807493,-0.0020125924918610316
2023-12-06|20260611|9f2e086d39ae4b855ba21604367109e8e9ce00f96010c5ec65c380d317986abc,e57264984bbc1848,2023/24,2023/24|2023W49,2023-12-06,2023-12-06,2023-12-05,1,sheffield_united,liverpool,2,0.00968870166587825,0.00958714147199405,0.00010156019388419917
2020-12-12|20260611|9f2e086d39ae4b855ba21604367109e8e9ce00f96010c5ec65c380d317986abc,e59ad5889baaf9f4,2020/21,2020/21|2020W50,2020-12-12,2020-12-12,2020-12-07,5,wolves,aston_villa,2,0.4322284179295267,0.43240313202679764,-0.0001747140972709338
2021-11-06|20260611|9f2e086d39ae4b855ba21604367109e8e9ce00f96010c5ec65c380d317986abc,e5d0019bd7ce857f,2021/22,2021/22|2021W44,2021-11-06,2021-11-06,2021-11-01,5,brighton,newcastle,1,0.14256305656326065,0.14200754401209864,0.0005555125511620129
2021-08-28|20260611|9f2e086d39ae4b855ba21604367109e8e9ce00f96010c5ec65c380d317986abc,e5ffedff08f7ac54,2021/22,2021/22|2021W34,2021-08-28,2021-08-28,2021-08-23,5,brighton,everton,2,0.25725687026659355,0.25629637107428127,0.0009604991923122808
2023-12-06|20260611|9f2e086d39ae4b855ba21604367109e8e9ce00f96010c5ec65c380d317986abc,e603351bd9c5f7c8,2023/24,2023/24|2023W49,2023-12-06,2023-12-06,2023-12-05,1,crystal_palace,bournemouth,2,0.4382961071865416,0.4381852026643662,0.00011090452217538127
2024-03-03|20260611|9f2e086d39ae4b855ba21604367109e8e9ce00f96010c5ec65c380d317986abc,e615cbb1d2b3dbee,2023/24,2023/24|2024W09,2024-03-03,2024-03-03,2024-02-26,6,burnley,bournemouth,2,0.23104679910124878,0.22975159648138688,0.001295202619861907
2020-02-15|20260611|9f2e086d39ae4b855ba21604367109e8e9ce00f96010c5ec65c380d317986abc,e64b6e115c5941e2,2019/20,2019/20|2020W07,2020-02-15,2020-02-15,2020-02-14,1,norwich,liverpool,2,0.011762200469361852,0.011816618099665253,-5.44176303034008e-05
2023-01-22|20260611|9f2e086d39ae4b855ba21604367109e8e9ce00f96010c5ec65c380d317986abc,e685a75183afe018,2022/23,2022/23|2023W03,2023-01-22,2023-01-22,2023-01-18,4,leeds,brentford,1,0.14934905633770967,0.1499044930657748,-0.0005554367280651284
2019-12-04|20260611|9f2e086d39ae4b855ba21604367109e8e9ce00f96010c5ec65c380d317986abc,e696087deb30cfb4,2019/20,2019/20|2019W49,2019-12-04,2019-12-04,2019-12-03,1,chelsea,aston_villa,0,0.06210538562333824,0.061934764240012444,0.00017062138332579746
2020-07-21|20260611|9f2e086d39ae4b855ba21604367109e8e9ce00f96010c5ec65c380d317986abc,e6b7a0177faf1860,2019/20,2019/20|2020W30,2020-07-21,2020-07-21,2020-07-20,1,watford,man_city,2,0.022440679911362255,0.022507248579905447,-6.656866854319252e-05
2020-09-20|20260611|9f2e086d39ae4b855ba21604367109e8e9ce00f96010c5ec65c380d317986abc,e72917531b635cf1,2020/21,2020/21|2020W38,2020-09-20,2020-09-20,2020-09-14,6,leicester,burnley,0,0.1196376147149602,0.11727757613667883,0.002360038578281376
2023-04-22|20260611|9f2e086d39ae4b855ba21604367109e8e9ce00f96010c5ec65c380d317986abc,e75b8abaa6f655fd,2022/23,2022/23|2023W16,2023-04-22,2023-04-22,2023-04-17,5,liverpool,nottm_forest,0,0.010564366619336855,0.0116537269879357,-0.0010893603685988452
2024-02-10|20260611|9f2e086d39ae4b855ba21604367109e8e9ce00f96010c5ec65c380d317986abc,e76d58ea4289844b,2023/24,2023/24|2024W06,2024-02-10,2024-02-10,2024-02-05,5,man_city,everton,0,0.01770781432937045,0.018101638403732502,-0.0003938240743620522
2025-04-20|20260611|9f2e086d39ae4b855ba21604367109e8e9ce00f96010c5ec65c380d317986abc,e78347a3963a1832,2024/25,2024/25|2025W16,2025-04-20,2025-04-20,2025-04-14,6,leicester,liverpool,2,0.020360217317517193,0.01998980448578145,0.0003704128317357433
2023-05-21|20260611|9f2e086d39ae4b855ba21604367109e8e9ce00f96010c5ec65c380d317986abc,e7943df13722b040,2022/23,2022/23|2023W20,2023-05-21,2023-05-21,2023-05-15,6,man_city,chelsea,0,0.03667324559927424,0.03689978392082532,-0.00022653832155107578
2022-05-12|20260611|9f2e086d39ae4b855ba21604367109e8e9ce00f96010c5ec65c380d317986abc,e79e27acb54995d1,2021/22,2021/22|2022W19,2022-05-12,2022-05-12,2022-05-10,2,tottenham,arsenal,0,0.20123752252080443,0.20042774140833655,0.0008097811124678778
2022-04-09|20260611|9f2e086d39ae4b855ba21604367109e8e9ce00f96010c5ec65c380d317986abc,e80050005a60b6c8,2021/22,2021/22|2022W14,2022-04-09,2022-04-09,2022-04-04,5,aston_villa,tottenham,2,0.16827259217791143,0.16720982736094586,0.0010627648169655723
2022-08-20|20260611|9f2e086d39ae4b855ba21604367109e8e9ce00f96010c5ec65c380d317986abc,e8213d78d454da40,2022/23,2022/23|2022W33,2022-08-20,2022-08-20,2022-08-15,5,fulham,brentford,0,0.3690099543628682,0.3680464044512209,0.0009635499116473212
2022-03-12|20260611|9f2e086d39ae4b855ba21604367109e8e9ce00f96010c5ec65c380d317986abc,e84866e6f6b8e23d,2021/22,2021/22|2022W10,2022-03-12,2022-03-12,2022-03-07,5,man_united,tottenham,0,0.20779326915593269,0.19716165276118647,0.010631616394746218
2025-05-18|20260611|9f2e086d39ae4b855ba21604367109e8e9ce00f96010c5ec65c380d317986abc,e85cea94ccd863e7,2024/25,2024/25|2025W20,2025-05-18,2025-05-18,2025-05-16,2,west_ham,nottm_forest,2,0.2360763994463162,0.2354206760490357,0.000655723397280511
2022-02-09|20260611|9f2e086d39ae4b855ba21604367109e8e9ce00f96010c5ec65c380d317986abc,e8810772a16ffd74,2021/22,2021/22|2022W06,2022-02-09,2022-02-09,2022-02-08,1,tottenham,southampton,2,0.5468316700015755,0.5455307478070045,0.001300922194571008
2021-05-02|20260611|9f2e086d39ae4b855ba21604367109e8e9ce00f96010c5ec65c380d317986abc,e90ac815469564da,2020/21,2020/21|2021W17,2021-05-02,2021-05-02,2021-04-26,6,tottenham,sheffield_united,0,0.042705779267176266,0.04310856656612208,-0.0004027872989458142
2021-04-10|20260611|9f2e086d39ae4b855ba21604367109e8e9ce00f96010c5ec65c380d317986abc,e925a0654c83b0db,2020/21,2020/21|2021W14,2021-04-10,2021-04-10,2021-04-05,5,liverpool,aston_villa,0,0.0542440775606101,0.053855230018618104,0.0003888475419919976
2021-02-03|20260611|9f2e086d39ae4b855ba21604367109e8e9ce00f96010c5ec65c380d317986abc,e93e14d113b849f4,2020/21,2020/21|2021W05,2021-02-03,2021-02-03,2021-02-02,1,aston_villa,west_ham,2,0.31100129236538726,0.3079916613528325,0.0030096310125547476
2022-10-23|20260611|9f2e086d39ae4b855ba21604367109e8e9ce00f96010c5ec65c380d317986abc,e99bf1a50cdb8985,2022/23,2022/23|2022W42,2022-10-23,2022-10-23,2022-10-18,5,southampton,arsenal,1,0.19582873147372143,0.20123954505505826,-0.005410813581336826
2022-01-15|20260611|9f2e086d39ae4b855ba21604367109e8e9ce00f96010c5ec65c380d317986abc,e9b500e7bd76e547,2021/22,2021/22|2022W02,2022-01-15,2022-01-15,2022-01-11,4,newcastle,watford,1,0.14526446258991504,0.14524889738743132,1.5565202483719398e-05
2023-09-23|20260611|9f2e086d39ae4b855ba21604367109e8e9ce00f96010c5ec65c380d317986abc,ea0684aa363cf15e,2023/24,2023/24|2023W38,2023-09-23,2023-09-23,2023-09-18,5,man_city,nottm_forest,0,0.0066435715213622485,0.006840594162409057,-0.00019702264104680834
2021-02-03|20260611|9f2e086d39ae4b855ba21604367109e8e9ce00f96010c5ec65c380d317986abc,ea29ba5cd57e4c4f,2020/21,2020/21|2021W05,2021-02-03,2021-02-03,2021-02-02,1,burnley,man_city,2,0.04061575367925125,0.03940635152512399,0.0012094021541272579
2021-12-02|20260611|9f2e086d39ae4b855ba21604367109e8e9ce00f96010c5ec65c380d317986abc,ea6f790d5e6452f0,2021/22,2021/22|2021W48,2021-12-02,2021-12-02,2021-11-30,2,tottenham,brentford,0,0.10605803794864829,0.10508225295843947,0.000975784990208825
2023-04-22|20260611|9f2e086d39ae4b855ba21604367109e8e9ce00f96010c5ec65c380d317986abc,eb0979a53c8d6b70,2022/23,2022/23|2023W16,2023-04-22,2023-04-22,2023-04-17,5,crystal_palace,everton,1,0.14685389068424987,0.14784996485346624,-0.0009960741692163766
2020-07-22|20260611|9f2e086d39ae4b855ba21604367109e8e9ce00f96010c5ec65c380d317986abc,eb10172ec1fa58b5,2019/20,2019/20|2020W30,2020-07-22,2020-07-22,2020-07-20,2,man_united,west_ham,1,0.2538173628479043,0.25260494705348235,0.0012124157944219394
2022-01-02|20260611|9f2e086d39ae4b855ba21604367109e8e9ce00f96010c5ec65c380d317986abc,eb11150ff9bab54a,2021/22,2021/22|2021W52,2022-01-02,2022-01-02,2021-12-27,6,chelsea,liverpool,1,0.13693191744404365,0.13760539463191088,-0.0006734771878672274
2022-03-19|20260611|9f2e086d39ae4b855ba21604367109e8e9ce00f96010c5ec65c380d317986abc,eb25626aad1c6281,2021/22,2021/22|2022W11,2022-03-19,2022-03-19,2022-03-14,5,aston_villa,arsenal,2,0.1859961604819365,0.1811520729627056,0.004844087519230905
2024-12-05|20260611|9f2e086d39ae4b855ba21604367109e8e9ce00f96010c5ec65c380d317986abc,eb27f07a44e50973,2024/25,2024/25|2024W49,2024-12-05,2024-12-05,2024-12-03,2,bournemouth,tottenham,0,0.37391001049569983,0.3767489341717136,-0.0028389236760137937
2020-12-05|20260611|9f2e086d39ae4b855ba21604367109e8e9ce00f96010c5ec65c380d317986abc,eb61ac2e575f8e24,2020/21,2020/21|2020W49,2020-12-05,2020-12-05,2020-11-30,5,chelsea,leeds,0,0.06623036870150292,0.0652195525578706,0.001010816143632326
2020-07-09|20260611|9f2e086d39ae4b855ba21604367109e8e9ce00f96010c5ec65c380d317986abc,ebb3bd84261e91f0,2019/20,2019/20|2020W28,2020-07-09,2020-07-09,2020-07-06,3,bournemouth,tottenham,1,0.20196226799355277,0.20044124783972647,0.0015210201538262969
2024-02-10|20260611|9f2e086d39ae4b855ba21604367109e8e9ce00f96010c5ec65c380d317986abc,ebf7eee6c068d2dd,2023/24,2023/24|2024W06,2024-02-10,2024-02-10,2024-02-05,5,liverpool,burnley,0,0.012586144804446791,0.012524062519919252,6.208228452753844e-05
2020-07-26|20260611|9f2e086d39ae4b855ba21604367109e8e9ce00f96010c5ec65c380d317986abc,ec09ede98517fdba,2019/20,2019/20|2020W30,2020-07-26,2020-07-26,2020-07-20,6,chelsea,wolves,0,0.18095799244875374,0.16967644645504398,0.011281545993709757
2024-12-14|20260611|9f2e086d39ae4b855ba21604367109e8e9ce00f96010c5ec65c380d317986abc,ec3dde86e6a873e7,2024/25,2024/25|2024W50,2024-12-14,2024-12-14,2024-12-09,5,newcastle,leicester,0,0.08179456817403044,0.08189019188606965,-9.562371203920839e-05
2023-08-19|20260611|9f2e086d39ae4b855ba21604367109e8e9ce00f96010c5ec65c380d317986abc,ec876d8fd1b2e74f,2023/24,2023/24|2023W33,2023-08-19,2023-08-19,2023-08-14,5,man_city,newcastle,0,0.041453806798349785,0.041573863557864466,-0.00012005675951468064
2024-04-27|20260611|9f2e086d39ae4b855ba21604367109e8e9ce00f96010c5ec65c380d317986abc,eccde74d93a3454a,2023/24,2023/24|2024W17,2024-04-27,2024-04-27,2024-04-23,4,everton,brentford,0,0.29313600987817284,0.3108990121243492,-0.017763002246176385
2023-12-09|20260611|9f2e086d39ae4b855ba21604367109e8e9ce00f96010c5ec65c380d317986abc,ed27d41005c8e822,2023/24,2023/24|2023W49,2023-12-09,2023-12-09,2023-12-05,4,man_united,bournemouth,2,0.616195692562526,0.6271657173686793,-0.010970024806153278
2022-08-06|20260611|9f2e086d39ae4b855ba21604367109e8e9ce00f96010c5ec65c380d317986abc,ed5ff61bf972d74a,2022/23,2022/23|2022W31,2022-08-06,2022-08-06,2022-08-05,1,tottenham,southampton,0,0.04099059380288678,0.040813559318155244,0.00017703448473153222
2020-12-19|20260611|9f2e086d39ae4b855ba21604367109e8e9ce00f96010c5ec65c380d317986abc,ed97110289c63f6a,2020/21,2020/21|2020W51,2020-12-19,2020-12-19,2020-12-15,4,southampton,man_city,2,0.05968952672928127,0.05395817383317965,0.005731352896101619
2023-12-28|20260611|9f2e086d39ae4b855ba21604367109e8e9ce00f96010c5ec65c380d317986abc,ed9880dfc40ea810,2023/24,2023/24|2023W52,2023-12-28,2023-12-28,2023-12-26,2,arsenal,west_ham,2,0.5922873425588324,0.59534370767425,-0.0030563651154176252
2019-12-21|20260611|9f2e086d39ae4b855ba21604367109e8e9ce00f96010c5ec65c380d317986abc,ee0baddfabc30d2d,2019/20,2019/20|2019W51,2019-12-21,2019-12-21,2019-12-16,5,norwich,wolves,2,0.12282434002179723,0.12315618333695241,-0.00033184331515517806
2024-12-04|20260611|9f2e086d39ae4b855ba21604367109e8e9ce00f96010c5ec65c380d317986abc,ee0be7aafe11e2f6,2024/25,2024/25|2024W49,2024-12-04,2024-12-04,2024-12-03,1,southampton,chelsea,2,0.07320883841837726,0.07315004625073464,5.879216764262396e-05
2020-10-04|20260611|9f2e086d39ae4b855ba21604367109e8e9ce00f96010c5ec65c380d317986abc,ee3d36c4beaf4e1d,2020/21,2020/21|2020W40,2020-10-04,2020-10-04,2020-09-28,6,arsenal,sheffield_united,0,0.10865380258413121,0.10622262016494127,0.0024311824191899367
2023-09-03|20260611|9f2e086d39ae4b855ba21604367109e8e9ce00f96010c5ec65c380d317986abc,ee50c798a48e1889,2023/24,2023/24|2023W35,2023-09-03,2023-09-03,2023-09-01,2,arsenal,man_united,0,0.14861292196999676,0.14763873572332506,0.0009741862466716988
2024-12-04|20260611|9f2e086d39ae4b855ba21604367109e8e9ce00f96010c5ec65c380d317986abc,ee6c3cc492fb2696,2024/25,2024/25|2024W49,2024-12-04,2024-12-04,2024-12-03,1,everton,wolves,0,0.23028964469455693,0.23067342566785043,-0.0003837809732935016
2020-01-11|20260611|9f2e086d39ae4b855ba21604367109e8e9ce00f96010c5ec65c380d317986abc,ee77565db199b33e,2019/20,2019/20|2020W02,2020-01-11,2020-01-11,2020-01-10,1,wolves,newcastle,1,0.1605711757379229,0.1602102409150184,0.00036093482290450174
2019-10-26|20260611|9f2e086d39ae4b855ba21604367109e8e9ce00f96010c5ec65c380d317986abc,ee923ec40283ae9a,2019/20,2019/20|2019W43,2019-10-26,2019-10-26,2019-10-21,5,watford,bournemouth,1,0.14029427905223124,0.14019016837647824,0.0001041106757529997
2019-09-01|20260611|9f2e086d39ae4b855ba21604367109e8e9ce00f96010c5ec65c380d317986abc,ee9364609c5c8916,2019/20,2019/20|2019W35,2019-09-01,2019-09-01,2019-08-31,1,arsenal,tottenham,1,0.141025413234004,0.14123103553194344,-0.00020562229793943954
2019-10-27|20260611|9f2e086d39ae4b855ba21604367109e8e9ce00f96010c5ec65c380d317986abc,eeb44d435383560a,2019/20,2019/20|2019W43,2019-10-27,2019-10-27,2019-10-21,6,newcastle,wolves,1,0.11804299925507183,0.11867322844769321,-0.0006302291926213732
2021-03-03|20260611|9f2e086d39ae4b855ba21604367109e8e9ce00f96010c5ec65c380d317986abc,eec60aa55b840fb9,2020/21,2020/21|2021W09,2021-03-03,2021-03-03,2021-03-01,2,sheffield_united,aston_villa,0,0.37600402404750083,0.3771359223977191,-0.0011318983502182633
2021-05-23|20260611|9f2e086d39ae4b855ba21604367109e8e9ce00f96010c5ec65c380d317986abc,ef4deaceeb415f6b,2020/21,2020/21|2021W20,2021-05-23,2021-05-23,2021-05-18,5,arsenal,brighton,0,0.11100130196111123,0.10630222968025961,0.004699072280851618
2023-05-20|20260611|9f2e086d39ae4b855ba21604367109e8e9ce00f96010c5ec65c380d317986abc,efdd65445816067c,2022/23,2022/23|2023W20,2023-05-20,2023-05-20,2023-05-15,5,nottm_forest,arsenal,0,0.6081974767598063,0.6086218841347133,-0.00042440737490700986
2022-08-06|20260611|9f2e086d39ae4b855ba21604367109e8e9ce00f96010c5ec65c380d317986abc,eff11dd93ded8108,2022/23,2022/23|2022W31,2022-08-06,2022-08-06,2022-08-05,1,bournemouth,aston_villa,0,0.3585735833287057,0.3580161736931794,0.000557409635526307
2022-05-22|20260611|9f2e086d39ae4b855ba21604367109e8e9ce00f96010c5ec65c380d317986abc,f01b371d0b2848c7,2021/22,2021/22|2022W20,2022-05-22,2022-05-22,2022-05-16,6,man_city,aston_villa,0,0.018026786291902245,0.01854430838344579,-0.0005175220915435465
2024-02-04|20260611|9f2e086d39ae4b855ba21604367109e8e9ce00f96010c5ec65c380d317986abc,f01b3cf397a24c86,2023/24,2023/24|2024W05,2024-02-04,2024-02-04,2024-01-30,5,man_united,west_ham,0,0.15527910649918497,0.16050505490975492,-0.005225948410569947
2021-04-04|20260611|9f2e086d39ae4b855ba21604367109e8e9ce00f96010c5ec65c380d317986abc,f02039d9628b99ae,2020/21,2020/21|2021W13,2021-04-04,2021-04-04,2021-04-03,1,man_united,brighton,0,0.05443727148870423,0.05285653194832927,0.0015807395403749647
2021-01-23|20260611|9f2e086d39ae4b855ba21604367109e8e9ce00f96010c5ec65c380d317986abc,f02f4dfcdfdcddf1,2020/21,2020/21|2021W03,2021-01-23,2021-01-23,2021-01-18,5,aston_villa,newcastle,0,0.16105804643085564,0.16800755343896417,-0.006949507008108535
2023-04-22|20260611|9f2e086d39ae4b855ba21604367109e8e9ce00f96010c5ec65c380d317986abc,f05e8d5997bbc0c1,2022/23,2022/23|2023W16,2023-04-22,2023-04-22,2023-04-17,5,fulham,leeds,0,0.1456724825181882,0.15359816354408184,-0.007925681025893638
2023-12-03|20260611|9f2e086d39ae4b855ba21604367109e8e9ce00f96010c5ec65c380d317986abc,f086dc3c8e007921,2023/24,2023/24|2023W48,2023-12-03,2023-12-03,2023-11-27,6,bournemouth,aston_villa,1,0.19155063080107812,0.19167611939683243,-0.00012548859575431393
2023-05-06|20260611|9f2e086d39ae4b855ba21604367109e8e9ce00f96010c5ec65c380d317986abc,f106e3a355088216,2022/23,2022/23|2023W18,2023-05-06,2023-05-06,2023-05-01,5,liverpool,brentford,0,0.06079627187462164,0.061035503376955305,-0.0002392315023336672
2021-04-11|20260611|9f2e086d39ae4b855ba21604367109e8e9ce00f96010c5ec65c380d317986abc,f1b4b0fbb38c609d,2020/21,2020/21|2021W14,2021-04-11,2021-04-11,2021-04-05,6,tottenham,man_united,2,0.2592605782447844,0.26288008014286324,-0.0036195018980788585
2024-03-09|20260611|9f2e086d39ae4b855ba21604367109e8e9ce00f96010c5ec65c380d317986abc,f1c1b3728ec2b3fd,2023/24,2023/24|2024W10,2024-03-09,2024-03-09,2024-03-04,5,crystal_palace,luton,1,0.1629822110466917,0.16312048813458818,-0.00013827708789648785
2019-08-10|20260611|9f2e086d39ae4b855ba21604367109e8e9ce00f96010c5ec65c380d317986abc,f1f3430c247e2ead,2019/20,2019/20|2019W32,2019-08-10,2019-08-10,2019-08-09,1,west_ham,man_city,2,0.03622071776144126,0.0361860681833153,3.464957812595454e-05
2019-08-24|20260611|9f2e086d39ae4b855ba21604367109e8e9ce00f96010c5ec65c380d317986abc,f1fb5889bf3992bb,2019/20,2019/20|2019W34,2019-08-24,2019-08-24,2019-08-19,5,norwich,chelsea,2,0.11180944737138725,0.1102682157508324,0.0015412316205548476
2022-09-17|20260611|9f2e086d39ae4b855ba21604367109e8e9ce00f96010c5ec65c380d317986abc,f25210ac99975a07,2022/23,2022/23|2022W37,2022-09-17,2022-09-17,2022-09-16,1,wolves,man_city,2,0.04316136268203686,0.04316419907346184,-2.836391424981821e-06
2020-11-08|20260611|9f2e086d39ae4b855ba21604367109e8e9ce00f96010c5ec65c380d317986abc,f261c35926af83d0,2020/21,2020/21|2020W45,2020-11-08,2020-11-08,2020-11-02,6,man_city,liverpool,1,0.16754674228779529,0.167396493664517,0.0001502486232782818
2019-09-22|20260611|9f2e086d39ae4b855ba21604367109e8e9ce00f96010c5ec65c380d317986abc,f268aa99db17165c,2019/20,2019/20|2019W38,2019-09-22,2019-09-22,2019-09-16,6,chelsea,liverpool,2,0.1607471230306996,0.15898264500242426,0.0017644780282753403
2019-12-14|20260611|9f2e086d39ae4b855ba21604367109e8e9ce00f96010c5ec65c380d317986abc,f27cd9c84770c4fd,2019/20,2019/20|2019W50,2019-12-14,2019-12-14,2019-12-09,5,sheffield_united,aston_villa,0,0.13304964243995487,0.13255266957789197,0.0004969728620629055
2025-05-25|20260611|9f2e086d39ae4b855ba21604367109e8e9ce00f96010c5ec65c380d317986abc,f28705149b90e9fd,2024/25,2024/25|2025W21,2025-05-25,2025-05-25,2025-05-19,6,southampton,arsenal,2,0.0130785542989072,0.0128999266518205,0.00017862764708670084
2020-07-12|20260611|9f2e086d39ae4b855ba21604367109e8e9ce00f96010c5ec65c380d317986abc,f297bd54060bc311,2019/20,2019/20|2020W28,2020-07-12,2020-07-12,2020-07-06,6,wolves,everton,0,0.16342325962330492,0.15840714506377526,0.005016114559529661
2020-12-26|20260611|9f2e086d39ae4b855ba21604367109e8e9ce00f96010c5ec65c380d317986abc,f2ad2e6c9e7e0a11,2020/21,2020/21|2020W52,2020-12-26,2020-12-26,2020-12-21,5,fulham,southampton,1,0.16521865434975463,0.1653833273974906,-0.00016467304773595814
2023-12-16|20260611|9f2e086d39ae4b855ba21604367109e8e9ce00f96010c5ec65c380d317986abc,f328d11fabed8901,2023/24,2023/24|2023W50,2023-12-16,2023-12-16,2023-12-15,1,man_city,crystal_palace,1,0.34144878287520447,0.341543102612683,-9.431973747853206e-05
2024-10-26|20260611|9f2e086d39ae4b855ba21604367109e8e9ce00f96010c5ec65c380d317986abc,f34c743d67591388,2024/25,2024/25|2024W43,2024-10-26,2024-10-26,2024-10-21,5,man_city,southampton,0,0.003561156778606253,0.003576710439650504,-1.555366104425077e-05
2020-12-05|20260611|9f2e086d39ae4b855ba21604367109e8e9ce00f96010c5ec65c380d317986abc,f3e10a0a7700a55e,2020/21,2020/21|2020W49,2020-12-05,2020-12-05,2020-11-30,5,man_city,fulham,0,0.0024469348217465037,0.00162038319859765,0.0008265516231488537
2023-08-26|20260611|9f2e086d39ae4b855ba21604367109e8e9ce00f96010c5ec65c380d317986abc,f3ea1b6ad4376d04,2023/24,2023/24|2023W34,2023-08-26,2023-08-26,2023-08-21,5,man_united,nottm_forest,0,0.05826601819569701,0.058593457076604516,-0.000327438880907506
2021-03-03|20260611|9f2e086d39ae4b855ba21604367109e8e9ce00f96010c5ec65c380d317986abc,f42d8b0c85479dbd,2020/21,2020/21|2021W09,2021-03-03,2021-03-03,2021-03-01,2,crystal_palace,man_united,1,0.20562775879790524,0.20579298099279628,-0.0001652221948910404
2020-02-01|20260611|9f2e086d39ae4b855ba21604367109e8e9ce00f96010c5ec65c380d317986abc,f4aafbe4bb927a3a,2019/20,2019/20|2020W05,2020-02-01,2020-02-01,2020-01-29,3,watford,everton,2,0.2283563043987193,0.2284216706705509,-6.536627183162391e-05
2021-12-04|20260611|9f2e086d39ae4b855ba21604367109e8e9ce00f96010c5ec65c380d317986abc,f4c7796d056c6805,2021/22,2021/22|2021W48,2021-12-04,2021-12-04,2021-11-30,4,southampton,brighton,1,0.12470607925199242,0.12479421148076382,-8.813222877139537e-05
2022-01-02|20260611|9f2e086d39ae4b855ba21604367109e8e9ce00f96010c5ec65c380d317986abc,f4dc4993d19980c7,2021/22,2021/22|2021W52,2022-01-02,2022-01-02,2021-12-27,6,leeds,burnley,0,0.16690198320819252,0.17126486215244302,-0.004362878944250498
2020-01-11|20260611|9f2e086d39ae4b855ba21604367109e8e9ce00f96010c5ec65c380d317986abc,f4e5653de8124fac,2019/20,2019/20|2020W02,2020-01-11,2020-01-11,2020-01-10,1,man_united,norwich,0,0.03316338230741766,0.033209638121722396,-4.625581430473674e-05
2021-04-22|20260611|9f2e086d39ae4b855ba21604367109e8e9ce00f96010c5ec65c380d317986abc,f4fe50346e5e2981,2020/21,2020/21|2021W16,2021-04-22,2021-04-22,2021-04-19,3,leicester,west_brom,0,0.044222405833200834,0.044393471554228216,-0.00017106572102738166
2019-12-04|20260611|9f2e086d39ae4b855ba21604367109e8e9ce00f96010c5ec65c380d317986abc,f5066b57dcc49683,2019/20,2019/20|2019W49,2019-12-04,2019-12-04,2019-12-03,1,southampton,norwich,0,0.13446679709223733,0.13428789347645187,0.00017890361578545844
2025-04-13|20260611|9f2e086d39ae4b855ba21604367109e8e9ce00f96010c5ec65c380d317986abc,f51d2fcb41fb503f,2024/25,2024/25|2025W15,2025-04-13,2025-04-13,2025-04-07,6,wolves,tottenham,0,0.3933932146424022,0.390729843864841,0.0026633707775611803
2022-03-05|20260611|9f2e086d39ae4b855ba21604367109e8e9ce00f96010c5ec65c380d317986abc,f533d8add9aaf03c,2021/22,2021/22|2022W09,2022-03-05,2022-03-05,2022-03-01,4,leicester,leeds,0,0.09732784458937584,0.10187711653488338,-0.004549271945507541
2020-10-31|20260611|9f2e086d39ae4b855ba21604367109e8e9ce00f96010c5ec65c380d317986abc,f5787793a4b7dd10,2020/21,2020/21|2020W44,2020-10-31,2020-10-31,2020-10-26,5,burnley,chelsea,2,0.13856107869261963,0.14092770728713,-0.002366628594510367
2021-01-02|20260611|9f2e086d39ae4b855ba21604367109e8e9ce00f96010c5ec65c380d317986abc,f5d2595fa2f877c0,2020/21,2020/21|2020W53,2021-01-02,2021-01-02,2020-12-28,5,tottenham,leeds,0,0.06964607812108743,0.051331288256484656,0.018314789864602776
2025-05-11|20260611|9f2e086d39ae4b855ba21604367109e8e9ce00f96010c5ec65c380d317986abc,f5dfb05793b4ed64,2024/25,2024/25|2025W19,2025-05-11,2025-05-11,2025-05-05,6,nottm_forest,leicester,1,0.21877994630471886,0.21865884779999947,0.00012109850471939132
2020-07-26|20260611|9f2e086d39ae4b855ba21604367109e8e9ce00f96010c5ec65c380d317986abc,f5f05fa3185d0b68,2019/20,2019/20|2020W30,2020-07-26,2020-07-26,2020-07-20,6,southampton,sheffield_united,0,0.27571625699841323,0.2914030398780756,-0.015686782879662353
2020-01-02|20260611|9f2e086d39ae4b855ba21604367109e8e9ce00f96010c5ec65c380d317986abc,f606aff65076e0b8,2019/20,2019/20|2020W01,2020-01-02,2020-01-02,2020-01-01,1,liverpool,sheffield_united,0,0.047606523145444266,0.04788347876970323,-0.0002769556242589663
2023-12-10|20260611|9f2e086d39ae4b855ba21604367109e8e9ce00f96010c5ec65c380d317986abc,f64138196df5fa61,2023/24,2023/24|2023W49,2023-12-10,2023-12-10,2023-12-05,5,luton,man_city,2,0.012258493473126802,0.01220528643592465,5.320703720215238e-05
2022-01-12|20260611|9f2e086d39ae4b855ba21604367109e8e9ce00f96010c5ec65c380d317986abc,f6a42abb0396196e,2021/22,2021/22|2022W02,2022-01-12,2022-01-12,2022-01-11,1,west_ham,norwich,0,0.017422026843092447,0.017593258390967655,-0.00017123154787520786
2024-10-20|20260611|9f2e086d39ae4b855ba21604367109e8e9ce00f96010c5ec65c380d317986abc,f6d4d484358c8ddc,2024/25,2024/25|2024W42,2024-10-20,2024-10-20,2024-10-19,1,liverpool,chelsea,0,0.08878056697577284,0.08853176973247746,0.0002487972432953789
2025-05-03|20260611|9f2e086d39ae4b855ba21604367109e8e9ce00f96010c5ec65c380d317986abc,f6dfb2111aef0e97,2024/25,2024/25|2025W18,2025-05-03,2025-05-03,2025-05-01,2,everton,ipswich,1,0.18461225375815626,0.18451666699853667,9.558675961959806e-05
2022-08-20|20260611|9f2e086d39ae4b855ba21604367109e8e9ce00f96010c5ec65c380d317986abc,f6efa657adeedada,2022/23,2022/23|2022W33,2022-08-20,2022-08-20,2022-08-15,5,bournemouth,arsenal,2,0.10432362885918724,0.10520911041202646,-0.0008854815528392262
2023-05-06|20260611|9f2e086d39ae4b855ba21604367109e8e9ce00f96010c5ec65c380d317986abc,f73c3cd3f12e8f6b,2022/23,2022/23|2023W18,2023-05-06,2023-05-06,2023-05-01,5,man_city,leeds,0,0.0031286726946409965,0.0032601594103404954,-0.0001314867156994989
2021-04-21|20260611|9f2e086d39ae4b855ba21604367109e8e9ce00f96010c5ec65c380d317986abc,f755fdcdfa5b34b5,2020/21,2020/21|2021W16,2021-04-21,2021-04-21,2021-04-19,2,aston_villa,man_city,2,0.0401763303454824,0.040413591545766396,-0.00023726120028399328
2022-03-13|20260611|9f2e086d39ae4b855ba21604367109e8e9ce00f96010c5ec65c380d317986abc,f762235b71c7da0d,2021/22,2021/22|2022W10,2022-03-13,2022-03-13,2022-03-07,6,arsenal,leicester,0,0.15228378269580928,0.15354623106781012,-0.0012624483720008461
2024-04-04|20260611|9f2e086d39ae4b855ba21604367109e8e9ce00f96010c5ec65c380d317986abc,f7b311f64526dc57,2023/24,2023/24|2024W14,2024-04-04,2024-04-04,2024-04-02,2,chelsea,man_united,0,0.23690836348089384,0.23761835464470968,-0.0007099911638158429
2020-06-30|20260611|9f2e086d39ae4b855ba21604367109e8e9ce00f96010c5ec65c380d317986abc,f7b489c4d4291eda,2019/20,2019/20|2020W27,2020-06-30,2020-06-30,2020-06-29,1,brighton,man_united,2,0.123787417633717,0.12453669064672018,-0.0007492730130031766
2021-05-13|20260611|9f2e086d39ae4b855ba21604367109e8e9ce00f96010c5ec65c380d317986abc,f7cb29ac294271f4,2020/21,2020/21|2021W19,2021-05-13,2021-05-13,2021-05-10,3,man_united,liverpool,2,0.2893695460727672,0.3024332249925565,-0.013063678919789268
2024-12-21|20260611|9f2e086d39ae4b855ba21604367109e8e9ce00f96010c5ec65c380d317986abc,f7ed108153d2a9ee,2024/25,2024/25|2024W51,2024-12-21,2024-12-21,2024-12-16,5,ipswich,newcastle,2,0.09955530106626623,0.09985742877332765,-0.00030212770706142256
2024-08-24|20260611|9f2e086d39ae4b855ba21604367109e8e9ce00f96010c5ec65c380d317986abc,f7fec861028e7fe2,2024/25,2024/25|2024W34,2024-08-24,2024-08-24,2024-08-19,5,fulham,leicester,0,0.199197294663016,0.1965498276269749,0.0026474670360411012
2024-04-21|20260611|9f2e086d39ae4b855ba21604367109e8e9ce00f96010c5ec65c380d317986abc,f842029818cdc8a0,2023/24,2023/24|2024W16,2024-04-21,2024-04-21,2024-04-15,6,aston_villa,bournemouth,0,0.07915020793984687,0.07865910846241884,0.0004910994774280225
2025-02-15|20260611|9f2e086d39ae4b855ba21604367109e8e9ce00f96010c5ec65c380d317986abc,f851416689e21c2d,2024/25,2024/25|2025W07,2025-02-15,2025-02-15,2025-02-12,3,aston_villa,ipswich,1,0.2506450669637403,0.24963572295760925,0.0010093440061310355
2023-12-06|20260611|9f2e086d39ae4b855ba21604367109e8e9ce00f96010c5ec65c380d317986abc,f852fe08d85a6f91,2023/24,2023/24|2023W49,2023-12-06,2023-12-06,2023-12-05,1,fulham,nottm_forest,0,0.14465450463400448,0.14471352426601924,-5.901963201476734e-05
2021-12-01|20260611|9f2e086d39ae4b855ba21604367109e8e9ce00f96010c5ec65c380d317986abc,f8623b86ef2ba0fe,2021/22,2021/22|2021W48,2021-12-01,2021-12-01,2021-11-30,1,aston_villa,man_city,2,0.038174991623272994,0.03840853898406905,-0.00023354736079605337
2023-01-14|20260611|9f2e086d39ae4b855ba21604367109e8e9ce00f96010c5ec65c380d317986abc,f89ebece755f1904,2022/23,2022/23|2023W02,2023-01-14,2023-01-14,2023-01-12,2,brighton,liverpool,0,0.49507683743160497,0.4956451763743573,-0.0005683389427523222
2023-03-17|20260611|9f2e086d39ae4b855ba21604367109e8e9ce00f96010c5ec65c380d317986abc,f8cd3655039afe7f,2022/23,2022/23|2023W11,2023-03-17,2023-03-17,2023-03-15,2,nottm_forest,newcastle,2,0.13677474818467888,0.1370291769768465,-0.0002544287921676103
2021-11-06|20260611|9f2e086d39ae4b855ba21604367109e8e9ce00f96010c5ec65c380d317986abc,f8d663e6b283d7f9,2021/22,2021/22|2021W44,2021-11-06,2021-11-06,2021-11-01,5,crystal_palace,wolves,0,0.28880087097484747,0.2821032372071709,0.00669763376767657
2022-04-28|20260611|9f2e086d39ae4b855ba21604367109e8e9ce00f96010c5ec65c380d317986abc,f8dda6876686161b,2021/22,2021/22|2022W17,2022-04-28,2022-04-28,2022-04-25,3,man_united,chelsea,1,0.14594447302433364,0.14616610749052825,-0.00022163446619460903
2022-02-27|20260611|9f2e086d39ae4b855ba21604367109e8e9ce00f96010c5ec65c380d317986abc,f8e7bc26ad52a95e,2021/22,2021/22|2022W08,2022-02-27,2022-02-27,2022-02-23,4,west_ham,wolves,0,0.20894349029436204,0.2123140534121009,-0.0033705631177388673
2019-09-21|20260611|9f2e086d39ae4b855ba21604367109e8e9ce00f96010c5ec65c380d317986abc,f92b52631705f8c5,2019/20,2019/20|2019W38,2019-09-21,2019-09-21,2019-09-16,5,everton,sheffield_united,2,0.49369277132022027,0.49446244432448655,-0.0007696730042662803
2023-05-28|20260611|9f2e086d39ae4b855ba21604367109e8e9ce00f96010c5ec65c380d317986abc,f94d5a62462eb6fc,2022/23,2022/23|2023W21,2023-05-28,2023-05-28,2023-05-22,6,brentford,man_city,0,0.5871785974148673,0.592456036521106,-0.005277439106238679
2024-04-06|20260611|9f2e086d39ae4b855ba21604367109e8e9ce00f96010c5ec65c380d317986abc,f96d348271c424b6,2023/24,2023/24|2024W14,2024-04-06,2024-04-06,2024-04-02,4,brighton,arsenal,2,0.1278663161363561,0.12589634139900185,0.0019699747373542464
2020-10-24|20260611|9f2e086d39ae4b855ba21604367109e8e9ce00f96010c5ec65c380d317986abc,f9bc7083872dd487,2020/21,2020/21|2020W43,2020-10-24,2020-10-24,2020-10-19,5,west_ham,man_city,1,0.2687597035849658,0.26668393448214445,0.0020757691028213676
2023-04-30|20260611|9f2e086d39ae4b855ba21604367109e8e9ce00f96010c5ec65c380d317986abc,f9ead539fc10f26c,2022/23,2022/23|2023W17,2023-04-30,2023-04-30,2023-04-25,5,bournemouth,leeds,0,0.2275045693790149,0.2396943288232862,-0.012189759444271309
2023-10-29|20260611|9f2e086d39ae4b855ba21604367109e8e9ce00f96010c5ec65c380d317986abc,fa16a18448bf93ac,2023/24,2023/24|2023W43,2023-10-29,2023-10-29,2023-10-23,6,west_ham,everton,2,0.4726244987530106,0.47270892622328375,-8.442747027315178e-05
2023-01-01|20260611|9f2e086d39ae4b855ba21604367109e8e9ce00f96010c5ec65c380d317986abc,fa6f4ad18646cc5b,2022/23,2022/23|2022W52,2023-01-01,2023-01-01,2022-12-26,6,nottm_forest,chelsea,1,0.24894390257392504,0.23741674338475563,0.011527159189169411
2020-07-02|20260611|9f2e086d39ae4b855ba21604367109e8e9ce00f96010c5ec65c380d317986abc,faa0a9d4684e8860,2019/20,2019/20|2020W27,2020-07-02,2020-07-02,2020-06-29,3,man_city,liverpool,0,0.23120113641134007,0.23023960554512027,0.0009615308662198063
2021-02-21|20260611|9f2e086d39ae4b855ba21604367109e8e9ce00f96010c5ec65c380d317986abc,fad17753e36c2898,2020/21,2020/21|2021W07,2021-02-21,2021-02-21,2021-02-15,6,arsenal,man_city,2,0.07857626175189907,0.07980931185353965,-0.0012330501016405843
2020-06-24|20260611|9f2e086d39ae4b855ba21604367109e8e9ce00f96010c5ec65c380d317986abc,fad4a011cdee3bc1,2019/20,2019/20|2020W26,2020-06-24,2020-06-24,2020-06-22,2,norwich,everton,2,0.1298617562523241,0.12938297984340502,0.00047877640891907935
2020-12-06|20260611|9f2e086d39ae4b855ba21604367109e8e9ce00f96010c5ec65c380d317986abc,fb026ef6fbbca387,2020/21,2020/21|2020W49,2020-12-06,2020-12-06,2020-11-30,6,west_brom,crystal_palace,2,0.21813618988358813,0.21896665102096718,-0.0008304611373790571
2020-12-12|20260611|9f2e086d39ae4b855ba21604367109e8e9ce00f96010c5ec65c380d317986abc,fb0ec30e5f7d7c6d,2020/21,2020/21|2020W50,2020-12-12,2020-12-12,2020-12-07,5,everton,chelsea,0,0.39603581928541887,0.39492937168683495,0.001106447598583915
2021-03-04|20260611|9f2e086d39ae4b855ba21604367109e8e9ce00f96010c5ec65c380d317986abc,fb95d6c8a867fa51,2020/21,2020/21|2021W09,2021-03-04,2021-03-04,2021-03-01,3,liverpool,chelsea,2,0.4377478231663403,0.4349385620388069,0.0028092611275334356
2023-04-26|20260611|9f2e086d39ae4b855ba21604367109e8e9ce00f96010c5ec65c380d317986abc,fbe18d980dbfec69,2022/23,2022/23|2023W17,2023-04-26,2023-04-26,2023-04-25,1,west_ham,liverpool,2,0.10421002297619884,0.10374310687102764,0.00046691610517120286
2024-03-16|20260611|9f2e086d39ae4b855ba21604367109e8e9ce00f96010c5ec65c380d317986abc,fbf92b0a24fc4411,2023/24,2023/24|2024W11,2024-03-16,2024-03-16,2024-03-11,5,luton,nottm_forest,1,0.15248905966023998,0.15083154178397123,0.0016575178762687492
2024-02-18|20260611|9f2e086d39ae4b855ba21604367109e8e9ce00f96010c5ec65c380d317986abc,fc043f2c97e65629,2023/24,2023/24|2024W07,2024-02-18,2024-02-18,2024-02-12,6,luton,man_united,2,0.13119877856836326,0.13493280736444943,-0.0037340287960861696
2021-02-06|20260611|9f2e086d39ae4b855ba21604367109e8e9ce00f96010c5ec65c380d317986abc,fc1cba7cc9400402,2020/21,2020/21|2021W05,2021-02-06,2021-02-06,2021-02-02,4,burnley,brighton,1,0.11951313541368366,0.12246606096584844,-0.0029529255521647813
2024-12-21|20260611|9f2e086d39ae4b855ba21604367109e8e9ce00f96010c5ec65c380d317986abc,fc455b8cb2747c08,2024/25,2024/25|2024W51,2024-12-21,2024-12-21,2024-12-16,5,crystal_palace,arsenal,2,0.09482594019590825,0.09503849273968082,-0.00021255254377257338
2024-02-03|20260611|9f2e086d39ae4b855ba21604367109e8e9ce00f96010c5ec65c380d317986abc,fc52643d7f3d789d,2023/24,2023/24|2024W05,2024-02-03,2024-02-03,2024-01-30,4,newcastle,luton,1,0.238411451418178,0.259972383486817,-0.021560932068639016
2024-12-01|20260611|9f2e086d39ae4b855ba21604367109e8e9ce00f96010c5ec65c380d317986abc,fc62c479bb86f31b,2024/25,2024/25|2024W48,2024-12-01,2024-12-01,2024-11-25,6,man_united,everton,0,0.12102794925524823,0.11972856021217,0.0012993890430782334
2023-04-05|20260611|9f2e086d39ae4b855ba21604367109e8e9ce00f96010c5ec65c380d317986abc,fc864209ddd78613,2022/23,2022/23|2023W14,2023-04-05,2023-04-05,2023-04-03,2,man_united,brentford,0,0.15388401912424582,0.15377733016135248,0.00010668896289334207
2024-05-05|20260611|9f2e086d39ae4b855ba21604367109e8e9ce00f96010c5ec65c380d317986abc,fd1ea2386a5342f6,2023/24,2023/24|2024W18,2024-05-05,2024-05-05,2024-05-02,3,brighton,aston_villa,0,0.2903099468655701,0.2900426527081081,0.0002672941574620169
2021-01-01|20260611|9f2e086d39ae4b855ba21604367109e8e9ce00f96010c5ec65c380d317986abc,fd2514d1b1e680cd,2020/21,2020/21|2020W53,2021-01-01,2021-01-01,2020-12-28,4,everton,west_ham,2,0.3739020036192625,0.3780819489389541,-0.004179945319691569
2024-12-14|20260611|9f2e086d39ae4b855ba21604367109e8e9ce00f96010c5ec65c380d317986abc,fd2bc566df328154,2024/25,2024/25|2024W50,2024-12-14,2024-12-14,2024-12-09,5,wolves,ipswich,2,0.43117738150194085,0.4355086258354216,-0.004331244333480755
2023-08-20|20260611|9f2e086d39ae4b855ba21604367109e8e9ce00f96010c5ec65c380d317986abc,fd6ebfd4d9e301b7,2023/24,2023/24|2023W33,2023-08-20,2023-08-20,2023-08-14,6,west_ham,chelsea,0,0.2887313289878776,0.2872346473793743,0.001496681608503303
2023-05-20|20260611|9f2e086d39ae4b855ba21604367109e8e9ce00f96010c5ec65c380d317986abc,fd836f1c34f55219,2022/23,2022/23|2023W20,2023-05-20,2023-05-20,2023-05-15,5,wolves,everton,1,0.1310273957867893,0.13112669675789482,-9.930097110552594e-05
2021-10-02|20260611|9f2e086d39ae4b855ba21604367109e8e9ce00f96010c5ec65c380d317986abc,fd986e2b051ffbde,2021/22,2021/22|2021W39,2021-10-02,2021-10-02,2021-09-27,5,wolves,newcastle,0,0.18292530556624997,0.18288095724773828,4.4348318511688856e-05
2020-06-19|20260611|9f2e086d39ae4b855ba21604367109e8e9ce00f96010c5ec65c380d317986abc,fde381100d1cfbb8,2019/20,2019/20|2020W25,2020-06-19,2020-06-19,2020-06-17,2,tottenham,man_united,1,0.13987667626746328,0.13986771655475122,8.959712712058865e-06
2020-03-08|20260611|9f2e086d39ae4b855ba21604367109e8e9ce00f96010c5ec65c380d317986abc,fe07b17de7e9628b,2019/20,2019/20|2020W10,2020-03-08,2020-03-08,2020-03-07,1,man_united,man_city,0,0.44822715432618376,0.44737109894050825,0.0008560553856755138
2023-04-04|20260611|9f2e086d39ae4b855ba21604367109e8e9ce00f96010c5ec65c380d317986abc,fe1a8c552ca4fac4,2022/23,2022/23|2023W14,2023-04-04,2023-04-04,2023-04-03,1,leeds,nottm_forest,0,0.12684347049566583,0.1270356577834985,-0.00019218728783268468
2020-07-15|20260611|9f2e086d39ae4b855ba21604367109e8e9ce00f96010c5ec65c380d317986abc,fe339d2159af9254,2019/20,2019/20|2020W29,2020-07-15,2020-07-15,2020-07-13,2,newcastle,tottenham,2,0.16294075013596226,0.16382591861836546,-0.0008851684824031925
2022-03-06|20260611|9f2e086d39ae4b855ba21604367109e8e9ce00f96010c5ec65c380d317986abc,fe3abd293407c393,2021/22,2021/22|2022W09,2022-03-06,2022-03-06,2022-03-01,5,man_city,man_united,0,0.06540796492128025,0.06512081644321745,0.00028714847806279864
2022-09-03|20260611|9f2e086d39ae4b855ba21604367109e8e9ce00f96010c5ec65c380d317986abc,fe5d976a72567415,2022/23,2022/23|2022W35,2022-09-03,2022-09-03,2022-08-30,4,brentford,leeds,0,0.1674483843823749,0.17233516295050097,-0.004886778568126082
2021-11-07|20260611|9f2e086d39ae4b855ba21604367109e8e9ce00f96010c5ec65c380d317986abc,fee61600ca4c74d8,2021/22,2021/22|2021W44,2021-11-07,2021-11-07,2021-11-01,6,arsenal,watford,0,0.05893415181797811,0.05901126526172925,-7.711344375113671e-05
2024-10-06|20260611|9f2e086d39ae4b855ba21604367109e8e9ce00f96010c5ec65c380d317986abc,fef6ff37e4e9111b,2024/25,2024/25|2024W40,2024-10-06,2024-10-06,2024-09-30,6,brighton,tottenham,0,0.30020512216380546,0.3004570473595325,-0.00025192519572703187
2020-06-21|20260611|9f2e086d39ae4b855ba21604367109e8e9ce00f96010c5ec65c380d317986abc,fef7f5fa357636f8,2019/20,2019/20|2020W25,2020-06-21,2020-06-21,2020-06-17,4,everton,liverpool,1,0.23840075366279118,0.23780752332908844,0.0005932303337027323
2024-09-01|20260611|9f2e086d39ae4b855ba21604367109e8e9ce00f96010c5ec65c380d317986abc,ff654e82ec48de38,2024/25,2024/25|2024W35,2024-09-01,2024-09-01,2024-08-31,1,man_united,liverpool,2,0.14238280107009765,0.14274488357049567,-0.0003620825003980144
2024-03-09|20260611|9f2e086d39ae4b855ba21604367109e8e9ce00f96010c5ec65c380d317986abc,ffa524f75be9dd47,2023/24,2023/24|2024W10,2024-03-09,2024-03-09,2024-03-04,5,wolves,fulham,0,0.2556736021894161,0.25420143486895735,0.0014721673204587393
2019-08-24|20260611|9f2e086d39ae4b855ba21604367109e8e9ce00f96010c5ec65c380d317986abc,ffab3e98aed3d008,2019/20,2019/20|2019W34,2019-08-24,2019-08-24,2019-08-19,5,sheffield_united,leicester,2,0.2527321687707367,0.25108331745307144,0.0016488513176652342
2021-12-12|20260611|9f2e086d39ae4b855ba21604367109e8e9ce00f96010c5ec65c380d317986abc,ffc1bc38d17ebad7,2021/22,2021/22|2021W49,2021-12-12,2021-12-12,2021-12-06,6,leicester,newcastle,0,0.08786154491824102,0.08861261176533251,-0.0007510668470914889
2024-02-04|20260611|9f2e086d39ae4b855ba21604367109e8e9ce00f96010c5ec65c380d317986abc,fff0def3e1b253a7,2023/24,2023/24|2024W05,2024-02-04,2024-02-04,2024-01-30,5,arsenal,liverpool,0,0.27931988825992804,0.27446209641193825,0.00485779184798979
2025-02-15|20260611|9f2e086d39ae4b855ba21604367109e8e9ce00f96010c5ec65c380d317986abc,fff43d64dc7a7bbf,2024/25,2024/25|2025W07,2025-02-15,2025-02-15,2025-02-12,3,leicester,arsenal,2,0.02750415615146365,0.027329600895132852,0.00017455525633079672
